date_of_interest,qn_case_count,qn_probable_case_count,qn_hospitalized_count,qn_death_count,qn_case_count_7day_avg,qn_probable_case_count_7day_avg,qn_all_case_count_7day_avg,qn_hospitalized_count_7day_avg,qn_death_count_7day_avg
2020-03-03,1,0,2,0,0,0,0,0,0
2020-03-04,2,0,0,0,0,0,0,0,0
2020-03-06,1,0,2,0,1,0,1,1,0
2020-03-07,3,0,4,0,1,0,1,2,0
2020-03-08,6,0,4,0,2,0,2,2,0
2020-03-09,10,0,8,0,3,0,3,3,0
2020-03-10,24,0,23,0,7,0,7,6,0
2020-03-11,40,0,23,1,12,0,12,10,0
2020-03-12,80,0,35,0,23,0,23,14,0
2020-03-13,166,0,49,0,47,0,47,21,0
2020-03-14,194,0,72,1,74,0,74,31,0
2020-03-15,231,0,67,1,106,0,106,40,0
2020-03-16,528,1,114,4,180,0,181,55,1
2020-03-17,650,0,128,3,270,0,270,70,1
2020-03-18,835,0,152,9,383,0,384,88,3
2020-03-19,1065,0,208,6,524,0,524,113,3
2020-03-20,1185,1,247,10,670,0,670,141,5
2020-03-21,947,0,244,14,777,0,778,166,7
2020-03-22,696,0,229,14,844,0,844,189,9
2020-03-23,1192,8,390,36,939,1,940,228,13
2020-03-24,1389,5,420,40,1044,2,1046,270,18
2020-03-25,1570,3,447,36,1149,2,1152,312,22
2020-03-26,1644,19,451,79,1232,5,1237,347,33
2020-03-27,1576,17,513,74,1288,7,1295,385,42
2020-03-28,1201,17,451,109,1324,10,1334,414,55
2020-03-29,1075,21,504,115,1378,13,1391,454,70
2020-03-30,1859,27,609,125,1473,16,1489,485,83
2020-03-31,1811,30,592,126,1534,19,1553,510,95
2020-04-01,1781,38,579,182,1564,24,1588,528,116
2020-04-02,1826,60,570,200,1590,30,1620,545,133
2020-04-03,1762,51,559,210,1616,35,1651,552,152
2020-04-04,1203,62,521,220,1617,41,1658,562,168
2020-04-05,1136,58,437,239,1625,47,1672,552,186
2020-04-06,1927,65,547,267,1635,52,1687,544,206
2020-04-07,1949,64,532,248,1655,57,1712,535,224
2020-04-08,1857,64,514,247,1666,61,1726,526,233
2020-04-09,1560,57,426,229,1628,60,1688,505,237
2020-04-10,1342,68,437,223,1568,63,1630,488,239
2020-04-11,987,61,329,225,1537,62,1599,460,240
2020-04-12,916,45,298,219,1505,61,1566,440,237
2020-04-13,974,50,342,242,1369,58,1428,411,233
2020-04-14,1300,41,336,202,1277,55,1332,383,227
2020-04-15,1180,29,262,177,1180,50,1230,347,217
2020-04-16,1139,46,236,179,1120,49,1168,320,210
2020-04-17,1099,29,252,151,1085,43,1128,294,199
2020-04-18,705,42,184,178,1045,40,1085,273,193
2020-04-19,866,23,173,157,1038,37,1075,255,184
2020-04-20,1223,30,186,154,1073,34,1107,233,171
2020-04-21,937,34,172,137,1021,33,1055,209,162
2020-04-22,1109,24,154,110,1011,33,1044,194,152
2020-04-23,793,30,136,136,962,30,992,180,146
2020-04-24,775,19,138,117,915,29,944,163,141
2020-04-25,540,23,89,105,892,26,918,150,131
2020-04-26,331,7,100,96,815,24,839,139,122
2020-04-27,723,15,107,106,744,22,766,128,115
2020-04-28,896,8,106,81,738,18,756,119,107
2020-04-29,691,10,87,90,678,16,694,109,104
2020-04-30,592,8,79,75,650,13,663,101,96
2020-05-01,621,12,81,89,628,12,640,93,92
2020-05-02,333,8,64,69,598,10,608,89,87
2020-05-03,251,11,69,66,587,10,597,85,82
2020-05-04,437,4,59,59,546,9,555,78,76
2020-05-05,462,6,49,52,484,8,492,70,71
2020-05-06,443,4,54,63,448,8,456,65,68
2020-05-07,358,2,50,42,415,7,422,61,63
2020-05-08,344,7,42,55,375,6,381,55,58
2020-05-09,256,0,33,33,364,5,369,51,53
2020-05-10,85,1,18,38,341,3,344,44,49
2020-05-11,376,1,58,28,332,3,335,43,44
2020-05-12,314,5,26,23,311,3,314,40,40
2020-05-13,307,2,27,32,291,3,294,36,36
2020-05-14,332,3,44,26,288,3,290,35,34
2020-05-15,265,1,31,28,276,2,278,34,30
2020-05-16,136,5,30,26,259,3,262,33,29
2020-05-17,106,5,27,30,262,3,265,35,28
2020-05-18,275,3,33,25,248,3,251,31,27
2020-05-19,287,2,25,14,244,3,247,31,26
2020-05-20,256,3,15,27,237,3,240,29,25
2020-05-21,311,0,19,9,234,3,236,26,23
2020-05-22,237,2,26,29,230,3,233,25,23
2020-05-23,138,1,21,15,230,2,232,24,21
2020-05-24,121,2,19,15,232,2,234,23,19
2020-05-25,116,3,20,14,209,2,211,21,18
2020-05-26,269,2,21,9,207,2,209,20,17
2020-05-27,165,0,24,18,194,1,195,21,16
2020-05-28,181,2,21,10,175,2,177,22,16
2020-05-29,212,1,28,14,172,2,173,22,14
2020-05-30,110,2,14,17,168,2,169,21,14
2020-05-31,79,2,21,16,162,2,163,21,14
2020-06-01,158,1,15,16,168,1,169,21,14
2020-06-02,163,4,14,18,153,2,154,20,16
2020-06-03,148,0,19,9,150,2,152,19,14
2020-06-04,148,2,21,10,145,2,147,19,14
2020-06-05,103,6,18,5,130,2,132,17,13
2020-06-06,99,1,14,11,128,2,131,17,12
2020-06-07,74,6,10,12,128,3,130,16,12
2020-06-08,146,6,20,15,126,4,129,17,11
2020-06-09,131,5,13,10,121,4,125,16,10
2020-06-10,108,4,17,10,116,4,120,16,10
2020-06-11,114,3,15,8,111,4,115,15,10
2020-06-12,131,4,10,10,115,4,119,14,11
2020-06-13,74,4,14,2,111,5,116,14,10
2020-06-14,68,3,16,5,110,4,114,15,9
2020-06-15,123,7,11,5,107,4,111,14,7
2020-06-16,120,11,19,9,105,5,111,15,7
2020-06-17,92,3,17,9,103,5,108,15,7
2020-06-18,123,1,24,5,104,5,109,16,6
2020-06-19,123,12,8,4,103,6,109,16,6
2020-06-20,54,4,8,6,100,6,106,15,6
2020-06-21,58,2,13,7,99,6,105,14,6
2020-06-22,119,3,10,8,98,5,104,14,7
2020-06-23,121,1,13,4,99,4,102,13,6
2020-06-24,103,5,15,7,100,4,104,13,6
2020-06-25,78,4,12,5,94,4,98,11,6
2020-06-26,77,7,5,4,87,4,91,11,6
2020-06-27,60,5,6,1,88,4,92,11,5
2020-06-28,57,3,12,4,88,4,92,10,5
2020-06-29,132,7,14,6,90,5,94,11,4
2020-06-30,114,6,10,5,89,5,94,11,5
2020-07-01,94,6,12,3,87,5,93,10,4
2020-07-02,117,2,14,2,93,5,98,10,4
2020-07-03,64,2,4,3,91,4,96,10,3
2020-07-04,32,3,9,0,87,4,91,11,3
2020-07-05,38,1,12,1,84,4,88,11,3
2020-07-06,117,6,19,2,82,4,86,11,2
2020-07-07,106,6,12,2,81,4,85,12,2
2020-07-08,88,4,4,4,80,3,84,11,2
2020-07-09,94,6,11,0,77,4,81,10,2
2020-07-10,91,4,15,1,81,4,85,12,1
2020-07-11,86,3,9,4,89,4,93,12,2
2020-07-12,69,3,6,3,93,5,98,11,2
2020-07-13,138,6,11,4,96,5,101,10,3
2020-07-14,121,3,15,3,98,4,102,10,3
2020-07-15,92,8,10,8,99,5,103,11,3
2020-07-16,109,6,7,3,101,5,106,10,4
2020-07-17,106,8,17,6,103,5,108,11,4
2020-07-18,49,7,8,2,98,6,104,11,4
2020-07-19,45,7,16,1,94,6,101,12,4
2020-07-20,109,10,7,2,90,7,97,11,4
2020-07-21,100,5,6,1,87,7,94,10,3
2020-07-22,76,9,11,5,85,7,92,10,3
2020-07-23,63,2,7,4,78,7,85,10,3
2020-07-24,76,3,11,2,74,6,80,9,2
2020-07-25,46,5,8,3,74,6,79,9,3
2020-07-26,33,6,5,2,72,6,78,8,3
2020-07-27,79,2,10,0,68,5,72,8,2
2020-07-28,73,2,7,4,64,4,68,8,3
2020-07-29,67,8,5,1,62,4,66,8,2
2020-07-30,61,5,11,1,62,4,67,8,2
2020-07-31,58,6,6,2,60,5,64,7,2
2020-08-01,54,0,1,1,61,4,65,6,2
2020-08-02,33,2,12,0,61,4,64,7,1
2020-08-03,84,7,8,1,61,4,66,7,1
2020-08-04,46,3,6,2,58,4,62,7,1
2020-08-05,80,4,12,3,59,4,63,8,1
2020-08-06,66,5,7,1,60,4,64,7,1
2020-08-07,57,8,3,2,60,4,64,7,1
2020-08-08,43,6,5,0,58,5,63,8,1
2020-08-09,36,5,6,2,59,5,64,7,2
2020-08-10,77,9,9,2,58,6,64,7,2
2020-08-11,51,3,2,1,59,6,64,6,2
2020-08-12,86,8,11,1,59,6,66,6,1
2020-08-13,67,2,10,0,60,6,65,7,1
2020-08-14,69,4,14,0,61,5,67,8,1
2020-08-15,42,4,5,0,61,5,66,8,1
2020-08-16,39,3,5,2,62,5,66,8,1
2020-08-17,95,9,15,2,64,5,69,9,1
2020-08-18,87,8,12,0,69,5,75,10,1
2020-08-19,69,9,7,0,67,6,72,10,1
2020-08-20,54,7,10,1,65,6,71,10,1
2020-08-21,60,12,9,3,64,7,71,9,1
2020-08-22,34,7,7,2,63,8,70,9,1
2020-08-23,40,4,11,0,63,8,71,10,1
2020-08-24,84,6,5,0,61,8,69,9,1
2020-08-25,69,8,8,0,59,8,66,8,1
2020-08-26,66,4,5,3,58,7,65,8,1
2020-08-27,61,5,10,0,59,7,66,8,1
2020-08-28,52,6,7,2,58,6,64,8,1
2020-08-29,32,3,4,0,58,5,63,7,1
2020-08-30,42,4,6,2,58,5,63,6,1
2020-08-31,77,3,12,0,57,5,62,7,1
2020-09-01,73,4,5,1,58,4,62,7,1
2020-09-02,69,3,10,1,58,4,62,8,1
2020-09-03,90,11,7,0,62,5,67,7,1
2020-09-04,59,4,9,2,63,5,68,8,1
2020-09-05,34,3,5,0,63,5,68,8,1
2020-09-06,62,6,8,2,66,5,71,8,1
2020-09-07,52,9,6,0,63,6,68,7,1
2020-09-08,98,8,6,0,66,6,73,7,1
2020-09-09,82,11,10,1,68,7,76,7,1
2020-09-10,70,8,7,1,65,7,72,7,1
2020-09-11,77,10,7,1,68,8,76,7,1
2020-09-12,61,6,4,3,72,8,80,7,1
2020-09-13,68,7,5,1,73,8,81,6,1
2020-09-14,105,9,5,2,80,8,89,6,1
2020-09-15,81,12,8,2,78,9,87,7,2
2020-09-16,94,13,10,3,79,9,89,7,2
2020-09-17,104,9,5,1,84,9,94,6,2
2020-09-18,69,11,7,0,83,10,93,6,2
2020-09-19,60,6,7,1,83,10,93,7,1
2020-09-20,43,6,3,1,79,9,89,6,1
2020-09-21,122,8,6,0,82,9,91,7,1
2020-09-22,107,11,13,0,86,9,95,7,1
2020-09-23,115,9,7,0,89,9,97,7,0
2020-09-24,100,14,11,0,88,9,97,8,0
2020-09-25,125,10,11,1,96,9,105,8,0
2020-09-26,61,9,9,1,96,10,106,9,0
2020-09-27,106,20,8,0,105,12,117,9,0
2020-09-28,110,11,14,2,103,12,115,10,1
2020-09-29,175,16,13,2,113,13,126,10,1
2020-09-30,136,17,9,0,116,14,130,11,1
2020-10-01,145,21,6,4,123,15,137,10,1
2020-10-02,140,21,13,2,125,16,141,10,2
2020-10-03,98,11,5,2,130,17,147,10,2
2020-10-04,84,18,11,3,127,16,143,10,2
2020-10-05,196,19,17,0,139,18,157,11,2
2020-10-06,145,20,11,1,135,18,153,10,2
2020-10-07,132,23,10,1,134,19,153,10,2
2020-10-08,112,19,8,2,130,19,148,11,2
2020-10-09,143,30,13,1,130,20,150,11,1
2020-10-10,99,14,7,2,130,20,151,11,1
2020-10-11,85,11,11,1,130,19,150,11,1
2020-10-12,116,16,13,1,119,19,138,10,1
2020-10-13,128,27,16,2,116,20,136,11,1
2020-10-14,159,35,20,1,120,22,142,13,1
2020-10-15,143,29,20,4,125,23,148,14,2
2020-10-16,133,27,12,1,123,23,146,14,2
2020-10-17,110,33,9,1,125,25,150,14,2
2020-10-18,123,26,11,0,130,28,158,14,1
2020-10-19,178,51,18,0,139,33,172,15,1
2020-10-20,154,47,19,3,143,35,178,16,1
2020-10-21,188,51,12,1,147,38,185,14,1
2020-10-22,182,54,16,1,153,41,194,14,1
2020-10-23,161,52,18,1,157,45,201,15,1
2020-10-24,103,37,6,1,156,45,201,14,1
2020-10-25,87,33,7,1,150,46,197,14,1
2020-10-26,154,59,22,2,147,48,195,14,1
2020-10-27,180,50,6,1,151,48,199,12,1
2020-10-28,202,59,14,1,153,49,202,13,1
2020-10-29,156,62,12,1,149,50,199,12,1
2020-10-30,168,54,20,1,150,51,201,12,1
2020-10-31,117,30,13,2,152,50,202,13,1
2020-11-01,102,51,11,2,154,52,206,14,1
2020-11-02,220,93,18,1,164,57,221,13,1
2020-11-03,181,90,18,3,164,63,226,15,2
2020-11-04,277,106,12,1,174,69,244,15,2
2020-11-05,306,100,20,2,196,75,271,16,2
2020-11-06,297,103,20,4,214,82,296,16,2
2020-11-07,250,87,23,4,233,90,323,17,2
2020-11-08,226,77,16,2,251,94,345,18,2
2020-11-09,417,144,21,4,279,101,380,19,3
2020-11-10,408,131,22,1,312,107,418,19,3
2020-11-11,447,116,28,2,336,108,444,21,3
2020-11-12,406,121,19,2,350,111,461,21,3
2020-11-13,430,159,20,1,369,119,488,21,2
2020-11-14,324,132,23,1,380,126,505,21,2
2020-11-15,243,122,28,1,382,132,514,23,2
2020-11-16,503,135,44,1,394,131,525,26,1
2020-11-17,422,165,31,4,396,136,532,28,2
2020-11-18,446,136,30,6,396,139,535,28,2
2020-11-19,457,141,38,2,404,141,545,31,2
2020-11-20,458,135,36,2,408,138,546,33,2
2020-11-21,325,98,41,0,408,133,541,35,2
2020-11-22,287,110,30,5,414,131,545,36,3
2020-11-23,605,155,38,4,429,134,563,35,3
2020-11-24,535,176,42,4,445,136,581,36,3
2020-11-25,635,188,42,1,472,143,615,38,3
2020-11-26,204,111,43,0,436,139,575,39,2
2020-11-27,650,201,38,4,463,148,611,39,3
2020-11-28,509,153,42,2,489,156,646,39,3
2020-11-29,506,168,48,4,521,165,685,42,3
2020-11-30,734,226,60,7,539,175,714,45,3
2020-12-01,858,275,64,5,585,189,774,48,3
2020-12-02,843,231,51,6,615,195,810,49,4
2020-12-03,783,273,57,4,698,218,916,51,5
2020-12-04,757,235,41,7,713,223,936,52,5
2020-12-05,597,186,58,9,725,228,953,54,6
2020-12-06,517,200,46,11,727,232,959,54,7
2020-12-07,966,309,61,7,760,244,1004,54,7
2020-12-08,900,266,56,5,766,243,1009,53,7
2020-12-09,851,328,62,8,767,257,1024,54,7
2020-12-10,897,267,72,9,784,256,1039,57,8
2020-12-11,880,306,68,10,801,266,1067,60,8
2020-12-12,699,186,59,9,816,266,1082,61,8
2020-12-13,676,296,78,5,838,280,1118,65,8
2020-12-14,1005,334,79,13,844,283,1127,68,8
2020-12-15,1092,292,62,9,871,287,1158,69,9
2020-12-16,811,225,65,9,866,272,1138,69,9
2020-12-17,489,225,63,11,807,266,1074,68,9
2020-12-18,928,259,71,12,814,260,1074,68,10
2020-12-19,797,215,73,8,828,264,1092,70,10
2020-12-20,698,206,68,7,831,251,1082,69,10
2020-12-21,1288,317,91,18,872,248,1120,70,11
2020-12-22,1207,273,71,14,888,246,1134,72,11
2020-12-23,1184,264,74,7,942,251,1193,73,11
2020-12-24,874,234,81,17,997,253,1249,76,12
2020-12-25,298,185,76,8,907,242,1149,76,11
2020-12-26,1072,292,78,11,946,253,1199,77,12
2020-12-27,867,317,67,9,970,269,1239,77,12
2020-12-28,1531,389,108,12,1005,279,1284,79,11
2020-12-29,1602,318,98,10,1061,286,1347,83,11
2020-12-30,1491,326,93,12,1105,294,1399,86,11
2020-12-31,1007,269,81,11,1124,299,1423,86,10
2021-01-01,434,256,94,5,1143,310,1453,88,10
2021-01-02,1341,322,100,16,1182,314,1496,92,11
2021-01-03,1092,308,102,12,1214,313,1527,97,11
2021-01-04,1880,419,116,15,1264,317,1581,98,12
2021-01-05,1819,413,103,21,1295,330,1625,98,13
2021-01-06,1687,387,122,23,1323,339,1662,103,15
2021-01-07,1573,352,121,13,1404,351,1755,108,15
2021-01-08,1602,371,119,21,1571,367,1938,112,17
2021-01-09,1189,257,112,20,1549,358,1907,114,18
2021-01-10,1019,256,96,21,1538,351,1889,113,19
2021-01-11,1705,384,108,32,1513,346,1859,112,22
2021-01-12,1540,335,103,21,1474,335,1808,112,22
2021-01-13,1530,327,113,32,1451,326,1777,110,23
2021-01-14,1539,293,121,26,1446,318,1764,110,25
2021-01-15,1494,309,110,22,1431,309,1740,109,25
2021-01-16,1060,240,121,28,1412,306,1719,110,26
2021-01-17,863,285,87,17,1390,310,1701,109,25
2021-01-18,1435,341,119,22,1352,304,1656,111,24
2021-01-19,1518,348,114,28,1348,306,1655,112,25
2021-01-20,1440,358,115,26,1336,311,1646,112,24
2021-01-21,1501,373,121,16,1330,322,1652,112,23
2021-01-22,1291,330,120,25,1301,325,1626,114,23
2021-01-23,1022,294,82,21,1296,333,1628,108,22
2021-01-24,923,275,91,24,1304,331,1636,109,23
2021-01-25,1631,388,110,21,1332,338,1670,108,23
2021-01-26,1388,347,117,28,1314,338,1652,108,23
2021-01-27,1407,303,124,24,1309,330,1639,109,23
2021-01-28,1367,317,104,27,1290,322,1612,107,24
2021-01-29,1074,243,113,28,1259,310,1568,106,25
2021-01-30,922,224,73,27,1245,300,1544,105,26
2021-01-31,911,243,88,26,1243,295,1538,104,26
2021-02-01,234,152,70,24,1043,261,1305,98,26
2021-02-02,770,143,96,24,955,232,1187,95,26
2021-02-03,1403,260,107,24,954,226,1180,93,26
2021-02-04,1398,288,120,28,959,222,1181,95,26
2021-02-05,1182,285,114,22,974,228,1202,95,25
2021-02-06,892,223,97,25,970,228,1198,99,25
2021-02-07,453,176,75,22,905,218,1123,97,24
2021-02-08,1237,294,91,21,1048,238,1286,100,24
2021-02-09,1004,273,112,21,1081,257,1338,102,23
2021-02-10,1005,287,91,26,1024,261,1285,100,24
2021-02-11,977,213,85,27,964,250,1214,95,23
2021-02-12,929,227,88,27,928,242,1170,91,24
2021-02-13,707,218,87,26,902,241,1143,90,24
2021-02-14,580,227,56,21,920,248,1168,87,24
2021-02-15,873,219,89,22,868,238,1106,87,24
2021-02-16,1024,240,93,27,871,233,1104,84,25
2021-02-17,922,285,81,25,859,233,1092,83,25
2021-02-18,554,203,81,18,798,231,1030,82,24
2021-02-19,856,250,91,20,788,235,1023,83,23
2021-02-20,785,256,86,16,799,240,1039,82,21
2021-02-21,666,201,84,20,811,236,1048,86,21
2021-02-22,981,258,85,19,827,242,1069,86,21
2021-02-23,934,303,93,24,814,251,1065,86,20
2021-02-24,943,283,118,17,817,251,1068,91,19
2021-02-25,957,258,80,22,875,258,1133,91,20
2021-02-26,889,253,105,25,879,259,1138,93,20
2021-02-27,631,227,81,21,857,255,1112,92,21
2021-02-28,573,248,69,23,844,261,1105,90,22
2021-03-01,1030,367,98,24,851,277,1128,92,22
2021-03-02,860,319,69,18,840,279,1120,89,21
2021-03-03,861,296,85,18,829,281,1110,84,22
2021-03-04,859,267,67,23,815,282,1097,82,22
2021-03-05,806,255,68,12,803,283,1086,77,20
2021-03-06,688,204,83,15,811,279,1090,77,19
2021-03-07,605,281,71,17,816,284,1100,77,18
2021-03-08,918,363,94,19,800,284,1083,77,17
2021-03-09,915,306,85,24,807,282,1089,79,18
2021-03-10,908,325,81,18,814,286,1100,78,18
2021-03-11,920,325,82,13,823,294,1117,81,17
2021-03-12,964,281,91,18,845,298,1143,84,18
2021-03-13,755,246,78,18,855,304,1159,83,18
2021-03-14,662,236,86,12,863,297,1161,85,17
2021-03-15,1093,322,95,7,888,292,1180,85,16
2021-03-16,934,257,73,19,891,285,1175,84,15
2021-03-17,942,307,70,14,896,282,1178,82,14
2021-03-18,888,289,94,17,891,277,1168,84,15
2021-03-19,895,311,66,15,881,281,1162,80,15
2021-03-20,736,292,73,16,879,288,1166,80,14
2021-03-21,681,257,97,19,881,291,1172,81,15
2021-03-22,1115,325,105,11,884,291,1176,83,16
2021-03-23,939,381,84,16,885,309,1194,84,15
2021-03-24,1011,336,91,15,895,313,1208,87,16
2021-03-25,1131,346,98,21,930,321,1251,88,16
2021-03-26,1042,342,82,19,951,326,1276,90,17
2021-03-27,741,226,78,11,951,316,1268,91,16
2021-03-28,545,191,76,19,932,307,1239,88,16
2021-03-29,1093,345,93,16,929,310,1238,86,17
2021-03-30,936,247,65,18,928,290,1219,83,17
2021-03-31,940,275,91,18,918,282,1200,83,17
2021-04-01,831,251,64,17,875,268,1144,78,17
2021-04-02,812,198,92,14,843,248,1090,80,16
2021-04-03,663,175,73,17,831,240,1072,79,17
2021-04-04,454,185,72,15,818,239,1058,79,16
2021-04-05,975,286,86,18,802,231,1033,78,17
2021-04-06,863,241,67,15,791,230,1021,78,16
2021-04-07,789,239,61,15,770,225,995,74,16
2021-04-08,788,205,71,10,763,218,982,75,15
2021-04-09,733,224,63,12,752,222,974,70,15
2021-04-10,583,151,58,21,741,219,959,68,15
2021-04-11,397,185,58,18,733,219,951,66,16
2021-04-12,743,242,64,13,699,212,912,63,15
2021-04-13,692,212,62,13,675,208,883,62,15
2021-04-14,636,198,52,10,653,202,856,61,14
2021-04-15,561,172,65,11,621,198,818,60,14
2021-04-16,564,163,55,12,597,189,786,59,14
2021-04-17,411,109,54,8,572,183,755,59,12
2021-04-18,296,154,44,7,558,179,736,57,11
2021-04-19,543,178,55,12,529,169,698,55,10
2021-04-20,433,126,39,12,492,157,649,52,10
2021-04-21,388,149,35,18,457,150,607,50,11
2021-04-22,375,134,46,12,430,145,575,47,12
2021-04-23,369,132,46,16,402,140,542,46,12
2021-04-24,255,86,29,9,380,137,517,42,12
2021-04-25,245,73,41,10,373,125,498,42,13
2021-04-26,357,101,42,7,346,114,460,40,12
2021-04-27,301,95,37,10,327,110,437,39,12
2021-04-28,362,108,36,11,323,104,428,40,11
2021-04-29,267,82,27,13,308,97,405,37,11
2021-04-30,274,81,28,11,294,89,384,34,10
2021-05-01,181,54,26,10,284,85,369,34,10
2021-05-02,165,54,16,10,272,82,355,30,10
2021-05-03,268,74,29,5,260,78,338,28,10
2021-05-04,239,56,23,6,251,73,324,26,9
2021-05-05,223,55,26,6,231,65,296,25,9
2021-05-06,229,57,30,8,226,62,287,25,8
2021-05-07,193,62,16,14,214,59,273,24,8
2021-05-08,123,34,16,5,206,56,262,22,8
2021-05-09,110,37,23,8,198,54,251,23,7
2021-05-10,178,62,24,8,185,52,237,23,8
2021-05-11,188,41,24,4,178,50,227,23,8
2021-05-12,154,49,15,5,168,49,217,21,7
2021-05-13,144,36,22,8,156,46,202,20,7
2021-05-14,160,50,24,10,151,44,195,21,7
2021-05-15,99,35,8,4,148,44,192,20,7
2021-05-16,83,35,14,5,144,44,188,19,6
2021-05-17,115,33,24,5,135,40,175,19,6
2021-05-18,102,36,18,4,122,39,162,18,6
2021-05-19,106,26,12,1,116,36,151,17,5
2021-05-20,111,18,12,0,111,33,144,16,4
2021-05-21,105,22,15,3,103,29,132,15,3
2021-05-22,68,17,13,8,99,27,125,15,4
2021-05-23,54,15,13,3,94,24,118,15,3
2021-05-24,95,35,14,3,92,24,116,14,3
2021-05-25,81,23,15,3,89,22,111,13,3
2021-05-26,74,24,10,1,84,22,106,13,3
2021-05-27,67,15,12,1,78,22,99,13,3
2021-05-28,66,19,6,3,72,21,93,12,3
2021-05-29,40,13,11,5,68,21,89,12,3
2021-05-30,29,11,3,1,65,20,85,10,2
2021-05-31,38,16,4,4,56,17,74,9,3
2021-06-01,76,13,10,1,56,16,72,8,2
2021-06-02,68,16,14,5,55,15,70,9,3
2021-06-03,61,9,9,3,54,14,68,8,3
2021-06-04,43,15,3,3,51,13,64,8,3
2021-06-05,29,18,4,2,49,14,63,7,3
2021-06-06,33,7,4,1,50,13,63,7,3
2021-06-07,46,17,8,4,51,14,64,7,3
2021-06-08,39,11,10,4,46,13,59,7,3
2021-06-09,40,10,4,3,42,12,54,6,3
2021-06-10,35,12,6,3,38,13,51,6,3
2021-06-11,52,11,6,4,39,12,51,6,3
2021-06-12,39,5,6,0,41,10,51,6,3
2021-06-13,30,10,10,1,40,11,51,7,3
2021-06-14,49,6,5,1,41,9,50,7,2
2021-06-15,57,6,4,1,43,9,52,6,2
2021-06-16,41,11,7,0,43,9,52,6,1
2021-06-17,51,12,7,1,46,9,54,6,1
2021-06-18,47,5,5,1,45,8,53,6,1
2021-06-19,24,9,3,5,43,8,51,6,1
2021-06-20,24,9,7,1,42,8,50,5,1
2021-06-21,50,10,5,2,42,9,51,5,2
2021-06-22,49,11,14,3,41,10,50,7,2
2021-06-23,48,11,6,3,42,10,51,7,2
2021-06-24,47,17,2,1,41,10,52,6,2
2021-06-25,55,8,4,0,42,11,53,6,2
2021-06-26,31,6,2,0,43,10,54,6,1
2021-06-27,23,10,10,1,43,10,54,6,1
2021-06-28,53,21,8,2,44,12,56,7,1
2021-06-29,51,17,8,1,44,13,57,6,1
2021-06-30,51,17,6,1,44,14,58,6,1
2021-07-01,52,14,7,2,45,13,58,6,1
2021-07-02,58,12,8,4,46,14,59,7,2
2021-07-03,33,12,5,2,46,15,61,7,2
2021-07-04,34,16,7,1,47,16,63,7,2
2021-07-05,53,24,4,1,47,16,63,6,2
2021-07-06,80,34,5,0,52,18,70,6,2
2021-07-07,88,35,7,0,57,21,78,6,1
2021-07-08,81,23,5,0,61,22,83,6,1
2021-07-09,88,24,13,0,65,24,89,7,1
2021-07-10,59,29,9,1,69,26,95,7,0
2021-07-11,78,30,11,0,75,28,104,8,0
2021-07-12,110,42,5,4,83,31,114,8,1
2021-07-13,97,36,8,0,86,31,117,8,1
2021-07-14,115,34,14,0,90,31,121,9,1
2021-07-15,128,49,9,3,96,35,131,10,1
2021-07-16,117,38,10,2,101,37,137,9,1
2021-07-17,77,37,9,3,103,38,141,9,2
2021-07-18,106,42,6,1,107,40,147,9,2
2021-07-19,171,65,16,1,116,43,159,10,1
2021-07-20,146,52,14,1,123,45,168,11,2
2021-07-21,197,58,15,1,135,49,183,11,2
2021-07-22,196,76,11,1,144,53,197,12,1
2021-07-23,214,64,15,1,158,56,214,12,1
2021-07-24,141,46,11,0,167,58,225,13,1
2021-07-25,168,59,12,1,176,60,236,13,1
2021-07-26,273,80,18,0,191,62,253,14,1
2021-07-27,296,84,18,1,212,67,279,14,1
2021-07-28,286,111,32,1,225,74,299,17,1
2021-07-29,318,88,18,4,242,76,318,18,1
2021-07-30,318,96,27,2,257,81,338,19,1
2021-07-31,214,102,20,0,268,89,356,21,1
2021-08-01,220,96,15,5,275,94,369,21,2
2021-08-02,388,105,26,1,291,97,389,22,2
2021-08-03,364,122,31,0,301,103,404,24,2
2021-08-04,382,110,18,1,315,103,418,22,2
2021-08-05,365,110,24,2,322,106,427,23,2
2021-08-06,418,115,28,2,336,109,444,23,2
2021-08-07,293,92,21,3,347,107,454,23,2
2021-08-08,301,99,29,1,359,108,466,25,1
2021-08-09,494,127,41,4,374,111,485,27,2
2021-08-10,407,129,29,0,380,112,492,27,2
2021-08-11,438,78,37,3,388,107,495,30,2
2021-08-12,451,92,32,0,400,105,505,31,2
2021-08-13,394,124,40,3,397,106,503,33,2
2021-08-14,253,71,20,3,391,103,494,33,2
2021-08-15,304,81,25,1,392,100,492,32,2
2021-08-16,478,120,42,0,389,99,489,32,1
2021-08-17,417,104,35,4,391,96,486,33,2
2021-08-18,460,112,24,6,394,101,494,31,2
2021-08-19,419,105,25,2,389,102,492,30,3
2021-08-20,347,91,25,3,383,98,480,28,3
2021-08-21,272,75,32,7,385,98,484,30,3
2021-08-22,156,49,28,0,364,94,458,30,3
2021-08-23,492,100,28,5,366,91,457,28,4
2021-08-24,405,81,32,2,364,88,452,28,4
2021-08-25,385,98,30,0,354,86,439,29,3
2021-08-26,388,77,31,2,349,82,431,29,3
2021-08-27,345,96,25,4,349,82,431,29,3
2021-08-28,252,74,30,4,346,82,428,29,2
2021-08-29,257,65,22,3,361,84,445,28,3
2021-08-30,392,85,32,6,346,82,429,29,3
2021-08-31,326,71,24,2,335,81,416,28,3
2021-09-01,359,59,37,6,331,75,407,29,4
2021-09-02,304,73,24,3,319,75,394,28,4
2021-09-03,331,71,22,0,317,71,388,27,3
2021-09-04,260,60,32,3,318,69,388,28,3
2021-09-05,214,52,16,4,312,67,380,27,3
2021-09-06,226,58,21,4,289,63,352,25,3
2021-09-07,372,81,27,1,295,65,360,26,3
2021-09-08,390,90,25,6,300,69,369,24,3
2021-09-09,400,94,19,8,313,72,386,23,4
2021-09-10,378,82,27,6,320,74,394,24,5
2021-09-11,287,74,22,5,324,76,400,22,5
2021-09-12,257,63,26,3,330,77,407,24,5
2021-09-13,391,90,21,2,354,82,436,24,4
2021-09-14,372,90,16,1,354,83,437,22,4
2021-09-15,351,126,29,4,348,88,436,23,4
2021-09-16,322,106,27,4,337,90,427,24,4
2021-09-17,365,102,26,1,335,93,428,24,3
2021-09-18,264,95,22,7,332,96,428,24,3
2021-09-19,213,117,14,5,325,104,429,22,3
2021-09-20,403,137,19,3,327,110,438,22,4
2021-09-21,324,117,22,7,320,114,435,23,4
2021-09-22,307,120,24,5,314,113,427,22,5
2021-09-23,324,117,20,5,314,115,429,21,5
2021-09-24,295,119,24,2,304,117,422,21,5
2021-09-25,191,82,21,5,294,116,409,21,5
2021-09-26,201,93,13,3,292,112,404,20,4
2021-09-27,296,105,19,5,277,108,384,20,5
2021-09-28,296,107,22,4,273,106,379,20,4
2021-09-29,269,106,13,8,267,104,372,19,5
2021-09-30,239,96,17,4,255,101,356,18,4
2021-10-01,256,110,31,3,250,100,350,19,5
2021-10-02,155,75,20,6,245,99,343,19,5
2021-10-03,217,69,15,2,247,95,342,20,5
2021-10-04,292,111,19,3,246,96,343,20,4
2021-10-05,267,82,14,3,242,93,335,18,4
2021-10-06,229,87,22,2,236,90,326,20,3
2021-10-07,272,98,20,4,241,90,331,20,3
2021-10-08,190,107,10,5,232,90,322,17,4
2021-10-09,143,47,13,4,230,86,316,16,3
2021-10-10,150,47,7,4,220,83,303,15,4
2021-10-11,224,77,15,6,211,78,289,14,4
2021-10-12,239,70,18,2,207,76,283,15,4
2021-10-13,237,50,14,5,208,71,279,14,4
2021-10-14,203,65,17,4,198,66,264,13,4
2021-10-15,207,67,20,4,200,60,261,15,4
2021-10-16,136,44,16,1,199,60,259,15,4
2021-10-17,131,47,9,4,197,60,257,16,4
2021-10-18,179,65,18,3,190,58,249,16,3
2021-10-19,171,42,11,3,181,54,235,15,3
2021-10-20,175,53,9,2,172,55,226,14,3
2021-10-21,166,35,18,6,166,50,217,14,3
2021-10-22,139,54,10,3,157,49,205,13,3
2021-10-23,79,31,10,5,149,47,195,12,4
2021-10-24,83,31,9,4,142,44,186,12,4
2021-10-25,187,44,11,2,143,41,184,11,4
2021-10-26,125,33,9,2,136,40,176,11,3
2021-10-27,154,49,14,3,133,40,173,12,4
2021-10-28,145,32,8,2,130,39,169,10,3
2021-10-29,145,51,8,2,131,39,170,10,3
2021-10-30,101,39,5,4,134,40,174,9,3
2021-10-31,109,41,8,5,138,41,179,9,3
2021-11-01,195,66,13,1,139,44,184,9,3
2021-11-02,191,50,10,2,149,47,195,9,3
2021-11-03,202,95,9,3,155,53,209,9,3
2021-11-04,187,67,15,0,161,58,220,10,2
2021-11-05,186,69,5,1,167,61,228,9,2
2021-11-06,136,48,8,5,172,62,235,10,2
2021-11-07,135,41,9,2,176,62,238,10,2
2021-11-08,270,66,8,3,187,62,249,9,2
2021-11-09,246,75,11,2,195,66,260,9,2
2021-11-10,256,91,12,2,202,65,268,10,2
2021-11-11,225,77,13,1,208,67,274,9,2
2021-11-12,256,87,12,3,218,69,287,10,3
2021-11-13,153,53,10,0,220,70,290,11,2
2021-11-14,169,72,12,1,225,74,299,11,2
2021-11-15,321,92,16,3,232,78,310,12,2
2021-11-16,303,114,13,4,240,84,324,13,2
2021-11-17,353,91,11,2,254,84,338,12,2
2021-11-18,318,84,16,3,268,85,352,13,2
2021-11-19,330,118,21,4,278,89,367,14,2
2021-11-20,253,87,13,4,292,94,386,15,3
2021-11-21,233,103,13,2,302,98,400,15,3
2021-11-22,414,127,18,3,315,103,418,15,3
2021-11-23,353,107,20,1,322,102,424,16,3
2021-11-24,386,147,16,2,327,110,437,17,3
2021-11-25,148,61,23,3,302,107,410,18,3
2021-11-26,352,129,23,4,306,109,414,18,3
2021-11-27,307,105,18,2,313,111,425,19,2
2021-11-28,333,131,23,6,328,115,443,20,3
2021-11-29,684,159,20,3,366,120,486,20,3
2021-11-30,574,173,33,2,398,129,527,22,3
2021-12-01,584,216,25,4,426,139,565,24,3
2021-12-02,561,197,23,3,485,159,644,24,3
2021-12-03,554,183,34,2,514,166,680,25,3
2021-12-04,411,119,20,3,529,168,697,25,3
2021-12-05,419,180,31,4,541,175,716,27,3
2021-12-06,748,213,38,2,550,183,733,29,3
2021-12-07,745,187,42,3,575,185,760,30,3
2021-12-08,738,218,48,4,597,185,782,34,3
2021-12-09,748,190,44,3,623,184,808,37,3
2021-12-10,775,194,39,6,655,186,841,37,4
2021-12-11,591,99,34,3,681,183,864,39,4
2021-12-12,661,176,41,4,715,182,898,41,4
2021-12-13,1575,313,61,9,833,197,1030,44,5
2021-12-14,1942,363,56,6,1004,222,1226,46,5
2021-12-15,2407,400,55,1,1243,248,1491,47,5
2021-12-16,2619,514,77,1,1510,294,1804,52,4
2021-12-17,2767,440,78,5,1795,329,2124,57,4
2021-12-18,2329,384,71,5,2043,370,2413,63,4
2021-12-19,2634,458,84,6,2325,410,2735,69,5
2021-12-20,5987,766,99,0,2955,475,3430,74,3
2021-12-21,7465,865,123,4,3744,547,4291,84,3
2021-12-22,8164,1236,180,11,4566,666,5233,102,5
2021-12-23,8572,885,161,7,5417,719,6136,114,5
2021-12-24,4885,599,132,12,5719,742,6461,121,6
2021-12-25,2164,352,139,10,5696,737,6433,131,7
2021-12-26,6585,878,162,13,6260,797,7058,142,8
2021-12-27,14236,1497,197,12,7439,902,8340,156,10
2021-12-28,14362,954,207,13,8424,914,9338,168,11
2021-12-29,14766,1559,216,6,9367,961,10328,173,10
2021-12-30,13961,1512,206,9,10137,1050,11187,180,11
2021-12-31,8991,868,198,15,10724,1089,11812,189,11
2022-01-01,3734,544,209,18,10948,1116,12064,199,12
2022-01-02,9896,916,313,25,11421,1121,12542,221,14
2022-01-03,15243,1608,260,24,11565,1137,12702,230,16
2022-01-04,13420,1528,219,24,11430,1219,12649,232,17
2022-01-05,11472,1279,264,30,10960,1179,12139,238,21
2022-01-06,10504,1086,214,25,10466,1118,11584,240,23
2022-01-07,6439,743,188,39,10101,1101,11202,238,26
2022-01-08,5026,627,168,33,10286,1112,11398,232,29
2022-01-09,4573,543,168,31,9525,1059,10584,212,29
2022-01-10,7312,939,207,30,8392,964,9356,204,30
2022-01-11,5460,644,175,44,7255,837,8092,198,33
2022-01-12,5420,644,204,27,6391,747,7137,189,33
2022-01-13,4818,543,200,35,5578,669,6247,187,34
2022-01-14,3835,554,163,40,5206,642,5848,184,34
2022-01-15,2115,280,118,25,4790,592,5383,176,33
2022-01-16,2060,246,123,27,4431,550,4981,170,33
2022-01-17,2765,361,140,33,3782,467,4249,160,33
2022-01-18,2954,346,138,37,3424,425,3849,155,32
2022-01-19,2474,262,101,26,3003,370,3373,140,32
2022-01-20,1888,239,101,36,2584,327,2911,126,32
2022-01-21,1712,197,77,31,2281,276,2557,114,31
2022-01-22,1159,161,85,24,2145,259,2403,109,31
2022-01-23,982,163,78,28,1991,247,2238,103,31
2022-01-24,1551,178,73,31,1817,221,2038,93,30
2022-01-25,1247,138,76,28,1573,191,1764,84,29
2022-01-26,1074,142,72,35,1373,174,1547,80,30
2022-01-27,952,102,58,23,1240,154,1394,74,29
2022-01-28,756,82,52,21,1103,138,1241,71,27
2022-01-29,127,10,39,19,956,116,1072,64,26
2022-01-30,364,66,37,25,867,103,970,58,26
2022-01-31,706,82,46,18,747,89,835,54,24
2022-02-01,528,69,54,27,644,79,723,51,24
2022-02-02,542,63,48,27,568,68,636,48,23
2022-02-03,457,36,28,19,497,58,555,43,22
2022-02-04,426,43,43,13,450,53,503,42,21
2022-02-05,266,50,30,13,470,58,528,41,20
2022-02-06,239,45,38,7,452,55,507,41,18
2022-02-07,404,50,28,8,409,51,460,38,16
2022-02-08,314,32,28,12,378,46,424,35,14
2022-02-09,329,35,29,16,348,42,389,32,13
2022-02-10,326,29,16,13,329,41,370,30,12
2022-02-11,229,29,31,9,301,39,340,29,11
2022-02-12,150,22,10,11,284,35,319,26,11
2022-02-13,110,16,13,7,266,30,296,22,11
2022-02-14,218,31,19,2,239,28,267,21,10
2022-02-15,206,33,16,13,224,28,252,19,10
2022-02-16,219,10,21,11,208,24,233,18,9
2022-02-17,205,27,22,7,191,24,215,19,9
2022-02-18,174,21,20,7,183,23,206,17,8
2022-02-19,125,18,13,12,180,22,202,18,8
2022-02-20,74,18,7,4,174,23,197,17,8
2022-02-21,160,19,12,12,166,21,187,16,9
2022-02-22,153,26,13,4,159,20,178,15,8
2022-02-23,140,12,10,7,147,20,167,14,8
2022-02-24,164,18,12,3,141,19,160,12,7
2022-02-25,119,11,11,6,134,17,151,11,7
2022-02-26,69,14,9,4,126,17,142,11,6
2022-02-27,68,10,9,7,125,16,140,11,6
2022-02-28,155,26,17,1,124,17,141,12,5
2022-03-01,111,22,10,8,118,16,134,11,5
2022-03-02,122,27,9,4,115,18,134,11,5
2022-03-03,123,20,9,2,110,19,128,11,5
2022-03-04,106,9,14,4,108,18,126,11,4
2022-03-05,66,20,7,1,107,19,126,11,4
2022-03-06,69,7,5,3,107,19,126,10,3
2022-03-07,110,18,7,5,101,18,119,9,4
2022-03-08,111,12,3,1,101,16,117,8,3
2022-03-09,109,17,7,4,99,15,114,7,3
2022-03-10,119,20,9,2,99,15,113,7,3
2022-03-11,104,17,3,4,98,16,114,6,3
2022-03-12,60,11,6,2,97,15,112,6,3
2022-03-13,93,13,11,2,101,15,116,7,3
2022-03-14,147,29,13,4,106,17,123,7,3
2022-03-15,141,24,3,0,110,19,129,7,3
2022-03-16,154,29,7,5,117,20,137,7,3
2022-03-17,125,21,8,1,118,21,138,7,3
2022-03-18,154,25,17,1,125,22,147,9,2
2022-03-19,90,29,1,1,129,24,153,9,2
2022-03-20,134,35,7,2,135,27,162,8,2
2022-03-21,208,37,3,0,144,29,172,7,1
2022-03-22,214,38,4,2,154,31,185,7,2
2022-03-23,225,36,3,0,164,32,196,6,1
2022-03-24,217,36,6,1,177,34,211,6,1
2022-03-25,211,38,14,2,186,36,221,5,1
2022-03-26,128,28,10,0,191,35,226,7,1
2022-03-27,150,33,5,1,193,35,228,6,1
2022-03-28,304,57,10,0,207,38,245,7,1
2022-03-29,261,67,11,2,214,42,256,8,1
2022-03-30,309,54,13,1,226,45,270,10,1
2022-03-31,277,55,9,1,234,47,282,10,1
2022-04-01,285,63,5,2,245,51,296,9,1
2022-04-02,175,42,8,1,252,53,305,9,1
2022-04-03,189,43,4,0,257,54,312,9,1
2022-04-04,458,83,10,2,279,58,337,9,1
2022-04-05,368,55,6,1,294,56,351,8,1
2022-04-06,386,77,11,1,305,60,365,8,1
2022-04-07,380,58,11,2,320,60,380,8,1
2022-04-08,427,65,9,1,340,60,401,8,1
2022-04-09,263,54,14,1,353,62,415,9,1
2022-04-10,239,52,10,1,360,63,424,10,1
2022-04-11,502,94,14,1,366,65,431,11,1
2022-04-12,495,83,10,0,385,69,454,11,1
2022-04-13,577,90,8,1,412,71,483,11,1
2022-04-14,551,103,10,3,436,77,514,11,1
2022-04-15,479,105,16,0,444,83,527,12,1
2022-04-16,329,89,11,2,453,88,541,11,1
2022-04-17,234,76,13,2,452,91,544,12,1
2022-04-18,565,97,14,0,461,92,553,12,1
2022-04-19,597,106,18,2,476,95,571,13,1
2022-04-20,582,105,10,1,477,97,574,13,1
2022-04-21,494,115,13,0,469,99,568,14,1
2022-04-22,518,121,24,2,474,101,575,15,1
2022-04-23,405,109,14,1,485,104,589,15,1
2022-04-24,429,134,14,3,513,112,625,15,1
2022-04-25,768,181,16,1,542,124,666,16,1
2022-04-26,758,167,26,1,565,133,698,17,1
2022-04-27,759,142,17,3,590,138,729,18,2
2022-04-28,762,160,15,0,628,145,773,18,2
2022-04-29,763,147,18,2,663,149,812,17,2
2022-04-30,491,117,22,2,676,150,825,18,2
2022-05-01,479,156,17,1,683,153,836,19,1
2022-05-02,1001,207,15,0,716,157,873,19,1
2022-05-03,1067,177,23,2,760,158,918,18,1
2022-05-04,1046,232,14,1,801,171,972,18,1
2022-05-05,1085,204,24,1,847,177,1025,19,1
2022-05-06,982,193,26,1,879,184,1062,20,1
2022-05-07,567,127,14,3,890,185,1075,19,1
2022-05-08,538,161,19,1,898,186,1084,19,1
2022-05-09,1295,271,24,1,940,195,1135,21,1
2022-05-10,1148,254,33,1,952,206,1158,22,1
2022-05-11,1145,252,22,4,966,209,1175,23,2
2022-05-12,1171,207,27,1,978,209,1187,24,2
2022-05-13,1061,204,30,2,989,211,1200,24,2
2022-05-14,740,179,29,5,1014,218,1232,26,2
2022-05-15,635,168,26,2,1028,219,1247,27,2
2022-05-16,1249,303,33,3,1021,224,1245,29,3
2022-05-17,1155,250,24,0,1022,223,1246,27,2
2022-05-18,1177,269,30,2,1027,226,1253,28,2
2022-05-19,1045,202,22,1,1009,225,1234,28,2
2022-05-20,972,177,36,4,996,221,1217,29,2
2022-05-21,731,161,27,3,995,219,1213,28,2
2022-05-22,612,180,25,4,992,220,1212,28,2
2022-05-23,1277,215,32,3,996,208,1203,28,2
2022-05-24,1019,214,28,2,976,203,1179,29,3
2022-05-25,1085,193,29,3,963,192,1155,28,3
2022-05-26,915,207,27,2,944,192,1137,29,3
2022-05-27,837,55,23,3,925,175,1100,27,3
2022-05-28,590,54,13,1,905,160,1065,25,3
2022-05-29,483,145,17,3,887,155,1041,24,2
2022-05-30,467,118,23,0,771,141,912,23,2
2022-05-31,1156,230,36,3,790,143,934,24,2
2022-06-01,951,193,27,3,771,143,914,24,2
2022-06-02,845,165,31,5,761,137,898,24,3
2022-06-03,823,162,27,1,759,152,912,25,2
2022-06-04,507,121,16,2,747,162,909,25,2
2022-06-05,510,107,16,3,751,157,908,25,2
2022-06-06,989,202,32,4,826,169,994,26,3
2022-06-07,853,157,21,2,783,158,941,24,3
2022-06-08,842,165,30,4,767,154,921,25,3
2022-06-09,704,167,27,3,747,154,901,24,3
2022-06-10,738,151,28,5,735,153,888,24,3
2022-06-11,494,114,20,5,733,152,885,25,4
2022-06-12,454,107,25,4,725,152,877,26,4
2022-06-13,879,138,36,1,709,143,852,27,3
2022-06-14,815,140,33,0,704,140,844,28,3
2022-06-15,771,169,31,2,694,141,834,29,3
2022-06-16,677,124,31,4,690,135,824,29,3
2022-06-17,745,145,21,3,691,134,825,28,3
2022-06-18,528,150,19,0,696,139,835,28,2
2022-06-19,507,141,28,1,703,144,847,28,2
2022-06-20,735,172,32,3,683,149,831,28,2
2022-06-21,1008,188,36,4,710,156,866,28,2
2022-06-22,985,155,30,3,741,154,894,28,3
2022-06-23,847,198,29,3,765,164,929,28,2
2022-06-24,834,174,27,6,778,168,946,29,3
2022-06-25,600,154,24,5,788,169,957,29,4
2022-06-26,652,157,41,3,809,171,980,31,4
2022-06-27,1071,241,38,3,857,181,1038,32,4
2022-06-28,988,204,30,4,854,183,1037,31,4
2022-06-29,1037,210,28,3,861,191,1052,31,4
2022-06-30,877,205,34,1,866,192,1058,32,4
2022-07-01,887,275,38,2,873,207,1080,33,3
2022-07-02,677,173,40,2,884,209,1093,36,3
2022-07-03,631,194,30,3,881,215,1096,34,3
2022-07-04,493,131,38,6,799,199,997,34,3
2022-07-05,1526,310,38,1,875,214,1089,35,3
2022-07-06,1237,270,48,1,904,223,1127,38,2
2022-07-07,1210,267,45,1,952,231,1183,40,2
2022-07-08,1127,272,43,0,986,231,1217,40,2
2022-07-09,744,181,31,7,995,232,1228,39,3
2022-07-10,750,237,44,1,1012,238,1251,41,2
2022-07-11,1470,254,51,1,1152,256,1408,43,2
2022-07-12,1203,257,51,6,1106,248,1354,45,2
2022-07-13,1143,266,56,7,1092,248,1340,46,3
2022-07-14,1114,243,51,6,1079,244,1323,47,4
2022-07-15,1084,240,58,4,1073,240,1312,49,5
2022-07-16,746,192,32,2,1073,241,1314,49,4
2022-07-17,705,222,39,9,1066,239,1306,48,5
2022-07-18,1348,295,52,3,1049,245,1294,48,5
2022-07-19,1212,235,42,4,1050,242,1292,47,5
2022-07-20,1073,237,45,3,1040,238,1278,46,4
2022-07-21,989,218,53,5,1022,234,1257,46,4
2022-07-22,917,235,43,10,999,233,1232,44,5
2022-07-23,688,199,30,5,990,234,1225,43,6
2022-07-24,599,208,30,5,975,232,1208,42,5
2022-07-25,1265,259,48,4,963,227,1191,42,5
2022-07-26,1134,236,39,3,952,227,1180,41,5
2022-07-27,1031,288,44,6,946,235,1181,41,5
2022-07-28,891,195,34,6,932,231,1164,38,6
2022-07-29,857,216,32,6,924,229,1152,37,5
2022-07-30,588,158,35,3,909,223,1132,37,5
2022-07-31,592,192,39,3,908,221,1129,39,4
2022-08-01,1162,255,36,3,894,220,1114,37,4
2022-08-02,1000,207,36,6,874,216,1090,37,5
2022-08-03,933,117,37,4,860,191,1052,36,4
2022-08-04,870,191,35,4,857,191,1048,36,4
2022-08-05,801,197,39,8,849,188,1038,37,4
2022-08-06,518,142,29,4,839,186,1025,36,5
2022-08-07,508,138,26,5,827,178,1006,34,5
2022-08-08,926,249,24,6,794,177,971,32,5
2022-08-09,772,181,39,10,761,174,935,33,6
2022-08-10,717,244,34,4,730,192,922,32,6
2022-08-11,699,189,36,0,706,191,897,32,5
2022-08-12,561,192,34,4,672,191,862,32,5
2022-08-13,404,129,20,2,655,189,844,30,4
2022-08-14,423,135,35,6,643,188,832,32,5
2022-08-15,783,171,31,5,623,177,800,33,4
2022-08-16,687,180,22,3,611,177,788,30,3
2022-08-17,658,176,35,6,602,167,770,30,4
2022-08-18,646,166,26,6,595,164,759,29,5
2022-08-19,554,155,22,1,594,159,752,27,4
2022-08-20,402,128,30,5,593,159,752,29,5
2022-08-21,397,142,27,4,590,160,749,28,4
2022-08-22,667,205,24,4,573,165,738,27,4
2022-08-23,570,158,29,3,556,161,718,28,4
2022-08-24,538,179,32,5,539,162,701,27,4
2022-08-25,531,157,30,4,523,161,683,28,4
2022-08-26,498,124,30,3,515,156,671,29,4
2022-08-27,341,103,30,4,506,153,659,29,4
2022-08-28,318,103,30,4,495,147,642,29,4
2022-08-29,589,157,39,1,484,140,624,31,3
2022-08-30,576,143,34,4,484,138,622,32,4
2022-08-31,556,133,26,2,487,131,618,31,3
2022-09-01,501,151,29,1,483,131,613,31,3
2022-09-02,411,132,19,3,470,132,602,30,3
2022-09-03,290,96,22,1,463,131,594,28,2
2022-09-04,277,113,22,4,457,132,589,27,2
2022-09-05,279,100,22,4,413,124,537,25,3
2022-09-06,591,146,38,1,415,124,539,25,2
2022-09-07,499,125,27,2,407,123,530,26,2
2022-09-08,516,130,30,4,409,120,529,26,3
2022-09-09,410,110,25,2,409,117,526,27,3
2022-09-10,321,106,23,5,413,119,532,27,3
2022-09-11,289,89,25,2,415,115,530,27,3
2022-09-12,565,144,31,5,456,121,577,28,3
2022-09-13,475,129,43,4,439,119,558,29,3
2022-09-14,515,132,36,4,442,120,562,30,4
2022-09-15,457,127,29,3,433,120,553,30,4
2022-09-16,439,106,22,6,437,119,556,30,4
2022-09-17,312,91,22,1,436,117,553,30,4
2022-09-18,320,100,25,6,440,118,559,30,4
2022-09-19,659,179,22,4,454,123,577,28,4
2022-09-20,614,166,36,4,474,129,602,27,4
2022-09-21,534,162,32,5,476,133,609,27,4
2022-09-22,481,113,33,4,480,131,611,27,4
2022-09-23,427,124,29,3,478,134,612,28,4
2022-09-24,284,89,25,1,474,133,607,29,4
2022-09-25,311,72,33,2,473,129,602,30,3
2022-09-26,573,146,43,3,461,125,585,33,3
2022-09-27,529,148,29,3,448,122,570,32,3
2022-09-28,553,135,37,2,451,118,569,33,3
2022-09-29,497,134,35,5,453,121,575,33,3
2022-09-30,418,115,34,7,452,120,572,34,3
2022-10-01,266,76,28,3,450,118,568,34,4
2022-10-02,256,84,26,2,442,120,561,33,4
2022-10-03,554,134,33,2,439,118,557,32,3
2022-10-04,429,127,39,2,425,115,540,33,3
2022-10-05,443,140,44,3,409,116,525,34,3
2022-10-06,470,152,39,6,405,118,523,35,4
2022-10-07,437,140,37,4,408,122,530,35,3
2022-10-08,309,94,36,4,414,124,538,36,3
2022-10-09,296,80,23,3,420,124,544,36,3
2022-10-10,475,149,33,4,408,126,534,36,4
2022-10-11,555,163,27,8,426,131,558,34,5
2022-10-12,535,152,26,2,440,133,572,32,4
2022-10-13,534,171,42,3,449,136,584,32,4
2022-10-14,439,146,26,3,449,136,585,30,4
2022-10-15,341,118,32,2,454,140,593,30,4
2022-10-16,319,144,25,2,457,149,606,30,3
2022-10-17,645,205,24,9,481,157,638,29,4
2022-10-18,554,157,32,5,481,156,637,30,4
2022-10-19,479,142,35,4,473,155,628,31,4
2022-10-20,462,179,36,1,463,156,619,30,4
2022-10-21,438,131,25,3,463,154,616,30,4
2022-10-22,359,106,28,1,465,152,617,29,4
2022-10-23,312,123,28,3,464,149,613,30,4
2022-10-24,644,200,35,5,464,148,612,31,3
2022-10-25,634,190,38,11,475,153,628,32,4
2022-10-26,661,187,41,5,501,159,661,33,4
2022-10-27,547,152,33,4,514,156,669,33,5
2022-10-28,477,144,30,6,519,157,677,33,5
2022-10-29,382,93,19,2,522,156,678,32,5
2022-10-30,375,124,33,2,531,156,687,33,5
2022-10-31,727,176,45,5,543,152,696,34,5
2022-11-01,671,178,42,6,549,151,699,35,4
2022-11-02,727,226,37,8,558,156,714,34,5
2022-11-03,669,202,43,9,575,163,739,36,5
2022-11-04,622,201,27,1,596,171,768,35,5
2022-11-05,452,127,35,6,606,176,782,37,5
2022-11-06,460,157,26,5,618,181,799,36,6
2022-11-07,794,254,40,4,628,192,820,36,6
2022-11-08,643,162,35,3,624,190,814,35,5
2022-11-09,655,204,22,8,614,187,800,33,5
2022-11-10,519,195,51,3,592,186,778,34,4
2022-11-11,476,126,43,8,571,175,746,36,5
2022-11-12,497,142,26,5,578,177,755,35,5
2022-11-13,403,145,26,6,570,175,745,35,5
2022-11-14,847,228,47,7,577,172,749,36,6
2022-11-15,672,164,40,6,581,172,753,36,6
2022-11-16,662,199,33,5,582,171,754,38,6
2022-11-17,572,180,41,3,590,169,759,37,6
2022-11-18,442,114,36,5,585,167,752,36,5
2022-11-19,383,107,22,5,569,162,731,35,5
2022-11-20,388,159,31,7,567,164,731,36,5
2022-11-21,858,240,51,7,568,166,734,36,5
2022-11-22,794,183,53,4,586,169,754,38,5
2022-11-23,789,244,49,3,604,175,779,40,5
2022-11-24,302,93,43,6,565,163,728,41,5
2022-11-25,737,141,51,7,607,167,774,43,6
2022-11-26,638,184,41,2,644,178,821,46,5
2022-11-27,622,88,49,2,677,168,845,48,4
2022-11-28,1394,354,53,2,754,184,938,48,4
2022-11-29,1153,318,54,8,805,203,1008,49,4
2022-11-30,973,271,70,6,831,207,1038,52,5
2022-12-01,947,275,51,8,923,233,1156,53,5
2022-12-02,919,128,50,6,949,231,1181,53,5
2022-12-03,554,181,49,5,937,231,1168,54,5
2022-12-04,569,279,43,4,930,258,1188,53,6
2022-12-05,1216,311,51,5,904,252,1156,53,6
2022-12-06,1019,301,53,7,885,249,1135,52,6
2022-12-07,963,270,66,4,884,249,1133,52,6
2022-12-08,973,269,50,6,888,248,1136,52,5
2022-12-09,836,207,47,7,876,260,1135,51,5
2022-12-10,544,188,43,6,874,261,1135,50,6
2022-12-11,487,187,47,8,863,248,1110,51,6
2022-12-12,1160,337,44,11,855,251,1106,50,7
2022-12-13,995,258,57,8,851,245,1096,51,7
2022-12-14,991,261,72,11,855,244,1099,51,8
2022-12-15,895,260,60,9,844,243,1087,53,9
2022-12-16,775,212,63,3,835,243,1079,55,8
2022-12-17,615,211,52,9,845,247,1092,56,8
2022-12-18,533,189,42,9,852,247,1099,56,9
2022-12-19,1131,328,52,6,848,246,1093,57,8
2022-12-20,963,293,51,5,843,251,1094,56,7
2022-12-21,950,257,59,8,837,250,1087,54,7
2022-12-22,799,228,57,7,824,245,1069,54,7
2022-12-23,717,249,56,7,815,251,1066,53,7
2022-12-24,307,119,30,7,771,238,1009,50,7
2022-12-25,228,109,38,7,728,226,954,49,7
2022-12-26,681,279,51,9,664,219,883,49,7
2022-12-27,1108,275,71,10,684,217,901,52,8
2022-12-28,891,264,70,11,676,218,893,53,8
2022-12-29,889,214,59,7,689,216,904,54,8
2022-12-30,785,215,64,9,698,211,909,55,9
2022-12-31,432,155,57,6,716,216,932,59,8
2023-01-01,339,142,59,10,732,221,953,62,9
2023-01-02,861,280,47,10,758,221,979,61,9
2023-01-03,1102,261,87,10,757,219,976,63,9
2023-01-04,975,264,55,10,769,219,988,61,9
2023-01-05,846,237,63,5,763,222,985,62,9
2023-01-06,700,195,64,9,751,219,970,62,9
2023-01-07,463,134,48,6,755,216,971,60,9
2023-01-08,405,129,34,3,765,214,979,57,8
2023-01-09,805,183,64,7,757,200,957,59,7
2023-01-10,670,167,52,10,695,187,882,54,7
2023-01-11,580,154,50,3,638,171,810,54,6
2023-01-12,563,177,42,4,598,163,761,51,6
2023-01-13,518,175,53,7,572,160,732,49,6
2023-01-14,340,101,40,7,554,155,710,48,6
2023-01-15,286,96,19,8,537,150,688,46,7
2023-01-16,482,166,42,4,491,148,639,43,6
2023-01-17,678,194,49,7,492,152,644,42,6
2023-01-18,486,147,47,6,479,151,630,42,6
2023-01-19,449,110,29,1,463,141,604,40,6
2023-01-20,456,95,25,9,454,130,584,36,6
2023-01-21,322,101,32,7,451,130,581,35,6
2023-01-22,272,122,24,8,449,134,583,35,6
2023-01-23,550,142,39,5,459,130,589,35,6
2023-01-24,504,117,29,10,434,119,553,32,7
2023-01-25,377,143,29,9,419,119,537,30,7
2023-01-26,407,112,27,3,413,119,531,29,7
2023-01-27,358,115,24,5,399,122,520,29,7
2023-01-28,225,91,24,5,385,120,505,28,6
2023-01-29,194,71,17,6,374,113,487,27,6
2023-01-30,514,133,31,5,368,112,480,26,6
2023-01-31,405,113,32,3,354,111,465,26,5
2023-02-01,353,91,23,9,351,104,455,25,5
2023-02-02,322,104,23,5,339,103,441,25,5
2023-02-03,254,76,21,1,324,97,421,24,5
2023-02-04,156,42,21,4,314,90,404,24,5
2023-02-05,169,62,22,5,310,89,399,25,5
2023-02-06,382,115,32,3,292,86,378,25,4
2023-02-07,319,78,26,3,279,81,360,24,4
2023-02-08,282,95,20,4,269,82,351,24,4
2023-02-09,270,82,22,5,262,79,340,23,4
2023-02-10,241,65,24,3,260,77,337,24,4
2023-02-11,143,47,12,5,258,78,336,23,4
2023-02-12,146,48,15,3,255,76,330,22,4
2023-02-13,315,89,29,0,245,72,317,21,3
2023-02-14,216,67,11,4,230,70,301,19,3
2023-02-15,232,69,21,2,223,67,290,19,3
2023-02-16,200,77,17,4,213,66,279,18,3
2023-02-17,147,51,21,5,200,64,264,18,3
2023-02-18,117,46,15,4,196,64,260,18,3
2023-02-19,125,43,11,7,193,63,256,18,4
2023-02-20,144,56,19,4,169,58,227,16,4
2023-02-21,186,53,10,3,164,56,221,16,4
2023-02-22,175,41,12,3,156,52,209,15,4
2023-02-23,162,53,6,1,151,49,200,13,4
2023-02-24,147,37,18,2,151,47,198,13,3
2023-02-25,101,24,14,2,149,44,192,13,3
2023-02-26,95,47,12,1,144,44,189,13,2
2023-02-27,197,57,16,2,152,45,196,13,2
2023-02-28,137,28,8,2,145,41,186,12,2
2023-03-01,133,53,6,1,139,43,182,11,2
2023-03-02,114,44,8,0,132,41,173,12,1
2023-03-03,112,24,12,2,127,40,167,11,1
2023-03-04,77,26,5,1,124,40,163,10,1
2023-03-05,58,24,4,2,118,37,155,8,1
2023-03-06,147,30,12,3,111,33,144,8,2
2023-03-07,115,26,7,2,108,32,140,8,2
2023-03-08,121,32,10,2,106,29,136,8,2
2023-03-09,90,43,10,3,103,29,132,9,2
2023-03-10,96,29,8,2,101,30,131,8,2
2023-03-11,74,10,6,3,100,28,128,8,2
2023-03-12,54,27,2,3,100,28,128,8,3
2023-03-13,131,41,3,1,97,30,127,7,2
2023-03-14,81,29,5,1,92,30,123,6,2
2023-03-15,88,31,1,2,88,30,118,5,2
2023-03-16,83,42,2,1,87,30,117,4,2
2023-03-17,98,21,5,0,87,29,116,3,2
2023-03-18,61,17,7,0,85,30,115,4,1
2023-03-19,56,20,8,1,85,29,114,4,1
2023-03-20,119,32,7,1,84,27,111,5,1
2023-03-21,106,42,6,0,87,29,117,5,1
2023-03-22,91,37,3,0,88,30,118,5,0
2023-03-23,85,29,4,2,88,28,116,6,1
2023-03-24,93,31,12,0,87,30,117,7,1
2023-03-25,73,23,5,2,89,31,120,6,1
2023-03-26,72,23,5,2,91,31,122,6,1
2023-03-27,107,34,10,4,90,31,121,6,1
2023-03-28,92,43,6,0,88,31,119,6,1
2023-03-29,88,34,8,1,87,31,118,7,2
2023-03-30,95,26,5,0,89,31,119,7,1
2023-03-31,88,24,8,1,88,30,117,7,1
2023-04-01,46,18,6,1,84,29,113,7,1
2023-04-02,58,26,6,1,82,29,111,7,1
2023-04-03,83,27,4,1,79,28,107,6,1
2023-04-04,67,31,8,0,75,27,102,6,1
2023-04-05,64,14,7,1,72,24,95,6,1
2023-04-06,82,16,7,2,70,22,92,7,1
2023-04-07,65,15,5,1,66,21,87,6,1
2023-04-08,39,22,4,0,65,22,87,6,1
2023-04-09,36,12,4,0,62,20,82,6,1
2023-04-10,98,28,12,0,64,20,84,7,1
2023-04-11,60,22,8,0,63,18,82,7,1
2023-04-12,50,23,10,1,61,20,81,7,1
2023-04-13,61,21,10,1,58,20,79,8,0
2023-04-14,60,30,6,1,58,23,80,8,0
2023-04-15,44,13,7,1,58,21,80,8,1
2023-04-16,49,22,6,2,60,23,83,8,1
2023-04-17,69,35,5,0,56,24,80,7,1
2023-04-18,70,26,6,0,58,24,82,7,1
2023-04-19,85,31,7,1,63,25,88,7,1
2023-04-20,55,20,7,0,62,25,87,6,1
2023-04-21,46,20,7,1,60,24,84,6,1
2023-04-22,50,15,3,1,61,24,85,6,1
2023-04-23,35,11,5,0,59,23,81,6,0
2023-04-24,64,53,4,1,58,25,83,6,1
2023-04-25,52,31,3,1,55,26,81,5,1
2023-04-26,44,27,5,0,49,25,75,5,1
2023-04-27,60,20,5,1,50,25,75,5,1
2023-04-28,52,14,3,0,51,24,75,4,1
2023-04-29,41,6,4,0,50,23,73,4,0
2023-04-30,28,14,2,0,49,24,72,4,0
2023-05-01,82,32,3,0,51,21,72,4,0
2023-05-02,60,32,3,0,52,21,73,4,0
2023-05-03,64,38,11,1,55,22,78,4,0
2023-05-04,56,26,1,1,55,23,78,4,0
2023-05-05,47,20,3,0,54,24,78,4,0
2023-05-06,31,9,3,0,53,24,77,4,0
2023-05-07,45,23,4,0,55,26,81,4,0
2023-05-08,71,28,1,1,53,25,79,4,0
2023-05-09,65,26,4,0,54,24,78,4,0
2023-05-10,75,23,4,1,56,22,78,3,0
2023-05-11,55,33,3,0,56,23,79,3,0
2023-05-12,55,24,2,1,57,24,80,3,0
2023-05-13,30,15,3,0,57,25,81,3,0
2023-05-14,33,28,2,2,55,25,80,3,1
2023-05-15,76,39,4,0,56,27,82,3,1
2023-05-16,76,27,3,0,57,27,84,3,1
2023-05-17,63,22,6,0,55,27,82,3,0
2023-05-18,63,47,8,0,57,29,85,4,0
2023-05-19,59,20,9,0,57,28,85,5,0
2023-05-20,37,14,9,0,58,28,86,6,0
2023-05-21,42,16,3,0,59,26,86,6,0
2023-05-22,72,34,8,0,59,26,85,7,0
2023-05-23,61,38,7,3,57,27,84,7,0
2023-05-24,85,31,8,0,60,29,88,7,0
2023-05-25,47,28,5,1,58,26,83,7,1
2023-05-26,51,13,3,0,56,25,81,6,1
2023-05-27,40,23,4,0,57,26,83,5,1
2023-05-28,43,20,9,0,57,27,84,6,1
2023-05-29,44,27,5,1,53,26,79,6,1
2023-05-30,101,32,6,0,59,25,84,6,0
2023-05-31,88,43,8,0,59,27,86,6,0
2023-06-01,71,36,8,1,63,28,90,6,0
2023-06-02,61,28,7,0,64,30,94,7,0
2023-06-03,56,21,8,0,66,30,96,7,0
2023-06-04,33,22,7,0,65,30,95,7,0
2023-06-05,75,35,7,2,69,31,100,7,0
2023-06-06,56,25,6,0,63,30,93,7,0
2023-06-07,59,26,6,1,59,28,86,7,1
2023-06-08,49,29,4,0,56,27,82,6,0
2023-06-09,54,38,9,1,55,28,83,7,1
2023-06-10,55,15,11,0,54,27,82,7,1
2023-06-11,48,32,5,0,57,29,85,7,1
2023-06-12,66,31,5,0,55,28,83,7,0
2023-06-13,75,25,7,1,58,28,86,7,0
2023-06-14,66,22,9,1,59,27,86,7,0
2023-06-15,52,20,5,1,59,26,86,7,1
2023-06-16,46,25,3,0,58,24,83,6,0
2023-06-17,44,18,6,0,57,25,81,6,0
2023-06-18,36,15,5,0,55,22,77,6,0
2023-06-19,58,26,4,1,54,22,75,6,1
2023-06-20,73,27,9,0,54,22,75,6,0
2023-06-21,58,16,6,1,52,21,73,5,0
2023-06-22,59,23,4,0,53,21,75,5,0
2023-06-23,56,33,4,0,55,23,77,5,0
2023-06-24,27,28,6,0,52,24,76,5,0
2023-06-25,29,12,5,1,51,24,75,5,0
2023-06-26,57,27,3,2,51,24,75,5,1
2023-06-27,54,19,3,1,49,23,71,4,1
2023-06-28,50,26,8,0,47,24,71,5,1
2023-06-29,41,16,4,2,45,23,68,5,1
2023-06-30,49,30,5,1,44,23,66,5,1
2023-07-01,34,20,4,0,45,21,66,5,1
2023-07-02,33,19,5,0,45,22,68,5,1
2023-07-03,57,31,2,0,45,23,68,4,1
2023-07-04,36,21,2,0,43,23,66,4,0
2023-07-05,66,36,2,2,45,25,70,3,1
2023-07-06,57,23,5,0,47,26,73,4,0
2023-07-07,47,29,6,0,47,26,73,4,0
2023-07-08,44,16,4,3,49,25,74,4,1
2023-07-09,27,32,2,0,48,27,75,3,1
2023-07-10,85,31,11,2,52,27,79,5,1
2023-07-11,71,36,6,0,57,29,86,5,1
2023-07-12,69,44,7,0,57,30,87,6,1
2023-07-13,95,41,6,0,63,33,95,6,1
2023-07-14,77,39,6,0,67,34,101,6,1
2023-07-15,55,19,3,1,68,35,103,6,0
2023-07-16,39,23,5,0,70,33,103,6,0
2023-07-17,81,49,7,0,70,36,105,6,0
2023-07-18,83,49,7,0,71,38,109,6,0
2023-07-19,84,53,6,0,73,39,112,6,0
2023-07-20,85,55,9,0,72,41,113,6,0
2023-07-21,76,38,3,0,72,41,113,6,0
2023-07-22,57,34,10,0,72,43,115,7,0
2023-07-23,82,42,5,0,78,46,124,7,0
2023-07-24,128,71,14,1,85,49,134,8,0
2023-07-25,117,57,9,0,90,50,140,8,0
2023-07-26,97,59,5,1,92,51,143,8,0
2023-07-27,120,61,7,0,97,52,148,8,0
2023-07-28,104,62,11,0,101,55,156,9,0
2023-07-29,82,55,12,0,104,58,162,9,0
2023-07-30,102,56,10,0,107,60,167,10,0
2023-07-31,166,87,14,0,113,62,175,10,0
2023-08-01,140,89,10,0,116,67,183,10,0
2023-08-02,134,84,9,0,121,71,192,10,0
2023-08-03,157,86,13,1,126,74,201,11,0
2023-08-04,135,94,12,0,131,79,210,11,0
2023-08-05,121,76,14,1,136,82,218,12,0
2023-08-06,125,102,12,0,140,88,228,12,0
2023-08-07,197,125,13,0,144,94,238,12,0
2023-08-08,203,132,15,0,153,100,253,13,0
2023-08-09,197,138,7,1,162,108,270,12,0
2023-08-10,195,106,15,0,168,110,278,13,0
2023-08-11,191,104,20,0,176,112,287,14,0
2023-08-12,149,102,9,2,180,116,295,13,0
2023-08-13,137,102,10,0,181,116,297,13,0
2023-08-14,222,147,10,3,185,119,304,12,1
2023-08-15,219,126,17,1,187,118,305,13,1
2023-08-16,224,159,15,1,191,121,312,14,1
2023-08-17,171,127,16,1,188,124,311,14,1
2023-08-18,193,112,21,1,188,125,313,14,1
2023-08-19,168,74,8,2,191,121,312,14,1
2023-08-20,134,114,17,0,190,123,313,15,1
2023-08-21,275,159,19,0,198,124,322,16,1
2023-08-22,260,109,13,2,204,122,326,16,1
2023-08-23,253,143,20,0,208,120,327,16,1
2023-08-24,253,133,16,0,219,121,340,16,1
2023-08-25,216,111,20,1,223,120,343,16,1
2023-08-26,154,95,11,2,221,123,344,17,1
2023-08-27,186,124,12,2,228,125,353,16,1
2023-08-28,275,177,13,1,228,127,356,15,1
2023-08-29,255,125,14,0,227,130,357,15,1
2023-08-30,262,140,27,0,229,129,358,16,1
2023-08-31,242,143,16,0,227,131,358,16,1
2023-09-01,229,140,17,1,229,135,364,16,1
2023-09-02,193,116,21,2,235,138,372,17,1
2023-09-03,210,131,16,1,238,139,377,18,1
2023-09-04,246,112,24,0,234,130,363,19,1
2023-09-05,411,195,21,0,256,140,396,20,1
2023-09-06,300,174,25,2,262,144,406,20,1
2023-09-07,297,159,19,1,269,147,416,20,1
2023-09-08,247,163,19,2,272,150,422,21,1
2023-09-09,185,127,14,0,271,152,422,20,1
2023-09-10,202,101,18,1,270,147,417,20,1
2023-09-11,310,186,20,0,279,158,437,19,1
2023-09-12,314,156,11,2,265,152,417,18,1
2023-09-13,301,150,23,1,265,149,414,18,1
2023-09-14,280,156,18,1,263,148,411,18,1
2023-09-15,276,126,21,2,267,143,410,18,1
2023-09-16,245,81,22,1,275,137,412,19,1
2023-09-17,192,145,25,1,274,143,417,20,1
2023-09-18,338,182,21,3,278,142,420,20,2
2023-09-19,335,176,21,0,281,145,426,22,1
2023-09-20,323,161,22,1,284,147,431,21,1
2023-09-21,297,163,19,5,287,148,434,22,2
2023-09-22,266,175,14,1,285,155,440,21,2
2023-09-23,173,104,14,1,275,158,433,19,2
2023-09-24,190,114,21,0,275,154,428,19,2
2023-09-25,314,178,20,2,271,153,424,19,1
2023-09-26,321,161,16,2,269,151,420,18,2
2023-09-27,287,129,18,2,264,146,410,17,2
2023-09-28,254,131,13,1,258,142,400,17,1
2023-09-29,145,43,12,1,241,123,363,16,1
2023-09-30,124,74,18,1,234,119,352,17,1
2023-10-01,122,80,17,1,224,114,338,16,1
2023-10-02,260,97,26,0,216,102,318,17,1
2023-10-03,230,115,14,2,203,96,299,17,1
2023-10-04,205,104,12,1,191,92,283,16,1
2023-10-05,198,83,13,0,183,85,269,16,1
2023-10-06,126,83,6,1,181,91,272,15,1
2023-10-07,106,53,13,1,178,88,266,14,1
2023-10-08,96,54,16,1,174,84,259,14,1
2023-10-09,181,75,18,3,163,81,244,13,1
2023-10-10,163,84,11,1,154,77,230,13,1
2023-10-11,155,88,9,3,146,74,221,12,1
2023-10-12,161,85,14,1,141,75,216,12,2
2023-10-13,117,54,9,2,140,70,210,13,2
2023-10-14,84,39,10,2,137,68,205,12,2
2023-10-15,97,43,14,1,137,67,204,12,2
2023-10-16,163,71,13,3,134,66,201,11,2
2023-10-17,145,71,9,3,132,64,196,11,2
2023-10-18,138,61,13,2,129,61,190,12,2
2023-10-19,121,68,13,0,124,58,182,12,2
2023-10-20,110,35,11,2,123,55,178,12,2
2023-10-21,91,32,13,3,124,54,178,12,2
2023-10-22,58,53,8,0,118,56,174,11,2
2023-10-23,134,71,8,0,114,56,170,11,1
2023-10-24,145,73,11,1,114,56,170,11,1
2023-10-25,107,65,8,3,109,57,166,10,1
2023-10-26,116,71,18,1,109,57,166,11,1
2023-10-27,88,60,11,2,106,61,166,11,1
2023-10-28,78,48,14,2,104,63,167,11,1
2023-10-29,48,45,5,1,102,62,164,11,1
2023-10-30,117,58,8,1,100,60,160,11,2
2023-10-31,87,57,7,0,92,58,149,10,1
2023-11-01,82,55,7,1,88,56,144,10,1
2023-11-02,76,51,6,0,82,53,136,8,1
2023-11-03,90,34,9,0,83,50,132,8,1
2023-11-04,68,37,5,1,81,48,129,7,1
2023-11-05,62,46,7,1,83,48,131,7,1
2023-11-06,105,57,11,0,81,48,130,7,0
2023-11-07,96,65,20,1,83,49,132,9,1
2023-11-08,90,70,6,0,84,51,135,9,0
2023-11-09,111,54,9,2,89,52,141,10,1
2023-11-10,80,42,9,2,87,53,140,10,1
2023-11-11,68,42,7,0,87,54,141,10,1
2023-11-12,65,51,2,2,88,54,142,9,1
2023-11-13,110,67,10,1,89,56,144,9,1
2023-11-14,96,72,9,0,89,57,145,7,1
2023-11-15,135,86,10,2,95,59,154,8,1
2023-11-16,98,54,7,1,93,59,152,8,1
2023-11-17,121,62,10,0,99,62,161,8,1
2023-11-18,74,50,12,1,100,63,163,9,1
2023-11-19,99,75,10,0,105,67,171,10,1
2023-11-20,164,91,14,0,112,70,182,10,1
2023-11-21,137,78,9,0,118,71,189,10,1
2023-11-22,127,100,9,1,117,73,190,10,0
2023-11-23,53,44,10,2,111,71,182,11,1
2023-11-24,103,92,10,2,108,76,184,11,1
2023-11-25,108,88,15,0,113,81,194,11,1
2023-11-26,141,84,14,0,119,82,201,12,1
2023-11-27,217,139,14,2,127,89,216,12,1
2023-11-28,182,144,10,1,133,99,232,12,1
2023-11-29,172,148,21,0,139,106,245,13,1
2023-11-30,161,100,9,2,155,114,268,13,1
2023-12-01,153,87,12,0,162,113,275,14,1
2023-12-02,124,77,15,0,164,111,276,14,1
2023-12-03,108,68,10,1,160,109,269,13,1
2023-12-04,226,132,18,0,161,108,269,14,1
2023-12-05,230,113,11,1,168,104,271,14,1
2023-12-06,181,125,21,1,169,100,269,14,1
2023-12-07,209,113,8,1,176,102,278,14,1
2023-12-08,186,118,14,3,181,107,287,14,1
2023-12-09,178,94,18,2,188,109,297,14,1
2023-12-10,143,106,11,0,193,114,308,14,1
2023-12-11,318,194,15,1,206,123,330,14,1
2023-12-12,290,184,22,2,215,133,348,16,1
2023-12-13,282,186,17,2,229,142,372,15,2
2023-12-14,281,176,17,1,240,151,391,16,2
2023-12-15,229,162,19,0,246,157,403,17,1
2023-12-16,228,134,19,3,253,163,416,17,1
2023-12-17,219,156,18,2,264,170,434,18,2
2023-12-18,408,290,31,2,277,184,461,20,2
2023-12-19,449,105,30,0,299,173,472,22,1
2023-12-20,391,291,24,3,315,188,503,23,2
2023-12-21,392,277,26,3,331,202,533,24,2
2023-12-22,321,221,13,3,344,211,555,23,2
2023-12-23,273,201,23,0,350,220,571,24,2
2023-12-24,212,159,23,0,349,221,570,24,2
2023-12-25,253,130,25,2,327,198,525,23,2
2023-12-26,598,355,26,1,349,233,582,23,2
2023-12-27,576,332,25,3,375,239,614,23,2
2023-12-28,561,314,44,2,399,245,644,26,2
2023-12-29,540,282,42,1,430,253,684,30,1
2023-12-30,395,229,41,3,448,257,705,32,2
2023-12-31,281,195,21,0,458,262,720,32,2
2024-01-01,299,165,29,3,464,267,732,33,2
2024-01-02,605,340,25,1,465,265,731,32,2
2024-01-03,567,318,39,4,464,263,727,34,2
2024-01-04,567,320,44,7,465,264,729,34,3
2024-01-05,488,309,37,1,457,268,725,34,3
2024-01-06,340,229,30,0,450,268,718,32,2
2024-01-07,275,196,23,2,449,268,717,32,3
2024-01-08,551,306,29,1,485,288,773,32,2
2024-01-09,483,298,30,2,467,282,750,33,2
2024-01-10,472,236,22,3,454,271,724,31,2
2024-01-11,431,244,36,2,434,260,694,30,2
2024-01-12,347,183,26,2,414,242,656,28,2
2024-01-13,266,126,35,4,404,227,631,29,2
2024-01-14,208,154,20,3,394,221,615,28,2
2024-01-15,345,206,23,5,365,207,571,27,3
2024-01-16,307,184,28,4,339,190,530,27,3
2024-01-17,311,174,22,3,316,182,498,27,3
2024-01-18,281,178,20,3,295,172,467,25,3
2024-01-19,227,119,28,2,278,163,441,25,3
2024-01-20,200,110,22,6,268,161,429,23,4
2024-01-21,182,103,17,0,265,153,418,23,3
2024-01-22,317,176,23,2,261,149,410,23,3
2024-01-23,310,161,25,5,261,146,407,22,3
2024-01-24,243,144,22,1,251,142,393,22,3
2024-01-25,256,154,22,3,248,138,386,23,3
2024-01-26,218,125,17,1,247,139,386,21,3
2024-01-27,187,105,24,4,245,138,383,21,2
2024-01-28,140,80,15,4,239,135,374,21,3
2024-01-29,300,155,27,5,236,132,368,22,3
2024-01-30,227,131,21,2,224,128,352,21,3
2024-01-31,193,115,18,2,217,124,341,21,3
2024-02-01,197,115,20,0,209,118,327,20,3
2024-02-02,152,95,16,0,199,114,313,20,2
2024-02-03,107,58,15,4,188,107,295,19,2
2024-02-04,134,83,12,2,187,107,295,18,2
2024-02-05,192,116,25,1,172,102,274,18,2
2024-02-06,179,81,22,2,165,95,260,18,2
2024-02-07,167,96,17,1,161,92,253,18,1
2024-02-08,147,72,17,3,154,86,240,18,2
2024-02-09,137,56,21,0,152,80,232,18,2
2024-02-10,91,54,15,1,150,80,229,18,1
2024-02-11,101,71,13,1,145,78,223,19,1
2024-02-12,205,90,17,2,147,74,221,17,1
2024-02-13,103,37,16,0,136,68,204,17,1
2024-02-14,132,79,24,3,131,66,196,18,1
2024-02-15,143,58,19,0,130,64,194,18,1
2024-02-16,130,46,17,1,129,62,191,17,1
2024-02-17,81,37,15,1,128,60,188,17,1
2024-02-18,75,48,10,1,124,56,181,17,1
2024-02-19,116,56,7,0,111,52,163,15,1
2024-02-20,104,60,19,2,112,55,166,16,1
2024-02-21,107,49,21,0,108,51,159,15,1
2024-02-22,100,50,16,0,102,49,151,15,1
2024-02-23,90,45,9,4,96,49,145,14,1
2024-02-24,52,46,6,2,92,51,143,13,1
2024-02-25,60,44,12,1,90,50,140,13,1
2024-02-26,120,55,16,0,90,50,140,14,1
2024-02-27,90,42,18,0,88,47,136,14,1
2024-02-28,74,42,12,2,84,46,130,13,1
2024-02-29,86,31,13,0,82,44,125,12,1
2024-03-01,81,40,14,2,80,43,123,13,1
2024-03-02,52,20,8,2,80,39,120,13,1
2024-03-03,53,39,8,3,79,38,118,13,1
2024-03-04,90,32,19,1,75,35,110,13,1
2024-03-05,98,31,6,1,76,34,110,11,2
2024-03-06,66,34,8,1,75,32,108,11,1
2024-03-07,56,27,7,0,71,32,103,10,1
2024-03-08,59,29,8,0,68,30,98,9,1
2024-03-09,36,20,5,0,65,30,96,9,1
2024-03-10,35,23,3,2,63,28,91,8,1
2024-03-11,56,25,8,2,58,27,85,6,1
2024-03-12,52,34,12,2,51,27,79,7,1
2024-03-13,50,28,6,1,49,27,76,7,1
2024-03-14,46,35,4,0,48,28,75,7,1
2024-03-15,32,12,8,0,44,25,69,7,1
2024-03-16,40,13,6,0,44,24,69,7,1
2024-03-17,39,19,5,2,45,24,69,7,1
2024-03-18,53,28,6,0,45,24,69,7,1
2024-03-19,62,31,6,0,46,24,70,6,0
2024-03-20,43,30,3,1,45,24,69,5,0
2024-03-21,69,21,10,0,48,22,70,6,0
2024-03-22,43,23,5,0,50,24,73,6,0
2024-03-23,23,15,4,1,47,24,71,6,1
2024-03-24,26,17,3,1,46,24,69,5,0
2024-03-25,69,37,5,0,48,25,73,5,0
2024-03-26,48,29,10,0,46,25,70,6,0
2024-03-27,48,21,7,0,47,23,70,6,0
2024-03-28,46,18,7,0,43,23,66,6,0
2024-03-29,40,22,6,0,43,23,66,6,0
2024-03-30,26,21,5,0,43,24,67,6,0
2024-03-31,23,12,4,0,43,23,66,6,0
2024-04-01,60,27,7,0,42,21,63,7,0
2024-04-02,44,32,5,1,41,22,63,6,0
2024-04-03,40,25,6,0,40,22,62,6,0
2024-04-04,47,29,3,0,40,24,64,5,0
2024-04-05,41,15,5,0,40,23,63,5,0
2024-04-06,28,13,3,2,40,22,62,5,0
2024-04-07,28,15,2,0,41,22,63,4,0
2024-04-08,49,35,1,0,40,23,63,4,0
2024-04-09,42,23,7,2,39,22,61,4,1
2024-04-10,40,32,6,2,39,23,62,4,1
2024-04-11,38,24,5,0,38,22,60,4,1
2024-04-12,41,19,7,0,38,23,61,4,1
2024-04-13,26,17,4,0,38,24,61,5,1
2024-04-14,24,16,3,0,37,24,61,5,1
2024-04-15,47,21,2,0,37,22,59,5,1
2024-04-16,36,19,4,0,36,21,57,4,0
2024-04-17,40,23,2,0,36,20,56,4,0
2024-04-18,26,29,9,0,34,21,55,4,0
2024-04-19,39,24,6,0,34,21,55,4,0
2024-04-20,32,12,3,1,35,21,55,4,0
2024-04-21,28,24,4,1,35,22,57,4,0
2024-04-22,38,30,8,0,34,23,57,5,0
2024-04-23,44,26,8,0,35,24,59,6,0
2024-04-24,31,29,4,0,34,25,59,6,0
2024-04-25,44,28,5,0,37,25,61,5,0
2024-04-26,46,27,7,1,38,25,63,6,0
2024-04-27,25,17,2,0,37,26,62,5,0
2024-04-28,24,27,0,0,36,26,62,5,0
2024-04-29,42,7,0,0,37,23,60,4,0
