date_of_interest,si_case_count,si_probable_case_count,si_hospitalized_count,si_death_count,si_case_count_7day_avg,si_probable_case_count_7day_avg,si_all_case_count_7day_avg,si_hospitalized_count_7day_avg,si_death_count_7day_avg
2020-03-06,1,0,1,0,0,0,0,0,0
2020-03-07,1,0,0,0,0,0,0,0,0
2020-03-08,1,0,0,0,0,0,0,0,0
2020-03-09,3,0,2,0,1,0,1,1,0
2020-03-10,2,0,5,0,1,0,1,1,0
2020-03-11,3,0,2,0,2,0,2,2,0
2020-03-12,13,0,3,0,3,0,3,2,0
2020-03-13,26,0,2,0,7,0,7,2,0
2020-03-14,23,0,7,0,10,0,10,3,0
2020-03-15,47,0,20,0,17,0,17,6,0
2020-03-16,91,0,15,0,29,0,29,8,0
2020-03-17,108,1,23,1,44,0,45,10,0
2020-03-18,150,0,22,0,65,0,66,13,0
2020-03-19,258,0,26,4,100,0,101,16,1
2020-03-20,310,1,33,4,141,0,141,21,1
2020-03-21,248,2,33,3,173,1,174,25,2
2020-03-22,317,1,34,7,212,1,212,27,3
2020-03-23,209,0,43,8,229,1,229,31,4
2020-03-24,350,0,48,6,263,1,264,34,5
2020-03-25,394,0,52,4,298,1,299,38,5
2020-03-26,405,2,56,12,319,1,320,43,6
2020-03-27,372,0,64,7,328,1,329,47,7
2020-03-28,265,1,50,14,330,1,331,50,8
2020-03-29,230,3,64,20,318,1,319,54,10
2020-03-30,398,0,72,10,345,1,346,58,10
2020-03-31,237,1,69,23,329,1,330,61,13
2020-04-01,264,3,83,19,310,1,312,65,15
2020-04-02,369,8,74,36,305,2,307,68,18
2020-04-03,345,4,68,33,301,3,304,69,22
2020-04-04,345,3,54,23,313,3,316,69,23
2020-04-05,323,6,72,28,326,4,329,70,25
2020-04-06,730,8,83,32,373,5,378,72,28
2020-04-07,630,9,69,36,429,6,435,72,30
2020-04-08,562,9,62,43,472,7,479,69,33
2020-04-09,298,9,53,34,462,7,469,66,33
2020-04-10,301,5,60,24,456,7,463,65,31
2020-04-11,311,5,47,33,451,7,458,64,33
2020-04-12,253,7,44,33,441,7,448,60,34
2020-04-13,185,8,58,33,363,7,370,56,34
2020-04-14,290,4,46,28,314,7,321,53,33
2020-04-15,317,7,31,31,279,6,286,48,31
2020-04-16,211,3,42,17,267,6,272,47,28
2020-04-17,279,4,32,19,264,5,269,43,28
2020-04-18,153,6,29,25,241,6,247,40,27
2020-04-19,134,8,28,27,224,6,230,38,26
2020-04-20,224,5,32,22,230,5,235,34,24
2020-04-21,216,5,24,16,219,5,225,31,22
2020-04-22,173,4,17,18,199,5,204,29,21
2020-04-23,127,4,22,17,187,5,192,26,21
2020-04-24,143,3,29,17,167,5,172,26,20
2020-04-25,88,2,23,11,158,4,162,25,18
2020-04-26,46,3,17,10,145,4,149,23,16
2020-04-27,107,3,20,12,129,3,132,22,14
2020-04-28,130,2,14,10,116,3,119,20,14
2020-04-29,123,2,13,16,109,3,112,20,13
2020-04-30,130,1,12,12,110,2,112,18,13
2020-05-01,78,6,13,14,100,3,103,16,12
2020-05-02,61,1,18,13,96,3,99,15,12
2020-05-03,35,1,13,16,95,2,97,15,13
2020-05-04,88,4,14,12,92,2,95,14,13
2020-05-05,82,0,11,12,85,2,87,13,14
2020-05-06,60,0,14,8,76,2,78,14,12
2020-05-07,60,2,13,6,66,2,68,14,12
2020-05-08,42,0,11,5,61,1,62,13,10
2020-05-09,32,0,9,3,57,1,58,12,9
2020-05-10,14,0,5,8,54,1,55,11,8
2020-05-11,27,1,4,4,45,0,46,10,7
2020-05-12,53,0,10,6,41,0,42,9,6
2020-05-13,47,0,12,6,39,0,40,9,5
2020-05-14,42,2,11,8,37,0,37,9,6
2020-05-15,33,0,7,6,35,0,36,8,6
2020-05-16,25,0,3,2,34,0,35,7,6
2020-05-17,10,0,5,2,34,0,34,7,5
2020-05-18,38,0,6,2,35,0,36,8,5
2020-05-19,42,0,6,5,34,0,34,7,4
2020-05-20,56,0,5,7,35,0,35,6,5
2020-05-21,78,0,5,3,40,0,40,5,4
2020-05-22,32,1,4,6,40,0,40,5,4
2020-05-23,37,0,4,2,42,0,42,5,4
2020-05-24,15,0,5,5,43,0,43,5,4
2020-05-25,16,0,3,2,39,0,40,5,4
2020-05-26,58,0,4,1,42,0,42,4,4
2020-05-27,43,0,3,2,40,0,40,4,3
2020-05-28,30,0,7,1,33,0,33,4,3
2020-05-29,27,2,3,4,32,0,33,4,2
2020-05-30,15,0,2,1,29,0,29,4,2
2020-05-31,12,0,0,2,29,0,29,3,2
2020-06-01,43,0,2,3,33,0,33,3,2
2020-06-02,34,2,6,2,29,1,30,3,2
2020-06-03,45,0,3,2,29,1,30,3,2
2020-06-04,29,1,1,3,29,1,30,2,2
2020-06-05,8,0,1,1,27,0,27,2,2
2020-06-06,7,1,2,0,25,1,26,2,2
2020-06-07,4,1,4,1,24,1,25,3,2
2020-06-08,19,0,2,0,21,1,22,3,1
2020-06-09,19,0,4,2,19,0,19,2,1
2020-06-10,14,1,3,2,14,1,15,2,1
2020-06-11,16,0,1,1,12,0,13,2,1
2020-06-12,18,1,3,0,14,1,14,3,1
2020-06-13,2,0,1,1,13,0,14,3,1
2020-06-14,4,0,0,2,13,0,13,2,1
2020-06-15,18,0,0,2,13,0,13,2,1
2020-06-16,20,0,1,0,13,0,13,1,1
2020-06-17,16,0,0,0,13,0,14,1,1
2020-06-18,25,0,1,1,15,0,15,1,1
2020-06-19,9,1,1,2,13,0,14,1,1
2020-06-20,6,0,0,2,14,0,14,0,1
2020-06-21,9,0,2,1,15,0,15,1,1
2020-06-22,18,0,2,2,15,0,15,1,1
2020-06-23,16,1,2,0,14,0,14,1,1
2020-06-24,14,0,4,1,14,0,14,2,1
2020-06-25,28,1,3,1,14,0,15,2,1
2020-06-26,16,0,2,1,15,0,16,2,1
2020-06-27,13,1,1,2,16,0,17,2,1
2020-06-28,11,1,0,0,17,1,17,2,1
2020-06-29,23,1,1,3,17,1,18,2,1
2020-06-30,29,0,2,0,19,1,20,2,1
2020-07-01,39,2,0,1,23,1,24,1,1
2020-07-02,17,1,0,3,21,1,22,1,1
2020-07-03,8,0,1,0,20,1,21,1,1
2020-07-04,12,1,1,1,20,1,21,1,1
2020-07-05,12,0,0,0,20,1,21,1,1
2020-07-06,28,0,2,0,21,1,21,1,1
2020-07-07,32,2,1,0,21,1,22,1,1
2020-07-08,25,0,2,2,19,1,20,1,1
2020-07-09,18,1,1,0,19,1,20,1,0
2020-07-10,13,0,3,0,20,1,21,1,0
2020-07-11,13,1,0,0,20,1,21,1,0
2020-07-12,13,0,0,0,20,1,21,1,0
2020-07-13,35,2,5,1,21,1,22,2,0
2020-07-14,19,0,0,0,19,1,20,2,0
2020-07-15,22,1,1,0,19,1,20,1,0
2020-07-16,35,0,3,0,21,1,22,2,0
2020-07-17,22,0,1,0,23,1,23,1,0
2020-07-18,19,1,1,0,24,1,24,2,0
2020-07-19,17,1,2,0,24,1,25,2,0
2020-07-20,32,1,3,0,24,1,24,2,0
2020-07-21,21,0,2,0,24,1,25,2,0
2020-07-22,20,0,2,0,24,0,24,2,0
2020-07-23,27,0,5,0,23,0,23,2,0
2020-07-24,28,3,1,1,23,1,24,2,0
2020-07-25,13,0,4,0,23,1,23,3,0
2020-07-26,19,0,2,0,23,1,23,3,0
2020-07-27,26,1,1,0,22,1,23,2,0
2020-07-28,18,2,4,1,22,1,22,3,0
2020-07-29,13,1,2,1,21,1,22,3,0
2020-07-30,12,0,2,0,18,1,19,2,0
2020-07-31,18,2,3,0,17,1,18,3,0
2020-08-01,7,1,2,0,16,1,17,2,0
2020-08-02,8,0,4,0,15,1,16,3,0
2020-08-03,19,0,1,0,14,1,14,3,0
2020-08-04,7,0,1,0,12,1,13,2,0
2020-08-05,15,0,0,0,12,0,13,2,0
2020-08-06,18,0,3,0,13,0,14,2,0
2020-08-07,6,2,0,0,11,0,12,2,0
2020-08-08,7,2,1,0,11,1,12,1,0
2020-08-09,12,0,1,0,12,1,13,1,0
2020-08-10,22,1,2,0,12,1,13,1,0
2020-08-11,18,2,4,0,14,1,15,2,0
2020-08-12,18,1,0,1,14,1,16,2,0
2020-08-13,12,2,0,0,14,1,15,1,0
2020-08-14,16,0,2,1,15,1,16,1,0
2020-08-15,9,3,2,0,15,1,17,2,0
2020-08-16,7,0,1,0,15,1,16,2,0
2020-08-17,14,0,0,1,13,1,15,1,0
2020-08-18,14,0,2,0,13,1,14,1,0
2020-08-19,18,1,1,0,13,1,14,1,0
2020-08-20,20,0,1,0,14,1,15,1,0
2020-08-21,14,1,0,0,14,1,14,1,0
2020-08-22,7,1,1,1,13,0,14,1,0
2020-08-23,7,0,0,0,13,0,14,1,0
2020-08-24,15,1,2,1,14,1,14,1,0
2020-08-25,12,0,1,0,13,1,14,1,0
2020-08-26,16,3,2,0,13,1,14,1,0
2020-08-27,13,1,2,0,12,1,13,1,0
2020-08-28,21,0,1,0,13,1,14,1,0
2020-08-29,7,2,1,0,13,1,14,1,0
2020-08-30,25,0,4,0,16,1,17,2,0
2020-08-31,22,0,1,0,17,1,17,2,0
2020-09-01,24,1,1,1,18,1,19,2,0
2020-09-02,17,0,0,0,18,1,19,1,0
2020-09-03,17,4,1,0,19,1,20,1,0
2020-09-04,26,2,2,0,20,1,21,1,0
2020-09-05,24,0,0,0,22,1,23,1,0
2020-09-06,13,1,1,0,20,1,22,1,0
2020-09-07,18,0,2,0,20,1,21,1,0
2020-09-08,30,2,1,0,21,1,22,1,0
2020-09-09,25,2,1,0,22,2,23,1,0
2020-09-10,27,0,3,0,23,1,24,1,0
2020-09-11,16,1,2,0,22,1,23,1,0
2020-09-12,19,1,1,0,21,1,22,2,0
2020-09-13,13,2,1,0,21,1,22,2,0
2020-09-14,26,0,2,0,22,1,23,2,0
2020-09-15,18,1,1,0,21,1,22,2,0
2020-09-16,18,2,1,1,20,1,21,2,0
2020-09-17,25,0,2,0,19,1,20,1,0
2020-09-18,24,2,0,0,20,1,22,1,0
2020-09-19,13,2,1,0,20,1,21,1,0
2020-09-20,21,2,1,0,21,1,22,1,0
2020-09-21,24,4,2,0,20,2,22,1,0
2020-09-22,26,1,0,0,22,2,23,1,0
2020-09-23,37,1,0,1,24,2,26,1,0
2020-09-24,26,4,3,0,24,2,27,1,0
2020-09-25,28,7,1,0,25,3,28,1,0
2020-09-26,33,2,2,0,28,3,31,1,0
2020-09-27,28,1,3,0,29,3,32,2,0
2020-09-28,47,3,2,0,32,3,35,2,0
2020-09-29,33,1,3,0,33,3,36,2,0
2020-09-30,41,3,0,1,34,3,37,2,0
2020-10-01,26,2,1,0,34,3,36,2,0
2020-10-02,36,8,2,0,35,3,38,2,0
2020-10-03,17,9,3,1,33,4,36,2,0
2020-10-04,26,11,4,1,32,5,38,2,0
2020-10-05,37,7,2,0,31,6,37,2,0
2020-10-06,29,4,1,0,30,6,37,2,0
2020-10-07,37,10,0,0,30,7,37,2,0
2020-10-08,33,3,4,0,31,7,38,2,0
2020-10-09,31,12,3,0,30,8,38,2,0
2020-10-10,36,6,5,1,33,8,40,3,0
2020-10-11,14,6,1,0,31,7,38,2,0
2020-10-12,37,2,0,1,31,6,37,2,0
2020-10-13,45,8,5,0,33,7,40,3,0
2020-10-14,33,8,5,1,33,6,39,3,0
2020-10-15,40,7,3,0,34,7,41,3,0
2020-10-16,38,12,4,1,35,7,42,3,1
2020-10-17,39,8,6,0,35,7,42,3,0
2020-10-18,33,18,3,1,38,9,47,4,1
2020-10-19,36,14,4,1,38,11,48,4,1
2020-10-20,38,15,4,0,37,12,48,4,1
2020-10-21,49,11,8,1,39,12,51,5,1
2020-10-22,76,26,4,0,44,15,59,5,1
2020-10-23,48,13,3,1,46,15,61,5,1
2020-10-24,32,16,4,0,45,16,61,4,1
2020-10-25,32,20,3,1,44,16,61,4,1
2020-10-26,69,33,5,0,49,19,68,4,0
2020-10-27,76,27,3,0,55,21,75,4,0
2020-10-28,90,29,3,1,60,23,84,4,0
2020-10-29,56,34,5,0,58,25,82,4,0
2020-10-30,77,25,6,2,62,26,88,4,1
2020-10-31,52,15,5,0,65,26,91,4,1
2020-11-01,45,21,8,1,66,26,93,5,1
2020-11-02,93,44,3,0,70,28,98,5,1
2020-11-03,92,44,5,0,72,30,102,5,1
2020-11-04,138,45,6,1,79,33,112,5,1
2020-11-05,111,48,9,0,87,35,121,6,1
2020-11-06,131,56,1,1,95,39,134,5,0
2020-11-07,89,54,3,1,100,45,144,5,1
2020-11-08,99,61,11,1,108,50,158,5,1
2020-11-09,202,66,5,0,123,53,177,6,1
2020-11-10,146,90,9,0,131,60,191,6,1
2020-11-11,169,50,18,1,135,61,196,8,1
2020-11-12,165,60,11,2,143,62,205,8,1
2020-11-13,173,59,12,1,149,63,212,10,1
2020-11-14,111,51,11,1,152,62,215,11,1
2020-11-15,152,46,12,4,160,60,220,11,1
2020-11-16,187,69,10,2,158,61,218,12,2
2020-11-17,190,45,8,2,164,54,218,12,2
2020-11-18,197,52,13,2,168,55,222,11,2
2020-11-19,200,49,20,0,173,53,226,12,2
2020-11-20,224,38,17,1,180,50,230,13,2
2020-11-21,161,31,20,4,187,47,234,14,2
2020-11-22,178,35,19,1,191,46,237,15,2
2020-11-23,289,57,25,1,206,44,249,17,2
2020-11-24,238,46,19,3,212,44,256,19,2
2020-11-25,295,63,20,4,226,46,272,20,2
2020-11-26,92,31,19,2,211,43,254,20,2
2020-11-27,273,74,27,5,218,48,266,21,3
2020-11-28,215,50,12,1,226,51,277,20,2
2020-11-29,280,65,23,4,240,55,295,21,3
2020-11-30,378,93,13,3,253,60,313,19,3
2020-12-01,362,106,25,10,271,69,340,20,4
2020-12-02,384,90,23,4,283,73,356,20,4
2020-12-03,337,92,35,3,318,81,400,23,4
2020-12-04,328,61,23,7,326,80,406,22,5
2020-12-05,249,85,20,4,331,85,416,23,5
2020-12-06,216,53,22,3,322,83,405,23,5
2020-12-07,370,84,32,2,321,82,402,26,5
2020-12-08,291,93,22,4,311,80,390,25,4
2020-12-09,318,73,37,4,301,77,379,27,4
2020-12-10,277,71,27,2,293,74,367,26,4
2020-12-11,266,67,23,7,284,75,359,26,4
2020-12-12,218,41,23,8,279,69,348,27,4
2020-12-13,248,64,19,7,284,70,354,26,5
2020-12-14,350,91,19,4,281,71,353,24,5
2020-12-15,339,69,17,7,288,68,356,24,6
2020-12-16,236,58,13,4,276,66,342,20,6
2020-12-17,187,56,20,5,263,64,327,19,6
2020-12-18,335,64,20,5,273,63,337,19,6
2020-12-19,260,63,19,4,279,66,346,18,5
2020-12-20,293,72,22,9,286,68,353,19,5
2020-12-21,429,87,20,3,297,67,364,19,5
2020-12-22,364,76,24,10,301,68,369,20,6
2020-12-23,399,84,23,5,324,72,396,21,6
2020-12-24,241,50,13,5,332,71,402,20,6
2020-12-25,96,64,13,7,297,71,368,19,6
2020-12-26,393,96,20,2,316,76,392,19,6
2020-12-27,312,79,19,9,319,77,396,19,6
2020-12-28,561,87,20,7,338,77,415,19,6
2020-12-29,584,80,19,9,369,77,447,18,6
2020-12-30,465,92,17,6,379,78,457,17,6
2020-12-31,387,70,20,2,400,81,481,18,6
2021-01-01,122,76,27,3,403,83,486,20,5
2021-01-02,509,109,26,8,420,85,505,21,6
2021-01-03,399,82,15,5,432,85,518,21,6
2021-01-04,658,143,29,8,446,93,539,22,6
2021-01-05,517,100,24,5,437,96,533,23,5
2021-01-06,525,90,31,6,445,96,541,25,5
2021-01-07,452,90,28,7,455,99,553,26,6
2021-01-08,481,72,26,8,506,98,604,26,7
2021-01-09,371,73,29,4,486,93,579,26,6
2021-01-10,343,72,27,4,478,91,570,28,6
2021-01-11,469,85,27,2,451,83,534,27,5
2021-01-12,415,106,31,5,437,84,521,28,5
2021-01-13,377,93,33,6,415,84,500,29,5
2021-01-14,419,90,33,6,411,84,495,29,5
2021-01-15,355,76,32,10,393,85,478,30,5
2021-01-16,297,58,25,2,382,83,465,30,5
2021-01-17,256,62,23,2,370,81,451,29,5
2021-01-18,379,114,32,7,357,86,442,30,5
2021-01-19,337,83,24,7,346,82,428,29,6
2021-01-20,352,73,18,7,342,79,422,27,6
2021-01-21,350,87,25,4,332,79,411,26,6
2021-01-22,330,90,29,4,329,81,410,25,5
2021-01-23,245,65,21,10,321,82,403,25,6
2021-01-24,179,58,20,8,310,81,392,24,7
2021-01-25,365,89,18,8,308,78,386,22,7
2021-01-26,285,68,21,2,301,76,377,22,6
2021-01-27,279,67,28,5,290,75,365,23,6
2021-01-28,270,59,16,7,279,71,350,22,6
2021-01-29,234,61,16,6,265,67,332,20,7
2021-01-30,164,49,18,4,254,64,318,20,6
2021-01-31,218,55,17,6,259,64,323,19,5
2021-02-01,43,22,13,3,213,54,268,18,5
2021-02-02,142,35,18,6,193,50,243,18,5
2021-02-03,321,65,18,7,199,49,248,17,6
2021-02-04,285,69,14,3,201,51,252,16,5
2021-02-05,242,71,20,4,202,52,254,17,5
2021-02-06,180,54,22,7,204,53,257,17,5
2021-02-07,99,46,10,3,187,52,239,16,5
2021-02-08,267,71,19,5,219,59,278,17,5
2021-02-09,245,55,26,3,234,62,296,18,5
2021-02-10,274,72,22,5,227,63,290,19,4
2021-02-11,228,51,15,5,219,60,279,19,5
2021-02-12,231,42,24,5,218,56,274,20,5
2021-02-13,135,55,9,5,211,56,267,18,4
2021-02-14,115,59,14,3,214,58,271,18,4
2021-02-15,234,49,16,4,209,55,264,18,4
2021-02-16,190,64,12,3,201,56,257,16,4
2021-02-17,196,56,8,3,190,54,244,14,4
2021-02-18,110,33,10,2,173,51,224,13,4
2021-02-19,227,65,14,1,172,54,227,12,3
2021-02-20,172,41,10,7,178,52,230,12,3
2021-02-21,151,29,14,3,183,48,231,12,3
2021-02-22,228,64,13,5,182,50,232,12,3
2021-02-23,201,45,14,3,184,48,231,12,3
2021-02-24,217,35,10,8,187,45,231,12,4
2021-02-25,263,55,11,3,208,48,256,12,4
2021-02-26,216,71,15,5,207,49,255,12,5
2021-02-27,138,35,12,2,202,48,250,13,4
2021-02-28,150,67,6,2,202,53,255,12,4
2021-03-01,261,67,17,6,207,54,260,12,4
2021-03-02,255,47,21,5,214,54,268,13,4
2021-03-03,267,61,13,4,221,58,279,14,4
2021-03-04,250,74,10,5,220,60,280,13,4
2021-03-05,236,61,19,5,222,59,281,14,4
2021-03-06,172,45,13,3,227,60,288,14,4
2021-03-07,147,45,15,3,227,57,284,15,4
2021-03-08,259,66,22,7,227,57,284,16,5
2021-03-09,233,54,16,1,223,58,281,15,4
2021-03-10,259,76,13,4,222,60,282,15,4
2021-03-11,213,71,15,5,217,60,277,16,4
2021-03-12,244,56,14,1,218,59,277,15,3
2021-03-13,177,52,5,5,219,60,279,14,4
2021-03-14,149,52,11,1,219,61,280,14,3
2021-03-15,226,89,18,4,214,64,279,13,3
2021-03-16,213,73,15,5,212,67,279,13,4
2021-03-17,267,64,17,4,213,65,278,14,4
2021-03-18,232,78,24,3,215,66,282,15,3
2021-03-19,267,48,18,3,219,65,284,15,4
2021-03-20,160,65,17,5,216,67,283,17,4
2021-03-21,174,57,19,3,220,68,288,18,4
2021-03-22,317,85,23,3,233,67,300,19,4
2021-03-23,253,67,16,4,239,66,305,19,4
2021-03-24,288,76,23,4,242,68,310,20,4
2021-03-25,296,80,25,3,251,68,319,20,4
2021-03-26,309,54,28,6,257,69,326,22,4
2021-03-27,215,69,14,2,265,70,334,21,4
2021-03-28,152,50,16,6,261,69,330,21,4
2021-03-29,311,104,20,1,261,71,332,20,4
2021-03-30,247,44,20,2,260,68,328,21,3
2021-03-31,261,75,21,6,256,68,324,21,4
2021-04-01,226,49,14,3,246,64,309,19,4
2021-04-02,221,63,19,2,233,65,298,18,3
2021-04-03,201,38,12,0,231,60,292,17,3
2021-04-04,141,48,13,3,230,60,290,17,2
2021-04-05,284,67,17,5,226,55,281,17,3
2021-04-06,245,75,7,5,226,59,285,15,3
2021-04-07,227,63,19,7,221,58,278,14,4
2021-04-08,236,46,11,3,222,57,279,14,4
2021-04-09,253,55,19,1,227,56,283,14,3
2021-04-10,150,51,12,3,219,58,277,14,4
2021-04-11,129,42,8,2,218,57,275,13,4
2021-04-12,205,64,12,1,206,57,263,13,3
2021-04-13,167,32,14,2,195,50,246,14,3
2021-04-14,214,40,13,1,193,47,241,13,2
2021-04-15,179,51,17,5,185,48,233,14,2
2021-04-16,184,45,15,2,175,46,222,13,2
2021-04-17,115,39,10,1,170,45,215,13,2
2021-04-18,105,46,14,2,167,45,212,14,2
2021-04-19,182,43,16,4,164,42,206,14,2
2021-04-20,146,34,11,2,161,43,203,14,2
2021-04-21,132,48,13,0,149,44,193,14,2
2021-04-22,127,34,10,4,142,41,183,13,2
2021-04-23,134,31,14,2,134,39,174,13,2
2021-04-24,79,31,9,1,129,38,167,12,2
2021-04-25,69,16,4,2,124,34,158,11,2
2021-04-26,117,22,7,1,115,31,146,10,2
2021-04-27,97,31,9,2,108,30,138,9,2
2021-04-28,109,21,9,0,105,27,131,9,2
2021-04-29,90,23,9,2,99,25,124,9,1
2021-04-30,80,26,3,3,92,24,116,7,2
2021-05-01,58,12,3,2,89,22,110,6,2
2021-05-02,60,15,12,2,87,21,109,7,2
2021-05-03,72,22,4,4,81,21,102,7,2
2021-05-04,81,22,6,6,79,20,99,7,3
2021-05-05,61,18,6,1,72,20,91,6,3
2021-05-06,54,9,5,2,67,18,84,6,3
2021-05-07,80,22,5,4,67,17,84,6,3
2021-05-08,38,18,2,2,64,18,82,6,3
2021-05-09,26,9,1,1,59,17,76,4,3
2021-05-10,50,12,2,1,56,16,71,4,2
2021-05-11,64,17,5,3,53,15,68,4,2
2021-05-12,66,13,4,2,54,14,68,3,2
2021-05-13,48,9,4,1,53,14,67,3,2
2021-05-14,46,17,5,1,48,14,62,3,2
2021-05-15,20,10,4,0,46,12,58,4,1
2021-05-16,18,19,1,1,45,14,58,4,1
2021-05-17,37,16,5,0,43,14,57,4,1
2021-05-18,44,10,2,0,40,13,53,4,1
2021-05-19,27,7,3,0,34,13,47,3,0
2021-05-20,33,8,3,3,32,12,45,3,1
2021-05-21,27,10,6,1,29,11,41,3,1
2021-05-22,21,3,2,2,30,10,40,3,1
2021-05-23,23,6,4,2,30,9,39,4,1
2021-05-24,47,17,1,0,32,9,40,3,1
2021-05-25,37,4,0,0,31,8,39,3,1
2021-05-26,10,6,4,1,28,8,36,3,1
2021-05-27,33,4,3,2,28,7,35,3,1
2021-05-28,18,7,1,3,27,7,34,2,1
2021-05-29,9,3,0,0,25,7,32,2,1
2021-05-30,14,3,1,0,24,6,30,1,1
2021-05-31,10,6,1,0,19,5,23,1,1
2021-06-01,30,4,2,0,18,5,22,2,1
2021-06-02,21,5,5,0,19,5,24,2,1
2021-06-03,14,8,2,2,17,5,22,2,1
2021-06-04,25,3,2,0,18,5,22,2,0
2021-06-05,12,3,3,1,18,5,23,2,0
2021-06-06,15,3,2,0,18,5,23,2,0
2021-06-07,19,5,3,0,19,4,24,3,0
2021-06-08,17,4,1,2,18,4,22,3,1
2021-06-09,17,6,1,0,17,5,22,2,1
2021-06-10,12,4,2,0,17,4,21,2,0
2021-06-11,15,4,2,0,15,4,19,2,0
2021-06-12,15,5,2,0,16,4,20,2,0
2021-06-13,12,5,3,0,15,5,20,2,0
2021-06-14,12,5,1,1,14,5,19,2,0
2021-06-15,19,2,4,1,15,4,19,2,0
2021-06-16,26,5,2,0,16,4,20,2,0
2021-06-17,23,3,1,0,17,4,22,2,0
2021-06-18,20,11,1,2,18,5,23,2,1
2021-06-19,14,4,3,2,18,5,23,2,1
2021-06-20,9,5,2,0,18,5,23,2,1
2021-06-21,26,17,5,0,20,7,26,3,1
2021-06-22,17,7,7,0,19,7,27,3,1
2021-06-23,24,4,1,0,19,7,26,3,1
2021-06-24,29,5,2,0,20,8,27,3,1
2021-06-25,24,3,0,1,20,6,27,3,0
2021-06-26,24,3,3,0,22,6,28,3,0
2021-06-27,22,8,0,0,24,7,30,3,0
2021-06-28,30,9,3,2,24,6,30,2,0
2021-06-29,35,7,0,0,27,6,32,1,0
2021-06-30,27,10,1,0,27,6,34,1,0
2021-07-01,33,4,8,0,28,6,34,2,0
2021-07-02,21,4,5,0,27,6,34,3,0
2021-07-03,25,3,4,0,28,6,34,3,0
2021-07-04,19,0,2,0,27,5,32,3,0
2021-07-05,20,4,1,0,26,5,30,3,0
2021-07-06,32,6,5,0,25,4,30,4,0
2021-07-07,44,5,2,0,28,4,31,4,0
2021-07-08,46,13,3,0,30,5,35,3,0
2021-07-09,32,13,2,1,31,6,37,3,0
2021-07-10,30,6,0,0,32,7,39,2,0
2021-07-11,25,5,1,1,33,7,40,2,0
2021-07-12,35,5,0,0,35,8,42,2,0
2021-07-13,64,7,3,0,39,8,47,2,0
2021-07-14,46,13,2,0,40,9,49,2,0
2021-07-15,54,17,2,1,41,9,50,1,0
2021-07-16,61,7,1,1,45,9,54,1,0
2021-07-17,35,4,6,0,46,8,54,2,0
2021-07-18,29,4,4,0,46,8,54,3,0
2021-07-19,78,19,3,0,52,10,63,3,0
2021-07-20,74,19,4,0,54,12,66,3,0
2021-07-21,63,20,5,1,56,13,69,4,0
2021-07-22,88,32,4,1,61,15,76,4,0
2021-07-23,55,19,5,0,60,17,77,4,0
2021-07-24,54,22,5,0,63,19,82,4,0
2021-07-25,67,22,4,2,68,22,90,4,1
2021-07-26,113,38,4,1,73,25,98,4,1
2021-07-27,103,16,7,1,78,24,102,5,1
2021-07-28,108,26,3,0,84,25,109,5,1
2021-07-29,119,34,13,0,88,25,114,6,1
2021-07-30,123,34,3,0,98,27,126,6,1
2021-07-31,95,14,7,0,104,26,130,6,1
2021-08-01,73,25,3,3,105,27,132,6,1
2021-08-02,122,30,6,0,106,26,132,6,1
2021-08-03,153,30,13,0,113,28,141,7,0
2021-08-04,165,26,13,1,121,28,149,8,1
2021-08-05,114,34,3,1,121,28,148,7,1
2021-08-06,141,31,11,1,123,27,150,8,1
2021-08-07,125,27,8,2,128,29,157,8,1
2021-08-08,131,24,10,2,136,29,165,9,1
2021-08-09,173,38,0,0,143,30,173,8,1
2021-08-10,152,22,6,1,143,29,172,7,1
2021-08-11,151,21,18,0,141,28,169,8,1
2021-08-12,172,22,15,0,149,26,176,10,1
2021-08-13,144,24,7,0,150,25,175,9,1
2021-08-14,96,27,16,1,146,25,171,10,1
2021-08-15,81,36,8,1,138,27,166,10,0
2021-08-16,143,49,7,2,134,29,163,11,1
2021-08-17,133,35,13,1,131,31,162,12,1
2021-08-18,163,32,12,3,133,32,165,11,1
2021-08-19,136,33,10,2,128,34,162,10,1
2021-08-20,125,33,11,0,125,35,160,11,1
2021-08-21,118,23,4,0,128,34,163,9,1
2021-08-22,84,15,6,2,129,31,160,9,1
2021-08-23,161,23,7,1,131,28,159,9,1
2021-08-24,168,21,5,2,136,26,162,8,1
2021-08-25,170,26,4,0,137,25,162,7,1
2021-08-26,150,37,8,3,139,25,165,6,1
2021-08-27,133,31,9,0,141,25,166,6,1
2021-08-28,112,25,3,1,140,25,165,6,1
2021-08-29,91,19,8,1,141,26,167,6,1
2021-08-30,182,39,8,1,144,28,172,6,1
2021-08-31,202,31,12,2,149,30,178,7,1
2021-09-01,139,15,9,0,144,28,172,8,1
2021-09-02,174,27,11,0,148,27,174,9,1
2021-09-03,197,24,4,1,157,26,182,8,1
2021-09-04,110,21,6,2,156,25,182,8,1
2021-09-05,110,21,7,1,159,25,185,8,1
2021-09-06,98,25,6,1,147,23,171,8,1
2021-09-07,171,32,7,0,143,24,166,7,1
2021-09-08,131,29,3,2,142,26,167,6,1
2021-09-09,129,20,8,1,135,25,160,6,1
2021-09-10,131,30,6,0,126,25,151,6,1
2021-09-11,104,16,8,1,125,25,150,6,1
2021-09-12,102,18,6,1,124,24,148,6,1
2021-09-13,122,33,9,2,127,25,153,7,1
2021-09-14,147,39,6,0,124,26,150,7,1
2021-09-15,153,39,11,1,127,28,155,8,1
2021-09-16,135,36,7,1,128,30,158,8,1
2021-09-17,104,33,5,1,124,31,154,7,1
2021-09-18,89,30,3,0,122,33,154,7,1
2021-09-19,79,35,9,0,118,35,153,7,1
2021-09-20,150,35,8,1,122,35,158,7,1
2021-09-21,95,23,5,0,115,33,148,7,1
2021-09-22,111,39,5,2,109,33,142,6,1
2021-09-23,90,26,9,1,103,32,134,6,1
2021-09-24,80,30,2,0,99,31,130,6,1
2021-09-25,82,18,4,1,98,29,128,6,1
2021-09-26,86,23,4,4,99,28,127,5,1
2021-09-27,110,17,4,0,93,25,119,5,1
2021-09-28,97,27,5,0,94,26,119,5,1
2021-09-29,96,31,4,2,92,25,116,5,1
2021-09-30,82,30,6,1,90,25,116,4,1
2021-10-01,76,26,2,1,90,25,114,4,1
2021-10-02,48,18,4,0,85,25,110,4,1
2021-10-03,69,19,2,0,83,24,107,4,1
2021-10-04,88,33,3,1,79,26,106,4,1
2021-10-05,105,20,4,1,81,25,106,4,1
2021-10-06,74,20,7,2,77,24,101,4,1
2021-10-07,98,24,6,1,80,23,103,4,1
2021-10-08,77,21,3,1,80,22,102,4,1
2021-10-09,55,16,4,0,81,22,103,4,1
2021-10-10,72,16,7,4,81,21,103,5,1
2021-10-11,67,17,5,1,78,19,97,5,1
2021-10-12,112,16,4,1,79,19,98,5,1
2021-10-13,114,27,8,1,85,20,105,5,1
2021-10-14,111,17,2,1,87,19,105,5,1
2021-10-15,81,22,4,0,87,19,106,5,1
2021-10-16,47,17,6,1,86,19,105,5,1
2021-10-17,66,13,2,0,85,18,104,4,1
2021-10-18,80,28,9,1,87,20,107,5,1
2021-10-19,83,15,3,1,83,20,103,5,1
2021-10-20,75,7,7,0,78,17,95,5,1
2021-10-21,87,12,6,1,74,16,90,5,1
2021-10-22,76,12,3,2,73,15,88,5,1
2021-10-23,61,13,6,0,75,14,90,5,1
2021-10-24,57,12,4,3,74,14,88,5,1
2021-10-25,82,10,2,0,74,12,86,4,1
2021-10-26,69,11,5,0,72,11,83,5,1
2021-10-27,71,11,2,0,72,12,83,4,1
2021-10-28,77,13,1,1,70,12,82,3,1
2021-10-29,56,14,3,0,68,12,80,3,1
2021-10-30,39,9,4,0,64,11,76,3,1
2021-10-31,32,11,3,1,61,11,72,3,0
2021-11-01,56,17,4,0,57,12,69,3,0
2021-11-02,60,14,7,3,56,13,69,3,1
2021-11-03,66,10,4,0,55,13,68,4,1
2021-11-04,53,10,3,1,52,12,64,4,1
2021-11-05,54,14,4,0,51,12,64,4,1
2021-11-06,42,11,3,4,52,12,64,4,1
2021-11-07,52,21,5,2,55,14,69,4,1
2021-11-08,93,21,6,1,60,14,74,5,2
2021-11-09,90,19,5,2,64,15,79,4,1
2021-11-10,68,26,2,1,65,17,82,4,2
2021-11-11,46,18,3,0,64,19,82,4,1
2021-11-12,89,26,0,3,69,20,89,3,2
2021-11-13,50,14,6,1,70,21,90,4,1
2021-11-14,70,14,4,1,72,20,92,4,1
2021-11-15,126,25,4,1,77,20,97,3,1
2021-11-16,100,21,6,2,78,21,99,4,1
2021-11-17,100,32,4,1,83,21,104,4,1
2021-11-18,95,24,4,0,90,22,112,4,1
2021-11-19,119,22,4,0,94,22,116,5,1
2021-11-20,81,10,3,0,99,21,120,4,1
2021-11-21,91,18,3,0,102,22,123,4,1
2021-11-22,148,30,5,1,105,22,127,4,1
2021-11-23,114,27,11,0,107,23,130,5,0
2021-11-24,155,35,8,1,115,24,138,5,0
2021-11-25,56,15,3,2,109,22,132,5,1
2021-11-26,114,33,10,2,108,24,132,6,1
2021-11-27,105,35,5,2,112,28,139,6,1
2021-11-28,128,29,4,0,117,29,146,7,1
2021-11-29,238,39,8,0,130,30,160,7,1
2021-11-30,180,32,6,1,139,31,171,6,1
2021-12-01,220,42,4,2,149,32,181,6,1
2021-12-02,214,49,7,1,171,37,208,6,1
2021-12-03,200,35,8,2,184,37,221,6,1
2021-12-04,169,27,4,0,193,36,229,6,1
2021-12-05,162,35,10,0,198,37,235,7,1
2021-12-06,253,54,6,0,200,39,239,6,1
2021-12-07,268,38,9,3,212,40,252,7,1
2021-12-08,263,58,5,0,218,42,261,7,1
2021-12-09,269,50,8,0,226,42,269,7,1
2021-12-10,253,47,15,0,234,44,278,8,0
2021-12-11,193,20,11,0,237,43,280,9,0
2021-12-12,213,37,11,1,245,43,288,9,1
2021-12-13,440,66,11,2,271,45,316,10,1
2021-12-14,498,64,10,3,304,49,353,10,1
2021-12-15,607,80,14,1,353,52,405,11,1
2021-12-16,610,87,16,2,402,57,459,13,1
2021-12-17,711,94,19,1,467,64,531,13,1
2021-12-18,613,70,20,1,527,71,599,14,2
2021-12-19,696,86,16,1,596,78,675,15,2
2021-12-20,1457,158,25,0,742,91,833,17,1
2021-12-21,1824,173,19,2,931,107,1038,18,1
2021-12-22,1965,235,25,1,1125,129,1254,20,1
2021-12-23,1952,218,30,4,1317,148,1465,22,1
2021-12-24,1000,104,19,2,1358,149,1507,22,2
2021-12-25,457,55,22,5,1336,147,1483,22,2
2021-12-26,1866,159,32,3,1503,157,1660,25,2
2021-12-27,3720,295,36,1,1826,177,2003,26,3
2021-12-28,3311,192,41,1,2039,180,2218,29,2
2021-12-29,3604,291,52,2,2273,188,2461,33,3
2021-12-30,3124,311,55,0,2440,201,2641,37,2
2021-12-31,1710,173,42,2,2542,211,2753,40,2
2022-01-01,876,102,52,3,2602,218,2819,44,2
2022-01-02,2479,173,58,3,2689,220,2909,48,2
2022-01-03,3424,316,29,2,2647,223,2869,47,2
2022-01-04,2957,264,47,6,2596,233,2829,48,3
2022-01-05,2535,218,56,7,2444,222,2666,48,3
2022-01-06,2093,195,44,4,2296,206,2502,47,4
2022-01-07,1318,131,39,2,2240,200,2440,46,4
2022-01-08,1106,110,46,6,2273,201,2474,46,4
2022-01-09,1123,118,42,7,2079,193,2273,43,5
2022-01-10,1614,186,54,9,1821,175,1995,47,6
2022-01-11,1284,129,44,6,1582,155,1737,46,6
2022-01-12,1119,110,45,4,1380,140,1519,45,5
2022-01-13,973,128,40,7,1220,130,1350,44,6
2022-01-14,805,86,30,5,1146,124,1270,43,6
2022-01-15,535,55,41,2,1065,116,1181,42,6
2022-01-16,452,55,32,3,969,107,1076,41,5
2022-01-17,679,77,49,9,835,91,927,40,5
2022-01-18,706,74,20,8,753,84,836,37,5
2022-01-19,561,77,33,7,673,79,752,35,6
2022-01-20,449,50,23,6,598,68,666,33,6
2022-01-21,390,51,15,6,539,63,602,30,6
2022-01-22,273,23,19,8,501,58,560,27,7
2022-01-23,227,23,15,3,469,54,523,25,7
2022-01-24,425,43,15,14,433,49,482,20,7
2022-01-25,328,21,25,2,379,41,420,21,7
2022-01-26,250,21,20,5,335,33,368,19,6
2022-01-27,259,10,29,8,307,27,335,20,7
2022-01-28,197,21,15,15,280,23,303,20,8
2022-01-29,29,2,9,4,245,20,265,18,7
2022-01-30,116,14,17,4,229,19,248,19,7
2022-01-31,221,11,16,8,200,14,214,19,7
2022-02-01,148,24,10,2,174,15,189,17,7
2022-02-02,159,11,11,8,161,13,175,15,7
2022-02-03,121,14,11,8,142,14,155,13,7
2022-02-04,117,9,14,4,130,12,142,13,5
2022-02-05,70,7,7,3,136,13,149,12,5
2022-02-06,78,6,9,7,131,12,142,11,6
2022-02-07,111,16,4,4,115,12,127,9,5
2022-02-08,101,21,5,3,108,12,120,9,5
2022-02-09,80,9,7,4,97,12,109,8,5
2022-02-10,72,12,3,7,90,11,101,7,5
2022-02-11,67,8,10,6,83,11,94,6,5
2022-02-12,59,5,8,5,81,11,92,7,5
2022-02-13,35,8,6,3,75,11,86,6,5
2022-02-14,69,8,3,4,69,10,79,6,5
2022-02-15,74,7,8,1,65,8,73,6,4
2022-02-16,60,6,3,2,62,8,70,6,4
2022-02-17,45,8,4,1,58,7,66,6,3
2022-02-18,56,4,6,3,57,7,63,5,3
2022-02-19,34,1,2,1,53,6,59,5,2
2022-02-20,31,4,3,1,53,5,58,4,2
2022-02-21,36,8,1,2,48,5,53,4,2
2022-02-22,54,6,9,0,45,5,50,4,1
2022-02-23,36,8,3,2,42,6,47,4,1
2022-02-24,40,3,3,2,41,5,46,4,2
2022-02-25,38,2,7,2,38,5,43,4,1
2022-02-26,21,6,1,0,37,5,42,4,1
2022-02-27,24,1,4,1,36,5,40,4,1
2022-02-28,49,3,2,0,37,4,42,4,1
2022-03-01,33,2,4,3,34,4,38,3,1
2022-03-02,46,7,5,1,36,3,39,4,1
2022-03-03,23,5,4,1,33,4,37,4,1
2022-03-04,21,12,1,0,31,5,36,3,1
2022-03-05,29,1,4,2,32,4,37,3,1
2022-03-06,16,7,2,0,31,5,36,3,1
2022-03-07,37,3,4,2,29,5,35,3,1
2022-03-08,36,4,3,0,30,6,35,3,1
2022-03-09,25,2,4,0,27,5,32,3,1
2022-03-10,30,3,0,0,28,5,32,3,1
2022-03-11,30,5,2,0,29,4,33,3,1
2022-03-12,14,2,1,0,27,4,31,2,0
2022-03-13,27,3,2,2,28,3,32,2,1
2022-03-14,36,6,2,3,28,4,32,2,1
2022-03-15,33,3,3,1,28,3,31,2,1
2022-03-16,24,9,3,1,28,4,32,2,1
2022-03-17,29,7,5,1,28,5,33,3,1
2022-03-18,28,14,2,1,27,6,34,3,1
2022-03-19,26,11,3,1,29,8,37,3,1
2022-03-20,29,6,1,1,29,8,37,3,1
2022-03-21,45,16,3,0,31,9,40,3,1
2022-03-22,55,9,4,1,34,10,44,3,1
2022-03-23,63,3,0,3,39,9,49,3,1
2022-03-24,53,7,3,0,43,9,52,2,1
2022-03-25,45,5,0,0,45,8,53,2,1
2022-03-26,55,13,2,0,49,8,58,2,1
2022-03-27,39,14,3,0,51,10,60,2,1
2022-03-28,77,19,2,0,55,10,65,2,1
2022-03-29,89,11,2,0,60,10,70,2,0
2022-03-30,82,5,0,1,63,11,73,2,0
2022-03-31,99,16,6,0,69,12,81,2,0
2022-04-01,66,11,5,0,72,13,85,3,0
2022-04-02,35,10,1,1,70,12,82,3,0
2022-04-03,63,8,3,1,73,11,84,3,0
2022-04-04,96,12,2,0,76,10,86,3,0
2022-04-05,111,18,4,1,79,11,90,3,1
2022-04-06,87,13,2,0,80,13,92,3,0
2022-04-07,121,10,1,0,83,12,94,3,0
2022-04-08,127,22,2,1,91,13,105,2,1
2022-04-09,65,12,1,1,96,14,109,2,1
2022-04-10,88,17,2,1,99,15,114,2,1
2022-04-11,167,20,5,0,109,16,125,2,1
2022-04-12,121,21,2,0,111,16,127,2,0
2022-04-13,191,17,6,1,126,17,143,3,1
2022-04-14,122,9,5,0,126,17,143,3,1
2022-04-15,123,20,4,0,125,17,142,4,0
2022-04-16,87,15,1,1,128,17,145,4,0
2022-04-17,61,11,3,0,125,16,141,4,0
2022-04-18,167,28,4,1,125,17,142,4,0
2022-04-19,114,28,3,1,124,18,142,4,1
2022-04-20,125,32,2,0,114,20,135,3,0
2022-04-21,157,21,12,0,119,22,141,4,0
2022-04-22,151,27,9,0,123,23,146,5,0
2022-04-23,90,23,2,0,124,24,148,5,0
2022-04-24,151,36,2,1,136,28,164,5,0
2022-04-25,168,30,9,0,137,28,165,6,0
2022-04-26,198,30,5,1,149,28,177,6,0
2022-04-27,141,30,5,0,151,28,179,6,0
2022-04-28,159,22,3,0,151,28,179,5,0
2022-04-29,147,34,6,0,151,29,180,5,0
2022-04-30,111,18,5,2,154,29,182,5,1
2022-05-01,111,28,3,0,148,27,175,5,0
2022-05-02,211,37,4,1,154,28,182,4,1
2022-05-03,236,51,6,1,159,31,191,5,1
2022-05-04,264,48,9,1,177,34,211,5,1
2022-05-05,231,37,11,0,187,36,223,6,1
2022-05-06,239,45,10,0,200,38,238,7,1
2022-05-07,161,44,10,0,208,41,249,8,0
2022-05-08,192,36,7,0,219,43,262,8,0
2022-05-09,304,60,9,1,232,46,278,9,0
2022-05-10,273,51,8,0,238,46,284,9,0
2022-05-11,294,53,5,1,242,47,289,9,0
2022-05-12,312,43,9,1,254,47,301,8,0
2022-05-13,266,49,9,0,257,48,305,8,0
2022-05-14,214,46,4,1,265,48,313,7,1
2022-05-15,195,45,9,0,265,50,315,8,1
2022-05-16,318,61,14,0,267,50,317,8,0
2022-05-17,337,59,13,2,277,51,327,9,1
2022-05-18,344,57,7,0,284,51,335,9,1
2022-05-19,279,52,11,0,279,53,332,10,0
2022-05-20,244,52,6,0,276,53,329,9,0
2022-05-21,195,38,14,0,273,52,325,11,0
2022-05-22,188,54,6,1,272,53,325,10,0
2022-05-23,363,70,7,1,279,55,333,9,1
2022-05-24,277,79,8,2,270,57,327,8,1
2022-05-25,262,50,8,2,258,56,315,9,1
2022-05-26,235,46,14,0,252,56,308,9,1
2022-05-27,178,11,7,1,243,50,292,9,1
2022-05-28,174,19,12,0,240,47,287,9,1
2022-05-29,119,43,8,6,230,45,275,9,2
2022-05-30,102,40,10,0,192,41,234,10,2
2022-05-31,296,54,9,0,195,38,233,10,1
2022-06-01,231,39,9,0,191,36,227,10,1
2022-06-02,206,45,10,0,187,36,222,9,1
2022-06-03,169,23,7,2,185,38,223,9,1
2022-06-04,140,30,10,2,180,39,220,9,1
2022-06-05,115,35,8,1,180,38,218,9,1
2022-06-06,213,40,9,3,196,38,234,9,1
2022-06-07,175,30,7,2,178,35,213,9,1
2022-06-08,197,32,7,2,174,34,207,8,2
2022-06-09,160,33,4,1,167,32,199,7,2
2022-06-10,157,25,6,0,165,32,197,7,2
2022-06-11,103,21,5,1,160,31,191,7,1
2022-06-12,137,19,1,2,163,29,192,6,2
2022-06-13,203,39,11,1,162,28,190,6,1
2022-06-14,198,40,11,1,165,30,195,6,1
2022-06-15,178,47,8,1,162,32,194,7,1
2022-06-16,174,35,8,0,164,32,197,7,1
2022-06-17,142,32,6,0,162,33,195,7,1
2022-06-18,117,26,4,0,164,34,198,7,1
2022-06-19,101,27,8,1,159,35,194,8,1
2022-06-20,160,42,9,1,153,36,188,8,1
2022-06-21,228,43,6,1,157,36,193,7,1
2022-06-22,199,32,10,1,160,34,194,7,1
2022-06-23,177,27,10,1,161,33,193,8,1
2022-06-24,176,40,8,2,165,34,199,8,1
2022-06-25,132,32,8,0,168,35,202,8,1
2022-06-26,137,29,5,0,173,35,208,8,1
2022-06-27,263,46,11,1,187,36,223,8,1
2022-06-28,194,38,14,0,183,35,217,9,1
2022-06-29,214,27,7,2,185,34,219,9,1
2022-06-30,176,47,10,0,185,37,222,9,1
2022-07-01,198,37,10,2,188,37,224,9,1
2022-07-02,161,38,6,0,192,37,229,9,1
2022-07-03,159,50,6,1,195,40,235,9,1
2022-07-04,109,35,7,0,173,39,212,9,1
2022-07-05,332,61,13,0,193,42,235,8,1
2022-07-06,284,59,17,0,203,47,249,10,0
2022-07-07,255,50,21,1,214,47,261,11,1
2022-07-08,244,56,12,1,221,50,270,12,0
2022-07-09,184,43,18,2,224,51,274,13,1
2022-07-10,187,55,14,0,228,51,279,15,1
2022-07-11,321,69,16,1,258,56,314,16,1
2022-07-12,243,71,14,0,245,58,303,16,1
2022-07-13,209,57,14,0,235,57,292,16,1
2022-07-14,228,70,13,1,231,60,291,14,1
2022-07-15,196,52,11,0,224,60,284,14,1
2022-07-16,177,49,11,1,223,60,283,13,0
2022-07-17,169,45,10,3,220,59,279,13,1
2022-07-18,278,74,18,4,214,60,274,13,1
2022-07-19,226,72,18,1,212,60,272,14,1
2022-07-20,232,65,15,3,215,61,276,14,2
2022-07-21,206,66,11,0,212,60,272,13,2
2022-07-22,228,69,12,2,217,63,279,14,2
2022-07-23,154,59,14,2,213,64,278,14,2
2022-07-24,140,58,5,3,209,66,275,13,2
2022-07-25,254,79,15,0,206,67,273,13,2
2022-07-26,243,71,10,2,208,67,275,12,2
2022-07-27,225,62,24,1,207,66,273,13,1
2022-07-28,197,50,10,1,206,64,270,13,2
2022-07-29,178,53,14,2,199,62,260,13,2
2022-07-30,118,36,5,2,194,58,252,12,2
2022-07-31,140,54,14,1,194,58,251,13,1
2022-08-01,217,56,14,1,188,55,243,13,1
2022-08-02,212,57,9,0,184,53,236,13,1
2022-08-03,199,31,14,1,180,48,228,11,1
2022-08-04,191,44,12,5,179,47,227,12,2
2022-08-05,188,56,13,1,181,48,228,12,2
2022-08-06,110,29,5,2,180,47,226,12,2
2022-08-07,129,30,13,3,178,43,221,11,2
2022-08-08,232,62,11,3,180,44,224,11,2
2022-08-09,175,48,11,2,175,43,218,11,2
2022-08-10,180,45,14,0,172,45,217,11,2
2022-08-11,156,35,7,2,167,44,211,11,2
2022-08-12,103,50,14,1,155,43,198,11,2
2022-08-13,95,34,4,0,153,43,196,11,2
2022-08-14,87,23,5,0,147,42,189,9,1
2022-08-15,181,31,14,2,140,38,178,10,1
2022-08-16,167,33,9,0,138,36,174,10,1
2022-08-17,141,33,5,0,133,34,167,8,1
2022-08-18,125,28,9,1,128,33,162,9,1
2022-08-19,124,33,8,1,131,31,162,8,1
2022-08-20,91,36,6,4,131,31,162,8,1
2022-08-21,104,28,7,1,133,32,165,8,1
2022-08-22,136,38,8,0,127,33,160,7,1
2022-08-23,130,38,9,0,122,33,155,7,1
2022-08-24,126,32,9,1,119,33,153,8,1
2022-08-25,103,28,4,0,116,33,150,7,1
2022-08-26,107,19,10,1,114,31,145,8,1
2022-08-27,74,23,6,1,111,29,141,8,1
2022-08-28,65,13,7,2,106,27,133,8,1
2022-08-29,160,47,8,0,109,29,138,8,1
2022-08-30,113,34,16,0,107,28,135,9,1
2022-08-31,120,26,6,1,106,27,133,8,1
2022-09-01,97,24,5,3,105,27,132,8,1
2022-09-02,87,18,5,2,102,26,129,8,1
2022-09-03,88,11,4,0,104,25,129,7,1
2022-09-04,90,21,2,2,108,26,134,7,1
2022-09-05,70,27,10,0,95,23,118,7,1
2022-09-06,152,28,5,3,101,22,123,5,2
2022-09-07,108,26,6,1,99,22,121,5,2
2022-09-08,61,29,3,1,94,23,117,5,1
2022-09-09,76,28,1,2,92,24,116,4,1
2022-09-10,80,27,7,1,91,27,118,5,1
2022-09-11,60,24,5,1,87,27,114,5,1
2022-09-12,111,30,8,1,93,27,120,5,1
2022-09-13,113,32,7,0,87,28,115,5,1
2022-09-14,107,36,6,3,87,29,116,5,1
2022-09-15,135,25,9,0,97,29,126,6,1
2022-09-16,101,23,9,1,101,28,129,7,1
2022-09-17,79,21,4,0,101,27,128,7,1
2022-09-18,73,24,9,2,103,27,130,7,1
2022-09-19,165,47,8,0,110,30,140,7,1
2022-09-20,141,35,6,1,114,30,145,7,1
2022-09-21,135,43,11,2,118,31,150,8,1
2022-09-22,119,25,12,0,116,31,147,8,1
2022-09-23,98,31,11,1,116,32,148,9,1
2022-09-24,94,20,5,0,118,32,150,9,1
2022-09-25,96,32,7,1,121,33,154,9,1
2022-09-26,162,42,17,1,121,33,153,10,1
2022-09-27,180,32,13,2,126,32,158,11,1
2022-09-28,161,45,14,0,130,32,162,11,1
2022-09-29,168,53,9,0,137,36,173,11,1
2022-09-30,164,27,14,1,146,36,182,11,1
2022-10-01,119,14,8,0,150,35,185,12,1
2022-10-02,108,34,11,2,152,35,187,12,1
2022-10-03,182,38,10,1,155,35,189,11,1
2022-10-04,146,34,15,0,150,35,185,12,1
2022-10-05,143,30,10,1,147,33,180,11,1
2022-10-06,159,22,9,1,146,28,174,11,1
2022-10-07,149,33,13,1,144,29,173,11,1
2022-10-08,83,47,10,2,139,34,173,11,1
2022-10-09,101,28,5,3,138,33,171,10,1
2022-10-10,151,35,9,3,133,33,166,10,2
2022-10-11,173,60,10,2,137,36,173,9,2
2022-10-12,136,38,5,0,136,38,174,9,2
2022-10-13,121,33,12,2,131,39,170,9,2
2022-10-14,123,44,17,0,127,41,168,10,2
2022-10-15,62,38,6,2,124,39,163,9,2
2022-10-16,93,36,8,1,123,41,163,10,1
2022-10-17,155,56,11,1,123,44,167,10,1
2022-10-18,106,53,5,1,114,43,156,9,1
2022-10-19,127,47,12,1,112,44,156,10,1
2022-10-20,105,35,15,1,110,44,154,11,1
2022-10-21,86,26,13,1,105,42,146,10,1
2022-10-22,79,24,12,1,107,40,147,11,1
2022-10-23,76,31,8,1,105,39,144,11,1
2022-10-24,141,33,8,7,103,36,138,10,2
2022-10-25,127,39,10,1,106,34,139,11,2
2022-10-26,106,36,7,1,103,32,135,10,2
2022-10-27,109,34,11,1,103,32,135,10,2
2022-10-28,93,29,6,1,104,32,137,9,2
2022-10-29,70,29,5,1,103,33,136,8,2
2022-10-30,84,31,10,0,104,33,137,8,2
2022-10-31,136,57,5,2,104,36,140,8,1
2022-11-01,110,60,14,0,101,39,141,8,1
2022-11-02,116,50,8,1,103,41,144,8,1
2022-11-03,121,47,9,0,104,43,148,8,1
2022-11-04,109,39,8,1,107,45,151,8,1
2022-11-05,65,26,7,1,106,44,150,9,1
2022-11-06,93,36,15,3,107,45,152,9,1
2022-11-07,166,42,3,1,111,43,154,9,1
2022-11-08,100,32,6,3,110,39,149,8,1
2022-11-09,129,40,8,0,112,37,149,8,1
2022-11-10,94,28,7,2,108,35,143,8,2
2022-11-11,98,12,7,3,106,31,137,8,2
2022-11-12,107,40,9,2,112,33,145,8,2
2022-11-13,94,24,9,1,113,31,144,7,2
2022-11-14,135,41,8,2,108,31,139,8,2
2022-11-15,108,29,5,1,109,31,140,8,2
2022-11-16,102,36,7,1,105,30,135,7,2
2022-11-17,98,27,11,0,106,30,136,8,1
2022-11-18,68,11,5,1,102,30,131,8,1
2022-11-19,62,22,5,2,95,27,122,7,1
2022-11-20,89,36,8,0,95,29,123,7,1
2022-11-21,168,39,7,0,99,29,128,7,1
2022-11-22,125,36,6,2,102,30,131,7,1
2022-11-23,136,30,8,3,107,29,135,7,1
2022-11-24,46,15,8,0,99,27,126,7,1
2022-11-25,111,27,11,0,105,29,135,8,1
2022-11-26,111,33,5,0,112,31,143,8,1
2022-11-27,139,22,10,2,119,29,148,8,1
2022-11-28,245,75,15,2,130,34,164,9,1
2022-11-29,191,60,6,0,140,37,177,9,1
2022-11-30,153,49,7,1,142,40,182,9,1
2022-12-01,121,53,10,3,153,46,199,9,1
2022-12-02,113,44,7,0,153,48,201,9,1
2022-12-03,94,43,8,2,151,49,200,9,1
2022-12-04,102,52,6,1,146,54,199,8,1
2022-12-05,220,54,14,2,142,51,193,8,1
2022-12-06,167,78,16,4,139,53,192,10,2
2022-12-07,166,80,9,0,140,58,198,10,2
2022-12-08,143,88,17,0,144,63,206,11,1
2022-12-09,145,59,9,0,148,65,213,11,1
2022-12-10,92,64,11,2,148,68,216,12,1
2022-12-11,122,56,11,2,151,68,219,12,1
2022-12-12,185,90,10,1,146,74,219,12,1
2022-12-13,184,67,11,1,148,72,220,11,1
2022-12-14,175,62,11,3,149,69,219,11,1
2022-12-15,162,77,10,3,152,68,220,10,2
2022-12-16,164,76,25,3,155,70,225,13,2
2022-12-17,126,55,13,0,160,69,229,13,2
2022-12-18,152,74,16,5,164,72,236,14,2
2022-12-19,282,91,28,2,178,72,250,16,2
2022-12-20,187,86,13,2,178,74,253,17,3
2022-12-21,209,87,16,0,183,78,261,17,2
2022-12-22,173,77,16,2,185,78,263,18,2
2022-12-23,161,81,18,3,184,79,263,17,2
2022-12-24,72,45,11,2,177,77,254,17,2
2022-12-25,67,27,13,7,164,71,235,16,3
2022-12-26,167,104,14,5,148,72,220,14,3
2022-12-27,239,94,28,0,155,74,229,17,3
2022-12-28,253,107,24,1,162,76,238,18,3
2022-12-29,211,87,19,2,167,78,245,18,3
2022-12-30,166,82,18,4,168,78,246,18,3
2022-12-31,120,86,14,3,175,84,259,19,3
2023-01-01,93,35,23,3,178,85,263,20,3
2023-01-02,194,95,17,2,182,84,266,20,2
2023-01-03,237,90,11,1,182,83,265,18,2
2023-01-04,190,89,19,0,173,81,254,17,2
2023-01-05,143,68,21,1,163,78,241,18,2
2023-01-06,145,67,13,3,160,76,236,17,2
2023-01-07,84,29,14,1,155,68,223,17,2
2023-01-08,108,53,12,3,157,70,227,15,2
2023-01-09,188,60,20,1,156,65,222,16,1
2023-01-10,133,50,9,1,142,59,201,15,1
2023-01-11,110,30,11,1,130,51,181,14,2
2023-01-12,127,39,7,3,128,47,175,12,2
2023-01-13,107,42,12,2,122,43,166,12,2
2023-01-14,90,26,15,3,123,43,166,12,2
2023-01-15,79,44,9,1,119,42,161,12,2
2023-01-16,117,53,13,3,109,41,150,11,2
2023-01-17,149,62,15,1,111,42,154,12,2
2023-01-18,103,57,7,2,110,46,156,11,2
2023-01-19,93,45,10,3,105,47,152,12,2
2023-01-20,104,57,14,1,105,49,154,12,2
2023-01-21,58,34,5,1,100,50,151,10,2
2023-01-22,95,39,11,0,103,50,152,11,2
2023-01-23,117,62,11,2,103,51,154,10,1
2023-01-24,97,46,2,3,95,49,144,9,2
2023-01-25,108,52,10,3,96,48,144,9,2
2023-01-26,110,40,13,2,98,47,146,9,2
2023-01-27,106,51,9,0,99,46,145,9,2
2023-01-28,71,28,11,0,101,45,146,10,1
2023-01-29,88,47,9,1,100,47,146,9,2
2023-01-30,136,60,10,3,102,46,149,9,2
2023-01-31,102,36,5,3,103,45,148,10,2
2023-02-01,74,32,14,0,98,42,140,10,1
2023-02-02,85,44,11,0,95,43,137,10,1
2023-02-03,76,32,14,3,90,40,130,11,1
2023-02-04,52,20,6,3,88,39,126,10,2
2023-02-05,56,34,4,1,83,37,120,9,2
2023-02-06,126,33,10,1,82,33,115,9,2
2023-02-07,102,36,11,3,82,33,115,10,2
2023-02-08,71,25,5,1,81,32,113,9,2
2023-02-09,62,26,9,2,78,29,107,8,2
2023-02-10,63,31,6,2,76,29,105,7,2
2023-02-11,39,15,5,3,74,29,103,7,2
2023-02-12,57,24,6,2,74,27,101,7,2
2023-02-13,98,30,8,1,70,27,97,7,2
2023-02-14,69,20,8,1,66,24,90,7,2
2023-02-15,56,23,7,3,63,24,88,7,2
2023-02-16,61,24,10,0,63,24,87,7,2
2023-02-17,48,16,5,2,61,22,83,7,2
2023-02-18,27,19,4,2,59,22,82,7,2
2023-02-19,29,16,5,0,55,21,77,7,1
2023-02-20,42,13,4,2,47,19,66,6,1
2023-02-21,53,19,1,0,45,19,64,5,1
2023-02-22,43,16,7,1,43,18,61,5,1
2023-02-23,42,21,10,1,41,17,58,5,1
2023-02-24,35,18,5,1,39,17,56,5,1
2023-02-25,28,13,4,2,39,17,55,5,1
2023-02-26,35,20,3,3,40,17,57,5,1
2023-02-27,49,18,2,0,41,18,59,5,1
2023-02-28,44,14,5,0,39,17,57,5,1
2023-03-01,41,14,3,2,39,17,56,5,1
2023-03-02,37,12,4,0,38,16,54,4,1
2023-03-03,29,17,4,1,38,15,53,4,1
2023-03-04,20,13,4,1,36,15,52,4,1
2023-03-05,22,9,2,1,35,14,48,3,1
2023-03-06,37,20,6,1,33,14,47,4,1
2023-03-07,29,9,9,1,31,13,44,5,1
2023-03-08,28,12,2,1,29,13,42,4,1
2023-03-09,28,15,4,0,28,14,41,4,1
2023-03-10,32,6,5,1,28,12,40,5,1
2023-03-11,29,1,4,3,29,10,40,5,1
2023-03-12,13,7,0,0,28,10,38,4,1
2023-03-13,39,16,1,1,28,9,38,4,1
2023-03-14,25,9,2,2,28,9,37,3,1
2023-03-15,29,16,2,0,28,10,38,3,1
2023-03-16,31,12,4,1,28,10,38,3,1
2023-03-17,19,10,4,0,26,10,37,2,1
2023-03-18,12,5,0,0,24,11,35,2,1
2023-03-19,18,15,2,1,25,12,37,2,1
2023-03-20,29,10,1,2,23,11,34,2,1
2023-03-21,22,4,3,0,23,10,33,2,1
2023-03-22,25,9,2,0,22,9,32,2,1
2023-03-23,20,6,2,0,21,8,29,2,0
2023-03-24,29,12,1,2,22,9,31,2,1
2023-03-25,17,6,2,0,23,9,32,2,1
2023-03-26,16,4,1,2,23,7,30,2,1
2023-03-27,25,14,2,1,22,8,30,2,1
2023-03-28,23,7,3,0,22,8,30,2,1
2023-03-29,19,9,1,2,21,8,30,2,1
2023-03-30,21,12,0,1,21,9,31,1,1
2023-03-31,25,8,1,0,21,9,29,1,1
2023-04-01,12,8,0,0,20,9,29,1,1
2023-04-02,20,6,1,0,21,9,30,1,1
2023-04-03,23,9,3,2,20,8,29,1,1
2023-04-04,18,12,5,0,20,9,29,2,1
2023-04-05,13,12,3,0,19,10,28,2,0
2023-04-06,10,12,3,0,17,10,27,2,0
2023-04-07,17,4,0,0,16,9,25,2,0
2023-04-08,9,6,2,0,16,9,24,2,0
2023-04-09,8,4,0,0,14,8,22,2,0
2023-04-10,23,5,0,0,14,8,22,2,0
2023-04-11,25,7,3,1,15,7,22,2,0
2023-04-12,7,3,3,2,14,6,20,2,0
2023-04-13,14,5,3,0,15,5,20,2,0
2023-04-14,13,5,1,0,14,5,19,2,0
2023-04-15,7,2,1,0,14,4,18,2,0
2023-04-16,13,6,1,0,15,5,19,2,0
2023-04-17,21,14,4,1,14,6,20,2,1
2023-04-18,15,4,2,0,13,6,18,2,0
2023-04-19,12,7,0,0,14,6,20,2,0
2023-04-20,14,2,0,0,14,6,19,1,0
2023-04-21,3,5,1,0,12,6,18,1,0
2023-04-22,5,3,3,0,12,6,18,2,0
2023-04-23,12,2,2,0,12,5,17,2,0
2023-04-24,21,6,2,1,12,4,16,1,0
2023-04-25,17,10,1,0,12,5,17,1,0
2023-04-26,17,14,3,0,13,6,19,2,0
2023-04-27,11,11,1,0,12,7,20,2,0
2023-04-28,10,6,1,0,13,7,21,2,0
2023-04-29,9,1,0,0,14,7,21,1,0
2023-04-30,9,7,1,1,13,8,21,1,0
2023-05-01,16,8,1,1,13,8,21,1,0
2023-05-02,20,11,1,0,13,8,21,1,0
2023-05-03,11,11,1,0,12,8,20,1,0
2023-05-04,22,7,3,0,14,7,21,1,0
2023-05-05,12,13,1,0,14,8,22,1,0
2023-05-06,2,6,0,0,13,9,22,1,0
2023-05-07,8,3,0,0,13,8,21,1,0
2023-05-08,18,13,1,0,13,9,22,1,0
2023-05-09,12,7,3,0,12,9,21,1,0
2023-05-10,8,6,2,1,12,8,20,1,0
2023-05-11,21,13,1,0,12,9,20,1,0
2023-05-12,7,8,0,0,11,8,19,1,0
2023-05-13,8,3,1,1,12,8,19,1,0
2023-05-14,11,14,1,0,12,9,21,1,0
2023-05-15,17,13,0,0,12,9,21,1,0
2023-05-16,13,13,2,0,12,10,22,1,0
2023-05-17,14,3,2,0,13,10,23,1,0
2023-05-18,13,6,1,0,12,9,20,1,0
2023-05-19,11,9,2,0,12,9,21,1,0
2023-05-20,11,4,1,0,13,9,22,1,0
2023-05-21,7,7,0,0,12,8,20,1,0
2023-05-22,13,6,1,0,12,7,19,1,0
2023-05-23,13,12,0,0,12,7,18,1,0
2023-05-24,14,6,0,0,12,7,19,1,0
2023-05-25,8,13,0,0,11,8,19,1,0
2023-05-26,7,12,1,1,10,9,19,0,0
2023-05-27,4,5,0,0,9,9,18,0,0
2023-05-28,8,4,0,0,10,8,18,0,0
2023-05-29,7,11,2,1,9,9,18,0,0
2023-05-30,12,11,0,0,9,9,17,0,0
2023-05-31,15,16,1,0,9,10,19,1,0
2023-06-01,12,9,4,0,9,10,19,1,0
2023-06-02,9,15,1,0,10,10,20,1,0
2023-06-03,3,5,2,0,9,10,20,1,0
2023-06-04,7,4,1,0,9,10,19,2,0
2023-06-05,14,4,2,0,10,9,19,2,0
2023-06-06,8,4,1,0,10,8,18,2,0
2023-06-07,9,6,2,0,9,7,16,2,0
2023-06-08,4,7,1,0,8,6,14,1,0
2023-06-09,11,18,3,0,8,7,15,2,0
2023-06-10,8,9,2,0,9,7,16,2,0
2023-06-11,7,4,0,0,9,7,16,2,0
2023-06-12,15,8,2,0,9,8,17,2,0
2023-06-13,10,2,1,0,9,8,17,2,0
2023-06-14,12,7,1,0,10,8,17,1,0
2023-06-15,9,1,1,0,10,7,17,1,0
2023-06-16,12,14,2,0,10,6,17,1,0
2023-06-17,9,8,0,0,11,6,17,1,0
2023-06-18,5,3,0,0,10,6,16,1,0
2023-06-19,8,7,0,0,9,6,15,1,0
2023-06-20,10,10,1,0,9,7,16,1,0
2023-06-21,7,10,2,0,9,8,16,1,0
2023-06-22,5,4,1,0,8,8,16,1,0
2023-06-23,13,6,1,0,8,7,15,1,0
2023-06-24,8,7,2,0,8,7,15,1,0
2023-06-25,8,3,0,0,8,7,15,1,0
2023-06-26,13,16,0,0,9,8,17,1,0
2023-06-27,13,9,1,0,10,8,17,1,0
2023-06-28,12,3,0,0,10,7,17,1,0
2023-06-29,7,7,0,0,11,7,18,1,0
2023-06-30,5,4,0,1,9,7,16,0,0
2023-07-01,5,8,0,0,9,7,16,0,0
2023-07-02,7,4,3,0,9,7,16,1,0
2023-07-03,11,4,0,0,9,6,14,1,0
2023-07-04,4,5,1,0,7,5,12,1,0
2023-07-05,11,6,2,0,7,5,13,1,0
2023-07-06,11,7,0,0,8,5,13,1,0
2023-07-07,13,13,5,0,9,7,16,2,0
2023-07-08,9,5,0,0,9,6,16,2,0
2023-07-09,4,8,0,0,9,7,16,1,0
2023-07-10,9,11,0,0,9,8,17,1,0
2023-07-11,16,6,0,0,10,8,18,1,0
2023-07-12,12,9,0,0,11,8,19,1,0
2023-07-13,11,6,2,0,11,8,19,1,0
2023-07-14,9,5,1,0,10,7,17,0,0
2023-07-15,7,7,1,0,10,7,17,1,0
2023-07-16,8,7,0,0,10,7,18,1,0
2023-07-17,20,6,2,0,12,7,18,1,0
2023-07-18,11,12,0,0,11,7,19,1,0
2023-07-19,9,9,1,0,11,7,18,1,0
2023-07-20,9,11,0,0,10,8,19,1,0
2023-07-21,28,7,1,0,13,8,22,1,0
2023-07-22,15,7,2,0,14,8,23,1,0
2023-07-23,15,8,0,0,15,9,24,1,0
2023-07-24,19,14,0,1,15,10,25,1,0
2023-07-25,14,15,1,0,16,10,26,1,0
2023-07-26,14,15,0,0,16,11,27,1,0
2023-07-27,18,12,0,0,18,11,29,1,0
2023-07-28,15,12,0,0,16,12,28,0,0
2023-07-29,19,10,0,0,16,12,29,0,0
2023-07-30,20,22,0,0,17,14,31,0,0
2023-07-31,28,18,2,0,18,15,33,0,0
2023-08-01,27,13,3,0,20,15,35,1,0
2023-08-02,19,21,1,0,21,15,36,1,0
2023-08-03,23,29,4,0,22,18,39,1,0
2023-08-04,25,20,1,0,23,19,42,2,0
2023-08-05,22,17,3,0,23,20,43,2,0
2023-08-06,21,16,1,0,24,19,43,2,0
2023-08-07,34,25,0,1,24,20,45,2,0
2023-08-08,30,29,2,0,25,22,47,2,0
2023-08-09,24,29,2,0,26,24,49,2,0
2023-08-10,25,27,2,0,26,23,49,2,0
2023-08-11,23,18,0,0,26,23,49,1,0
2023-08-12,30,23,6,0,27,24,51,2,0
2023-08-13,17,18,4,0,26,24,50,2,0
2023-08-14,44,34,2,0,28,25,53,3,0
2023-08-15,34,38,5,0,28,27,55,3,0
2023-08-16,43,27,4,0,31,26,57,3,0
2023-08-17,34,20,2,1,32,25,58,3,0
2023-08-18,32,31,4,0,33,27,61,4,0
2023-08-19,27,25,3,0,33,28,61,3,0
2023-08-20,45,29,7,0,37,29,66,4,0
2023-08-21,69,43,2,0,41,30,71,4,0
2023-08-22,54,44,3,1,43,31,75,4,0
2023-08-23,50,45,6,1,44,34,78,4,0
2023-08-24,40,40,1,0,45,37,82,4,0
2023-08-25,27,33,1,0,45,37,82,3,0
2023-08-26,24,42,2,1,44,39,84,3,0
2023-08-27,38,41,4,0,43,41,84,3,0
2023-08-28,59,38,5,0,42,40,82,3,0
2023-08-29,32,20,2,0,39,37,76,3,0
2023-08-30,48,46,2,0,38,37,75,2,0
2023-08-31,33,32,1,0,37,36,73,2,0
2023-09-01,39,33,4,0,39,36,75,3,0
2023-09-02,17,22,3,1,38,33,71,3,0
2023-09-03,34,36,0,0,37,32,70,2,0
2023-09-04,40,39,5,1,35,33,67,2,0
2023-09-05,58,62,6,1,38,39,77,3,0
2023-09-06,54,62,2,0,39,41,80,3,0
2023-09-07,57,51,5,0,43,44,86,4,0
2023-09-08,37,50,1,0,42,46,88,3,0
2023-09-09,34,24,2,0,45,46,91,3,0
2023-09-10,43,30,3,0,46,45,92,3,0
2023-09-11,62,48,5,0,49,47,96,3,0
2023-09-12,42,53,2,1,47,45,92,3,0
2023-09-13,64,34,1,0,48,41,90,3,0
2023-09-14,45,41,8,1,47,40,87,3,0
2023-09-15,38,55,1,2,47,41,88,3,1
2023-09-16,38,34,2,0,47,42,90,3,1
2023-09-17,53,35,4,1,49,43,92,3,1
2023-09-18,73,69,6,0,50,46,96,3,1
2023-09-19,69,54,5,1,54,46,100,4,1
2023-09-20,76,49,4,0,56,48,104,4,1
2023-09-21,63,45,7,0,59,49,107,4,1
2023-09-22,61,35,3,0,62,46,108,4,0
2023-09-23,32,33,5,0,61,46,107,5,0
2023-09-24,39,41,3,0,59,47,106,5,0
2023-09-25,60,48,3,0,57,44,101,4,0
2023-09-26,58,46,4,0,56,42,98,4,0
2023-09-27,51,35,4,0,52,40,92,4,0
2023-09-28,56,37,4,0,51,39,90,4,0
2023-09-29,37,24,5,1,48,38,85,4,0
2023-09-30,33,18,7,0,48,36,83,4,0
2023-10-01,38,28,3,0,48,34,81,4,0
2023-10-02,56,29,4,0,47,31,78,4,0
2023-10-03,59,40,3,1,47,30,77,4,0
2023-10-04,49,32,7,0,47,30,77,5,0
2023-10-05,41,17,7,0,45,27,72,5,0
2023-10-06,37,29,8,0,45,28,72,6,0
2023-10-07,25,11,4,0,44,27,70,5,0
2023-10-08,26,24,2,0,42,26,68,5,0
2023-10-09,52,28,3,0,41,26,67,5,0
2023-10-10,41,23,2,1,39,23,62,5,0
2023-10-11,37,35,6,0,37,24,61,5,0
2023-10-12,42,25,3,0,37,25,62,4,0
2023-10-13,32,20,2,0,36,24,60,3,0
2023-10-14,17,12,3,0,35,24,59,3,0
2023-10-15,22,14,3,1,35,22,57,3,0
2023-10-16,46,23,3,0,34,22,56,3,0
2023-10-17,36,30,0,1,33,23,56,3,0
2023-10-18,27,27,4,0,32,22,53,3,0
2023-10-19,37,29,3,0,31,22,53,3,0
2023-10-20,29,13,6,0,31,21,52,3,0
2023-10-21,20,13,2,0,31,21,52,3,0
2023-10-22,17,15,1,0,30,21,52,3,0
2023-10-23,28,20,3,0,28,21,49,3,0
2023-10-24,22,23,0,0,26,20,46,3,0
2023-10-25,22,21,1,1,25,19,44,2,0
2023-10-26,29,16,3,0,24,17,41,2,0
2023-10-27,24,21,2,0,23,18,42,2,0
2023-10-28,22,13,0,0,23,18,42,1,0
2023-10-29,20,12,4,0,24,18,42,2,0
2023-10-30,31,20,1,0,24,18,42,2,0
2023-10-31,26,14,3,0,25,17,42,2,0
2023-11-01,29,19,2,0,26,16,42,2,0
2023-11-02,20,20,0,0,25,17,42,2,0
2023-11-03,13,14,3,0,23,16,39,2,0
2023-11-04,10,14,1,0,21,16,37,2,0
2023-11-05,25,18,3,0,22,17,39,2,0
2023-11-06,37,21,5,1,23,17,40,2,0
2023-11-07,27,22,1,0,23,18,41,2,0
2023-11-08,30,15,9,0,23,18,41,3,0
2023-11-09,31,19,3,0,25,18,42,4,0
2023-11-10,26,23,8,0,27,19,45,4,0
2023-11-11,24,16,2,0,29,19,48,4,0
2023-11-12,30,23,4,0,29,20,49,5,0
2023-11-13,39,37,1,0,30,22,52,4,0
2023-11-14,45,29,2,2,32,23,55,4,0
2023-11-15,39,32,2,0,33,26,59,3,0
2023-11-16,33,13,7,0,34,25,58,4,0
2023-11-17,29,25,1,0,34,25,59,3,0
2023-11-18,35,27,7,1,36,27,62,3,0
2023-11-19,35,24,4,1,36,27,63,3,1
2023-11-20,49,36,6,0,38,27,64,4,1
2023-11-21,41,39,7,0,37,28,65,5,0
2023-11-22,28,24,2,0,36,27,63,5,0
2023-11-23,14,12,1,0,33,27,60,4,0
2023-11-24,32,28,0,1,33,27,61,4,0
2023-11-25,29,15,2,0,33,25,58,3,0
2023-11-26,52,45,6,0,35,28,63,3,0
2023-11-27,63,31,4,0,37,28,65,3,0
2023-11-28,42,43,4,0,37,28,65,3,0
2023-11-29,50,34,1,1,40,30,70,3,0
2023-11-30,47,32,4,0,45,33,78,3,0
2023-12-01,39,25,7,0,46,32,78,4,0
2023-12-02,28,20,5,1,46,33,79,4,0
2023-12-03,39,37,8,0,44,32,76,5,0
2023-12-04,46,62,5,0,42,36,78,5,0
2023-12-05,63,39,7,0,45,36,80,5,0
2023-12-06,42,49,3,0,43,38,81,6,0
2023-12-07,45,46,1,0,43,40,83,5,0
2023-12-08,61,40,3,0,46,42,88,5,0
2023-12-09,39,49,5,0,48,46,94,5,0
2023-12-10,50,59,3,0,49,49,99,4,0
2023-12-11,70,94,3,1,53,54,107,4,0
2023-12-12,63,49,6,0,53,55,108,3,0
2023-12-13,94,79,1,0,60,59,120,3,0
2023-12-14,64,69,9,0,63,63,126,4,0
2023-12-15,72,62,3,1,65,66,130,4,0
2023-12-16,64,63,6,0,68,68,136,4,0
2023-12-17,64,75,6,0,70,70,140,5,0
2023-12-18,106,123,2,1,75,74,150,5,0
2023-12-19,96,56,8,0,80,75,155,5,0
2023-12-20,86,93,6,1,79,77,156,6,0
2023-12-21,83,89,6,0,82,80,162,5,0
2023-12-22,79,80,3,0,83,83,165,5,0
2023-12-23,62,72,5,1,82,84,166,5,0
2023-12-24,57,49,5,0,81,80,162,5,0
2023-12-25,42,56,2,0,72,71,143,5,0
2023-12-26,119,101,9,0,75,77,153,5,0
2023-12-27,99,123,10,1,77,81,159,6,0
2023-12-28,148,109,11,0,87,84,171,6,0
2023-12-29,101,123,17,0,90,90,180,8,0
2023-12-30,89,88,9,0,94,93,186,9,0
2023-12-31,70,69,11,1,95,96,191,10,0
2024-01-01,74,69,8,0,100,97,197,11,0
2024-01-02,149,116,11,0,104,100,204,11,0
2024-01-03,122,86,8,0,108,94,202,11,0
2024-01-04,147,110,12,1,107,94,202,11,0
2024-01-05,109,106,5,0,109,92,201,9,0
2024-01-06,68,62,7,0,106,88,194,9,0
2024-01-07,78,55,10,0,107,86,193,9,0
2024-01-08,138,94,13,0,116,90,206,9,0
2024-01-09,118,75,10,1,111,84,195,9,0
2024-01-10,101,85,7,1,108,84,192,9,0
2024-01-11,92,76,11,0,101,79,180,9,0
2024-01-12,86,65,11,1,97,73,170,10,0
2024-01-13,69,52,10,1,97,72,169,10,1
2024-01-14,80,33,12,1,98,69,166,11,1
2024-01-15,83,65,11,0,90,64,154,10,1
2024-01-16,91,55,8,1,86,62,148,10,1
2024-01-17,79,65,10,1,83,59,142,10,1
2024-01-18,87,59,5,0,82,56,138,10,1
2024-01-19,47,54,4,0,77,55,131,9,1
2024-01-20,39,38,3,1,72,53,125,8,1
2024-01-21,52,47,5,3,68,55,123,7,1
2024-01-22,100,60,7,2,71,54,125,6,1
2024-01-23,95,61,6,1,71,55,126,6,1
2024-01-24,78,63,6,0,71,55,126,5,1
2024-01-25,57,57,5,1,67,54,121,5,1
2024-01-26,68,42,6,0,70,53,122,5,1
2024-01-27,40,26,4,0,70,51,121,6,1
2024-01-28,55,21,8,0,70,47,118,6,1
2024-01-29,78,61,9,0,67,47,115,6,0
2024-01-30,51,44,10,1,61,45,106,7,0
2024-01-31,58,56,7,0,58,44,102,7,0
2024-02-01,57,38,2,0,58,41,99,7,0
2024-02-02,39,31,2,0,54,40,94,6,0
2024-02-03,27,30,2,1,52,40,92,6,0
2024-02-04,46,30,6,0,51,41,92,5,0
2024-02-05,50,24,1,0,47,36,83,4,0
2024-02-06,56,24,4,3,48,33,81,3,1
2024-02-07,41,32,2,0,45,30,75,3,1
2024-02-08,43,27,5,0,43,28,71,3,1
2024-02-09,28,28,4,0,42,28,69,3,1
2024-02-10,38,25,6,0,43,27,70,4,0
2024-02-11,35,31,3,0,42,27,69,4,0
2024-02-12,57,42,5,0,43,30,72,4,0
2024-02-13,31,10,4,1,39,28,67,4,0
2024-02-14,35,36,6,0,38,28,67,5,0
2024-02-15,33,23,1,1,37,28,65,4,0
2024-02-16,33,30,6,0,37,28,66,4,0
2024-02-17,25,11,1,0,36,26,62,4,0
2024-02-18,23,19,6,0,34,24,58,4,0
2024-02-19,31,20,3,2,30,21,51,4,1
2024-02-20,36,13,1,1,31,22,53,3,1
2024-02-21,26,21,2,0,30,20,49,3,1
2024-02-22,27,16,1,1,29,19,47,3,1
2024-02-23,28,18,3,0,28,17,45,2,1
2024-02-24,16,14,4,0,27,17,44,3,1
2024-02-25,24,15,1,0,27,17,44,2,1
2024-02-26,31,12,2,0,27,16,42,2,0
2024-02-27,21,14,3,0,25,16,40,2,0
2024-02-28,26,17,5,0,25,15,40,3,0
2024-02-29,23,10,2,1,24,14,38,3,0
2024-03-01,17,11,3,0,23,13,36,3,0
2024-03-02,14,11,3,0,22,13,35,3,0
2024-03-03,18,12,3,0,21,12,34,3,0
2024-03-04,21,8,3,0,20,12,32,3,0
2024-03-05,18,7,0,0,20,11,30,3,0
2024-03-06,15,7,1,0,18,9,27,2,0
2024-03-07,22,9,4,0,18,9,27,2,0
2024-03-08,14,14,5,0,17,10,27,3,0
2024-03-09,8,5,0,0,17,9,25,2,0
2024-03-10,14,6,2,0,16,8,24,2,0
2024-03-11,19,7,4,1,16,8,24,2,0
2024-03-12,15,12,2,0,15,9,24,3,0
2024-03-13,15,7,0,2,15,9,24,2,0
2024-03-14,11,4,0,0,14,8,22,2,0
2024-03-15,12,10,1,0,13,7,21,1,0
2024-03-16,6,8,1,0,13,8,21,1,0
2024-03-17,13,8,1,0,13,8,21,1,0
2024-03-18,11,15,5,0,12,9,21,1,0
2024-03-19,11,10,0,0,11,9,20,1,0
2024-03-20,14,13,1,0,11,10,21,1,0
2024-03-21,14,5,0,0,12,10,21,1,0
2024-03-22,7,10,0,1,11,10,21,1,0
2024-03-23,6,6,1,0,11,10,20,1,0
2024-03-24,6,8,1,0,10,10,19,1,0
2024-03-25,17,11,2,0,11,9,20,1,0
2024-03-26,8,9,0,0,10,9,19,1,0
2024-03-27,15,13,1,0,10,9,19,1,0
2024-03-28,9,6,1,0,10,9,19,1,0
2024-03-29,3,10,0,0,9,9,18,1,0
2024-03-30,6,8,1,0,9,9,18,1,0
2024-03-31,6,7,3,0,9,9,18,1,0
2024-04-01,15,5,0,0,9,8,17,1,0
2024-04-02,8,9,0,0,9,8,17,1,0
2024-04-03,12,6,1,0,8,7,16,1,0
2024-04-04,13,3,0,0,9,7,16,1,0
2024-04-05,11,9,2,0,10,7,17,1,0
2024-04-06,11,6,3,1,11,6,17,1,0
2024-04-07,5,4,1,0,11,6,17,1,0
2024-04-08,13,13,1,0,10,7,18,1,0
2024-04-09,6,3,0,0,10,6,16,1,0
2024-04-10,9,2,1,0,10,6,15,1,0
2024-04-11,6,8,1,0,9,6,15,1,0
2024-04-12,6,4,1,0,8,6,14,1,0
2024-04-13,2,3,0,0,7,5,12,1,0
2024-04-14,4,6,1,0,7,6,12,1,0
2024-04-15,9,3,1,0,6,4,10,1,0
2024-04-16,8,11,1,0,6,5,12,1,0
2024-04-17,9,3,1,0,6,5,12,1,0
2024-04-18,3,5,0,0,6,5,11,1,0
2024-04-19,10,3,1,1,6,5,11,1,0
2024-04-21,5,4,1,0,6,5,11,1,0
2024-04-22,9,8,0,0,6,5,12,1,0
2024-04-23,7,4,0,0,6,4,11,0,0
2024-04-24,4,8,0,0,5,5,11,0,0
2024-04-25,2,6,0,0,5,5,11,0,0
2024-04-26,7,1,0,0,5,5,10,0,0
2024-04-27,5,2,3,0,6,5,10,1,0
2024-04-28,11,4,0,0,6,5,11,0,0
2024-04-29,5,2,0,0,6,4,10,0,0
