date_of_interest,bk_case_count,bk_probable_case_count,bk_hospitalized_count,bk_death_count,bk_case_count_7day_avg,bk_probable_case_count_7day_avg,bk_all_case_count_7day_avg,bk_hospitalized_count_7day_avg,bk_death_count_7day_avg
2020-03-04,1,0,1,0,0,0,0,0,0
2020-03-05,3,0,3,0,0,0,0,0,0
2020-03-06,1,0,1,0,1,0,1,2,0
2020-03-07,2,0,3,0,1,0,1,2,0
2020-03-08,5,0,8,0,2,0,2,3,0
2020-03-09,16,0,11,0,4,0,4,4,0
2020-03-10,11,0,13,0,6,0,6,6,0
2020-03-11,31,0,11,0,10,0,10,7,0
2020-03-12,96,0,33,0,23,0,23,11,0
2020-03-13,166,0,44,0,47,0,47,18,0
2020-03-14,163,0,40,1,70,0,70,23,0
2020-03-15,432,0,53,0,131,0,131,29,0
2020-03-16,740,1,92,2,234,0,234,41,0
2020-03-17,783,3,98,7,344,1,345,53,1
2020-03-18,965,3,123,8,478,1,479,69,3
2020-03-19,1204,0,157,6,636,1,637,87,3
2020-03-20,1136,0,220,10,775,1,776,112,5
2020-03-21,554,2,182,14,831,1,832,132,7
2020-03-22,755,1,206,10,877,1,878,154,8
2020-03-23,909,1,294,28,901,1,902,183,12
2020-03-24,1212,5,359,28,962,2,964,220,15
2020-03-25,1255,7,422,44,1004,2,1006,263,20
2020-03-26,1372,10,487,60,1028,4,1031,310,28
2020-03-27,1425,12,472,87,1069,5,1074,346,39
2020-03-28,863,15,395,92,1113,7,1120,376,50
2020-03-29,1149,21,463,110,1169,10,1179,413,64
2020-03-30,1754,27,555,133,1290,14,1304,450,79
2020-03-31,1512,28,544,156,1333,17,1350,477,97
2020-04-01,1590,34,515,169,1381,21,1402,490,115
2020-04-02,1610,52,444,222,1415,27,1442,484,138
2020-04-03,1440,66,449,209,1417,35,1452,481,156
2020-04-04,920,67,375,233,1425,42,1467,478,176
2020-04-05,1144,59,401,224,1424,48,1472,469,192
2020-04-06,1461,92,471,261,1382,57,1439,457,211
2020-04-07,1397,84,464,264,1366,65,1431,446,226
2020-04-08,1305,79,455,250,1325,71,1397,437,238
2020-04-09,1369,73,414,262,1291,74,1365,433,243
2020-04-10,1145,63,327,241,1249,74,1323,415,248
2020-04-11,1131,59,296,219,1279,73,1352,404,246
2020-04-12,703,65,254,267,1216,74,1289,383,252
2020-04-13,1066,91,325,249,1159,73,1233,362,250
2020-04-14,1038,49,261,200,1108,68,1177,333,241
2020-04-15,882,31,243,164,1048,62,1109,303,229
2020-04-16,885,44,228,169,979,57,1036,276,216
2020-04-17,962,39,230,157,952,54,1006,262,204
2020-04-18,575,36,155,152,873,51,924,242,194
2020-04-19,635,25,124,141,863,45,908,224,176
2020-04-20,983,31,187,126,851,36,888,204,158
2020-04-21,896,31,160,123,831,34,865,190,147
2020-04-22,854,23,139,130,827,33,860,175,143
2020-04-23,786,25,126,131,813,30,843,160,137
2020-04-24,630,20,128,113,766,27,793,146,131
2020-04-25,404,23,94,100,741,25,767,137,123
2020-04-26,332,21,75,82,698,25,723,130,115
2020-04-27,607,18,92,104,644,23,667,116,112
2020-04-28,709,12,92,69,617,20,638,107,104
2020-04-29,683,13,93,84,593,19,612,100,98
2020-04-30,600,12,74,77,566,17,583,93,90
2020-05-01,497,16,66,71,547,16,564,84,84
2020-05-02,263,14,53,59,527,15,542,78,78
2020-05-03,245,12,57,57,515,14,529,75,74
2020-05-04,461,11,72,53,494,13,507,72,67
2020-05-05,432,8,64,57,454,12,467,68,65
2020-05-06,450,15,62,53,421,13,434,64,61
2020-05-07,403,8,52,54,393,12,405,61,58
2020-05-08,344,5,52,48,371,10,382,59,54
2020-05-09,119,7,38,35,351,9,360,57,51
2020-05-10,188,5,36,31,342,8,351,54,47
2020-05-11,410,8,49,40,335,8,343,50,45
2020-05-12,400,6,38,39,331,8,338,47,43
2020-05-13,362,3,46,26,318,6,324,44,39
2020-05-14,332,4,38,18,308,5,313,42,34
2020-05-15,259,4,43,32,296,5,301,41,32
2020-05-16,165,11,30,33,302,6,308,40,31
2020-05-17,138,4,18,24,295,6,301,37,30
2020-05-18,266,3,28,20,275,5,280,34,27
2020-05-19,326,5,38,21,264,5,269,34,25
2020-05-20,323,2,32,22,258,5,263,32,24
2020-05-21,336,4,30,19,259,5,264,31,24
2020-05-22,350,8,33,23,272,5,277,30,23
2020-05-23,143,2,22,22,269,4,273,29,22
2020-05-24,161,2,22,14,272,4,276,29,20
2020-05-25,160,1,20,14,257,3,260,28,19
2020-05-26,313,1,20,12,255,3,258,26,18
2020-05-27,241,2,19,12,243,3,246,24,17
2020-05-28,219,3,26,15,227,3,229,23,16
2020-05-29,161,5,22,18,200,2,202,22,15
2020-05-30,101,0,18,10,194,2,196,21,14
2020-05-31,84,2,17,12,183,2,185,20,13
2020-06-01,250,4,34,10,196,2,198,22,13
2020-06-02,178,3,23,9,176,3,179,23,12
2020-06-03,131,4,28,16,161,3,164,24,13
2020-06-04,127,3,28,12,147,3,150,24,12
2020-06-05,131,4,17,9,143,3,146,24,11
2020-06-06,58,3,10,12,137,3,140,22,11
2020-06-07,52,3,18,7,132,3,136,23,11
2020-06-08,111,6,20,16,113,4,116,21,12
2020-06-09,119,1,23,7,104,3,108,21,11
2020-06-10,99,5,17,14,100,4,103,19,11
2020-06-11,113,6,14,8,98,4,102,17,10
2020-06-12,122,3,21,6,96,4,100,18,10
2020-06-13,50,5,11,5,95,4,99,18,9
2020-06-14,53,6,14,6,95,5,100,17,9
2020-06-15,103,4,22,4,94,4,98,17,7
2020-06-16,132,1,23,6,96,4,100,17,7
2020-06-17,115,2,15,7,98,4,102,17,6
2020-06-18,112,2,16,5,98,3,101,17,6
2020-06-19,91,7,23,3,94,4,98,18,5
2020-06-20,46,6,9,3,93,4,97,17,5
2020-06-21,55,7,16,6,93,4,98,18,5
2020-06-22,110,6,16,5,94,4,99,17,5
2020-06-23,95,5,17,4,89,5,94,16,5
2020-06-24,101,6,19,6,87,6,93,17,5
2020-06-25,81,2,10,4,83,6,88,16,4
2020-06-26,95,4,14,4,83,5,88,14,5
2020-06-27,70,2,20,9,87,5,91,16,5
2020-06-28,57,7,11,2,87,5,92,15,5
2020-06-29,127,9,21,6,89,5,94,16,5
2020-06-30,127,5,17,2,94,5,99,16,5
2020-07-01,121,4,12,4,97,5,102,15,4
2020-07-02,127,6,13,4,103,5,109,15,4
2020-07-03,72,5,14,4,100,5,106,15,4
2020-07-04,23,2,8,3,93,5,99,14,4
2020-07-05,53,7,5,2,93,5,98,13,4
2020-07-06,142,9,18,4,95,5,100,12,3
2020-07-07,123,5,6,2,94,5,100,11,3
2020-07-08,121,5,12,3,94,6,100,11,3
2020-07-09,104,3,11,4,91,5,96,11,3
2020-07-10,90,5,17,1,94,5,99,11,3
2020-07-11,73,4,14,2,101,5,106,12,3
2020-07-12,55,4,10,3,101,5,106,13,3
2020-07-13,123,4,15,2,98,4,103,12,2
2020-07-14,111,3,9,4,97,4,101,13,3
2020-07-15,149,3,21,2,101,4,104,14,3
2020-07-16,90,10,7,1,99,5,103,13,2
2020-07-17,106,4,14,1,101,5,106,13,2
2020-07-18,58,6,6,5,99,5,104,12,3
2020-07-19,41,6,11,4,97,5,102,12,3
2020-07-20,87,10,11,3,92,6,98,11,3
2020-07-21,79,2,9,3,87,6,93,11,3
2020-07-22,95,8,14,1,79,7,86,10,3
2020-07-23,85,3,7,3,79,6,84,10,3
2020-07-24,68,4,12,1,73,6,79,10,3
2020-07-25,35,5,12,2,70,5,75,11,2
2020-07-26,40,4,6,4,70,5,75,10,2
2020-07-27,78,9,11,1,69,5,74,10,2
2020-07-28,106,8,18,1,72,6,78,11,2
2020-07-29,73,7,12,1,69,6,75,11,2
2020-07-30,99,3,15,2,71,6,77,12,2
2020-07-31,80,7,8,1,73,6,79,12,2
2020-08-01,58,5,15,4,76,6,82,12,2
2020-08-02,38,4,9,2,76,6,82,13,2
2020-08-03,93,7,12,0,78,6,84,13,2
2020-08-04,49,4,12,1,70,5,75,12,2
2020-08-05,90,8,14,1,72,5,78,12,2
2020-08-06,86,4,12,3,71,6,76,12,2
2020-08-07,90,3,9,0,72,5,77,12,2
2020-08-08,57,8,8,1,72,5,77,11,1
2020-08-09,48,5,9,0,73,6,79,11,1
2020-08-10,75,10,14,1,71,6,77,11,1
2020-08-11,82,13,9,1,75,7,83,11,1
2020-08-12,114,3,7,0,79,7,85,10,1
2020-08-13,86,21,13,3,79,9,88,10,1
2020-08-14,80,10,11,2,77,10,87,10,1
2020-08-15,33,5,7,1,74,10,84,10,1
2020-08-16,49,8,5,1,74,10,84,9,1
2020-08-17,96,7,5,1,77,10,87,8,1
2020-08-18,66,7,9,0,75,9,84,8,1
2020-08-19,69,11,14,1,68,10,78,9,1
2020-08-20,56,5,8,3,64,8,72,8,1
2020-08-21,75,4,9,1,63,7,70,8,1
2020-08-22,36,3,6,3,64,6,70,8,1
2020-08-23,55,7,7,0,65,6,71,8,1
2020-08-24,85,10,9,1,63,7,70,9,1
2020-08-25,84,4,14,2,66,6,72,10,2
2020-08-26,117,7,14,1,73,6,78,10,2
2020-08-27,99,6,9,0,79,6,85,10,1
2020-08-28,78,7,9,0,79,6,85,10,1
2020-08-29,38,9,9,1,79,7,87,10,1
2020-08-30,62,10,5,1,80,8,88,10,1
2020-08-31,118,5,14,0,85,7,92,11,1
2020-09-01,89,16,9,0,86,9,94,10,0
2020-09-02,94,10,14,3,83,9,92,10,1
2020-09-03,91,5,7,3,81,9,90,10,1
2020-09-04,70,8,8,1,80,9,89,9,1
2020-09-05,46,5,10,3,81,8,90,10,2
2020-09-06,87,7,15,1,85,8,93,11,2
2020-09-07,75,6,7,0,79,8,87,10,2
2020-09-08,126,3,8,1,84,6,90,10,2
2020-09-09,119,8,11,0,88,6,94,9,1
2020-09-10,124,8,9,2,92,6,99,10,1
2020-09-11,111,8,9,2,98,6,105,10,1
2020-09-12,51,9,3,0,99,7,106,9,1
2020-09-13,118,12,8,2,103,8,111,8,1
2020-09-14,178,9,15,2,118,8,126,9,1
2020-09-15,189,24,6,0,127,11,138,9,1
2020-09-16,200,11,24,0,139,12,150,11,1
2020-09-17,163,14,13,1,144,12,157,11,1
2020-09-18,108,15,15,2,144,13,157,12,1
2020-09-19,66,4,6,2,146,13,159,12,1
2020-09-20,78,10,9,3,140,12,153,13,1
2020-09-21,264,26,13,1,153,15,167,12,1
2020-09-22,209,28,12,4,155,15,171,13,2
2020-09-23,271,40,24,1,166,20,185,13,2
2020-09-24,263,42,15,0,180,24,203,13,2
2020-09-25,192,26,20,1,192,25,217,14,2
2020-09-26,109,8,7,1,198,26,224,14,2
2020-09-27,181,18,19,2,213,27,240,16,1
2020-09-28,139,15,12,2,195,25,220,16,2
2020-09-29,355,35,18,2,216,26,242,16,1
2020-09-30,284,43,33,4,218,27,244,18,2
2020-10-01,332,44,22,3,227,27,254,19,2
2020-10-02,271,37,26,1,239,29,267,20,2
2020-10-03,93,16,12,2,236,30,266,20,2
2020-10-04,162,22,22,3,234,30,264,21,2
2020-10-05,355,52,24,0,265,36,300,22,2
2020-10-06,251,30,23,3,250,35,285,23,2
2020-10-07,223,30,22,1,241,33,274,22,2
2020-10-08,218,40,20,4,225,32,257,21,2
2020-10-09,184,36,29,0,212,32,245,22,2
2020-10-10,96,12,18,0,213,32,244,23,2
2020-10-11,115,16,20,2,206,31,237,22,1
2020-10-12,223,29,29,1,187,28,215,23,2
2020-10-13,224,24,18,3,183,27,210,22,2
2020-10-14,215,53,23,4,182,30,212,22,2
2020-10-15,239,42,33,2,185,30,215,24,2
2020-10-16,163,41,18,3,182,31,213,23,2
2020-10-17,91,43,9,3,181,35,217,21,3
2020-10-18,172,46,17,1,190,40,229,21,2
2020-10-19,204,52,26,7,187,43,230,21,3
2020-10-20,214,48,33,2,185,46,232,23,3
2020-10-21,203,51,19,3,184,46,230,22,3
2020-10-22,242,59,14,2,184,49,233,19,3
2020-10-23,199,48,24,0,189,50,239,20,3
2020-10-24,120,40,24,1,193,49,243,22,2
2020-10-25,128,46,23,4,187,49,236,23,3
2020-10-26,221,48,13,3,190,49,238,21,2
2020-10-27,237,75,25,3,193,52,245,20,2
2020-10-28,231,62,16,3,197,54,251,20,2
2020-10-29,192,49,22,2,190,53,242,21,2
2020-10-30,192,58,18,4,189,54,243,20,3
2020-10-31,117,33,18,2,188,53,241,19,3
2020-11-01,231,67,19,9,203,56,259,19,4
2020-11-02,337,75,22,7,220,60,279,20,4
2020-11-03,319,78,29,8,231,60,292,21,5
2020-11-04,312,90,28,7,243,64,307,22,6
2020-11-05,312,116,28,4,260,74,334,23,6
2020-11-06,238,128,20,2,267,84,350,23,6
2020-11-07,224,87,12,5,282,92,373,23,6
2020-11-08,224,89,20,4,281,95,376,23,5
2020-11-09,418,146,28,1,292,105,397,24,4
2020-11-10,459,128,30,2,312,112,424,24,4
2020-11-11,394,119,13,2,324,116,440,22,3
2020-11-12,383,125,21,6,334,117,452,21,3
2020-11-13,356,109,31,2,351,115,466,22,3
2020-11-14,238,93,31,6,353,116,469,25,3
2020-11-15,232,112,25,6,354,119,473,26,4
2020-11-16,496,147,34,1,365,119,484,26,4
2020-11-17,493,147,29,3,370,122,492,26,4
2020-11-18,467,156,40,4,381,127,508,30,4
2020-11-19,491,148,37,6,396,130,526,32,4
2020-11-20,435,141,40,3,407,135,542,34,4
2020-11-21,354,80,26,3,424,133,557,33,4
2020-11-22,340,115,38,1,439,133,573,35,3
2020-11-23,575,167,38,7,451,136,587,35,4
2020-11-24,553,166,39,2,459,139,598,37,4
2020-11-25,632,152,42,4,483,138,621,37,4
2020-11-26,246,103,41,4,448,132,580,38,3
2020-11-27,603,198,45,4,472,140,612,38,4
2020-11-28,453,151,33,3,486,150,636,39,4
2020-11-29,562,178,43,3,518,159,677,40,4
2020-11-30,899,199,41,4,564,164,728,41,3
2020-12-01,948,246,46,4,620,175,796,42,4
2020-12-02,861,213,52,10,653,184,837,43,5
2020-12-03,847,223,60,4,739,201,940,46,5
2020-12-04,768,194,60,7,763,201,963,48,5
2020-12-05,506,183,43,7,770,205,975,49,6
2020-12-06,556,186,50,4,769,206,976,50,6
2020-12-07,965,263,57,8,779,215,994,53,6
2020-12-08,923,216,68,9,775,211,986,56,7
2020-12-09,913,243,76,10,783,215,998,59,7
2020-12-10,940,253,75,3,796,220,1016,61,7
2020-12-11,836,209,62,8,806,222,1027,62,7
2020-12-12,600,157,61,9,819,218,1037,64,7
2020-12-13,645,250,58,6,832,227,1059,65,8
2020-12-14,1111,319,80,6,853,235,1088,69,7
2020-12-15,1065,236,78,12,873,238,1111,70,8
2020-12-16,842,233,69,18,863,237,1099,69,9
2020-12-17,649,216,70,9,821,231,1053,68,10
2020-12-18,1024,216,79,14,848,232,1080,71,11
2020-12-19,764,200,69,12,871,239,1110,72,11
2020-12-20,768,213,83,6,889,233,1122,75,11
2020-12-21,1307,321,99,8,917,234,1151,78,11
2020-12-22,1252,271,88,15,944,239,1182,80,12
2020-12-23,1100,307,115,15,981,249,1230,86,11
2020-12-24,965,173,96,10,1026,243,1269,90,11
2020-12-25,345,176,85,14,929,237,1166,91,11
2020-12-26,1024,249,89,11,966,244,1210,94,11
2020-12-27,915,229,90,16,987,247,1233,95,13
2020-12-28,1601,346,107,13,1029,250,1279,96,13
2020-12-29,1414,282,88,16,1052,252,1304,96,14
2020-12-30,1398,297,96,18,1095,250,1345,93,14
2020-12-31,936,195,90,22,1090,253,1344,92,16
2021-01-01,415,169,81,19,1100,252,1353,92,16
2021-01-02,1107,275,97,20,1112,256,1368,93,18
2021-01-03,1065,293,94,12,1134,265,1399,93,17
2021-01-04,1896,343,139,26,1176,265,1441,98,19
2021-01-05,1759,398,101,23,1225,281,1507,100,20
2021-01-06,1608,347,113,19,1255,289,1544,102,20
2021-01-07,1642,330,110,18,1356,308,1664,105,20
2021-01-08,1455,275,115,16,1505,323,1828,110,19
2021-01-09,1009,257,94,23,1491,320,1811,109,20
2021-01-10,1008,319,87,18,1482,324,1807,108,20
2021-01-11,1756,415,126,13,1462,334,1797,107,19
2021-01-12,1616,341,125,33,1442,326,1768,110,20
2021-01-13,1534,336,128,23,1431,325,1756,112,21
2021-01-14,1560,331,136,24,1420,325,1745,116,21
2021-01-15,1400,326,128,11,1412,332,1744,118,21
2021-01-16,1073,270,105,22,1421,334,1755,119,21
2021-01-17,903,331,103,27,1406,336,1742,122,22
2021-01-18,1462,401,142,25,1364,334,1698,124,24
2021-01-19,1476,429,117,31,1344,346,1690,123,23
2021-01-20,1352,396,107,29,1318,355,1673,120,24
2021-01-21,1406,344,120,23,1296,357,1653,117,24
2021-01-22,1324,344,125,37,1285,359,1644,117,28
2021-01-23,1013,278,93,32,1277,360,1637,115,29
2021-01-24,905,263,98,24,1277,351,1628,115,29
2021-01-25,1762,434,111,20,1320,355,1675,110,28
2021-01-26,1420,316,99,33,1312,339,1651,108,28
2021-01-27,1503,355,130,31,1333,333,1667,111,29
2021-01-28,1431,369,113,17,1337,337,1674,110,28
2021-01-29,1096,297,127,28,1304,330,1635,110,26
2021-01-30,874,235,76,28,1284,324,1609,108,26
2021-01-31,884,260,97,27,1281,324,1605,108,26
2021-02-01,342,165,82,22,1079,285,1364,103,27
2021-02-02,873,150,140,30,1000,262,1262,109,26
2021-02-03,1505,303,147,20,1001,254,1255,112,25
2021-02-04,1371,301,142,30,992,244,1237,116,26
2021-02-05,1247,298,137,33,1014,245,1258,117,27
2021-02-06,900,251,90,27,1017,247,1264,119,27
2021-02-07,567,216,103,21,972,241,1213,120,26
2021-02-08,1345,347,124,24,1115,267,1382,126,26
2021-02-09,1083,298,106,25,1145,288,1433,121,26
2021-02-10,1061,252,116,20,1082,280,1362,117,26
2021-02-11,931,293,109,31,1019,279,1298,112,26
2021-02-12,934,237,104,29,974,271,1245,107,25
2021-02-13,671,224,73,27,942,267,1208,105,25
2021-02-14,585,234,82,29,944,269,1214,102,26
2021-02-15,860,196,94,30,875,248,1123,98,27
2021-02-16,1109,289,116,33,879,246,1125,99,28
2021-02-17,1006,299,100,24,871,253,1124,97,29
2021-02-18,591,246,77,22,822,246,1069,92,28
2021-02-19,855,308,80,17,811,257,1068,89,26
2021-02-20,681,281,88,19,812,265,1077,91,25
2021-02-21,792,183,85,15,842,257,1099,91,23
2021-02-22,1117,300,116,27,879,272,1151,95,22
2021-02-23,1073,302,109,22,874,274,1148,94,21
2021-02-24,1023,302,106,24,876,275,1151,94,21
2021-02-25,1026,302,86,25,938,283,1221,96,21
2021-02-26,943,267,98,15,951,277,1227,98,21
2021-02-27,625,264,68,28,943,274,1217,95,22
2021-02-28,733,277,86,24,934,288,1222,96,24
2021-03-01,1174,317,85,22,942,290,1233,91,23
2021-03-02,936,275,80,15,923,286,1209,87,22
2021-03-03,956,351,91,16,913,293,1207,85,21
2021-03-04,938,308,100,15,901,294,1195,87,19
2021-03-05,887,252,69,18,893,292,1185,83,20
2021-03-06,594,181,66,13,888,280,1168,82,18
2021-03-07,595,242,70,22,869,275,1144,80,17
2021-03-08,1109,348,72,18,859,280,1139,78,17
2021-03-09,1085,338,73,18,881,289,1169,77,17
2021-03-10,957,317,95,19,881,284,1164,78,18
2021-03-11,963,286,100,20,884,281,1165,78,18
2021-03-12,937,255,91,26,891,281,1172,81,19
2021-03-13,627,254,66,22,896,291,1188,81,21
2021-03-14,644,252,82,16,903,293,1196,83,20
2021-03-15,1062,319,83,17,896,289,1185,84,20
2021-03-16,986,294,79,19,882,282,1165,85,20
2021-03-17,940,310,99,9,880,281,1161,86,18
2021-03-18,857,260,100,17,865,278,1142,86,18
2021-03-19,901,306,84,10,860,285,1145,85,16
2021-03-20,660,251,88,17,864,285,1149,88,15
2021-03-21,710,239,93,12,874,283,1156,89,14
2021-03-22,1215,384,98,20,896,292,1188,92,15
2021-03-23,1023,308,92,16,901,294,1195,93,14
2021-03-24,1049,327,97,15,916,296,1213,93,15
2021-03-25,1147,368,107,24,958,312,1270,94,16
2021-03-26,1000,268,104,24,972,306,1278,97,18
2021-03-27,631,230,88,19,968,303,1271,97,19
2021-03-28,574,200,61,15,948,298,1246,92,19
2021-03-29,1043,323,100,12,924,289,1213,93,18
2021-03-30,938,319,84,17,912,291,1202,92,18
2021-03-31,959,275,104,25,899,283,1182,93,19
2021-04-01,860,251,101,18,858,267,1124,92,19
2021-04-02,846,220,89,24,836,260,1096,90,19
2021-04-03,639,182,78,19,837,253,1090,88,19
2021-04-04,495,173,65,13,826,249,1075,89,18
2021-04-05,1039,288,88,12,825,244,1069,87,18
2021-04-06,931,256,74,15,824,235,1059,86,18
2021-04-07,868,236,75,11,811,229,1041,81,16
2021-04-08,812,225,72,21,804,226,1030,77,16
2021-04-09,802,230,52,27,798,227,1025,72,17
2021-04-10,564,182,61,15,787,227,1014,70,16
2021-04-11,461,191,51,22,782,230,1012,68,18
2021-04-12,853,267,58,17,756,227,983,63,18
2021-04-13,775,238,68,13,734,224,958,62,18
2021-04-14,721,183,66,11,713,217,929,61,18
2021-04-15,640,184,65,11,688,211,899,60,17
2021-04-16,594,186,76,15,658,204,863,64,15
2021-04-17,411,152,59,17,636,200,837,63,15
2021-04-18,357,129,67,18,622,191,813,66,15
2021-04-19,642,194,58,16,591,181,772,66,14
2021-04-20,518,140,61,15,555,167,722,65,15
2021-04-21,513,169,43,12,525,165,690,61,15
2021-04-22,489,116,49,17,503,155,659,59,16
2021-04-23,438,136,51,11,481,148,629,55,15
2021-04-24,306,98,30,11,466,140,606,51,14
2021-04-25,270,95,35,6,454,135,589,47,13
2021-04-26,498,114,50,15,433,124,557,46,12
2021-04-27,391,101,45,11,415,118,533,43,12
2021-04-28,418,122,44,13,401,112,513,43,12
2021-04-29,391,105,42,8,387,110,498,42,11
2021-04-30,322,103,33,15,371,105,476,40,11
2021-05-01,190,64,23,12,354,101,455,39,11
2021-05-02,220,64,22,13,347,96,443,37,12
2021-05-03,316,91,29,7,321,93,414,34,11
2021-05-04,297,72,46,8,308,89,396,34,11
2021-05-05,242,70,25,8,283,81,364,31,10
2021-05-06,266,87,21,10,265,79,343,28,10
2021-05-07,225,46,29,10,251,71,321,28,10
2021-05-08,121,49,25,12,241,68,309,28,10
2021-05-09,106,48,18,9,225,66,291,28,9
2021-05-10,208,65,17,8,209,62,272,26,9
2021-05-11,215,63,18,6,198,61,259,22,9
2021-05-12,196,46,25,9,191,58,249,22,9
2021-05-13,146,44,22,8,174,52,225,22,9
2021-05-14,145,47,14,9,162,52,214,20,9
2021-05-15,94,27,21,3,159,49,207,19,7
2021-05-16,99,38,18,7,158,47,205,19,7
2021-05-17,151,31,22,7,149,42,192,20,7
2021-05-18,138,47,16,5,138,40,178,20,7
2021-05-19,129,48,20,7,129,40,169,19,7
2021-05-20,134,29,31,6,127,38,165,20,6
2021-05-21,115,32,11,5,123,36,159,20,6
2021-05-22,81,24,13,5,121,36,157,19,6
2021-05-23,63,21,19,3,116,33,149,19,5
2021-05-24,105,33,9,6,109,33,143,17,5
2021-05-25,102,26,19,1,104,30,135,17,5
2021-05-26,81,21,12,1,97,27,124,16,4
2021-05-27,62,26,11,3,87,26,113,13,3
2021-05-28,67,12,16,3,80,23,103,14,3
2021-05-29,32,18,4,3,73,22,96,13,3
2021-05-30,34,8,14,5,69,21,90,12,3
2021-05-31,35,27,2,2,59,20,79,11,3
2021-06-01,59,24,14,8,53,19,72,10,4
2021-06-02,70,12,15,4,51,18,69,11,4
2021-06-03,62,9,15,4,51,16,67,11,4
2021-06-04,66,13,10,3,51,16,67,11,4
2021-06-05,44,9,3,3,53,15,67,10,4
2021-06-06,35,2,8,2,53,14,67,10,4
2021-06-07,64,17,12,0,57,12,69,11,3
2021-06-08,54,11,7,3,56,10,67,10,3
2021-06-09,57,14,9,5,55,11,65,9,3
2021-06-10,46,13,8,1,52,11,64,8,2
2021-06-11,42,7,4,2,49,10,59,7,2
2021-06-12,28,6,4,1,47,10,57,7,2
2021-06-13,35,14,12,1,47,12,58,8,2
2021-06-14,54,19,12,4,45,12,57,8,2
2021-06-15,37,17,8,3,43,13,56,8,2
2021-06-16,46,13,5,2,41,13,54,8,2
2021-06-17,51,20,9,4,42,14,56,8,2
2021-06-18,59,4,7,3,44,13,58,8,3
2021-06-19,29,6,2,3,44,13,58,8,3
2021-06-20,33,12,10,4,44,13,57,8,3
2021-06-21,40,13,9,0,42,12,54,7,3
2021-06-22,50,12,7,2,44,11,55,7,3
2021-06-23,48,10,11,1,44,11,55,8,2
2021-06-24,51,16,8,3,44,10,55,8,2
2021-06-25,61,9,8,2,45,11,56,8,2
2021-06-26,37,15,7,2,46,12,58,9,2
2021-06-27,28,9,6,0,45,12,57,8,1
2021-06-28,49,17,8,1,46,13,59,8,2
2021-06-29,52,17,8,2,47,13,60,8,2
2021-06-30,75,20,6,2,50,15,65,7,2
2021-07-01,63,11,10,2,52,14,66,8,2
2021-07-02,60,23,13,1,52,16,68,8,1
2021-07-03,41,15,5,2,53,16,69,8,1
2021-07-04,32,16,9,2,53,17,70,8,2
2021-07-05,62,10,5,0,55,16,71,8,2
2021-07-06,125,30,8,1,65,18,83,8,1
2021-07-07,147,27,9,0,76,19,95,8,1
2021-07-08,110,37,8,0,82,23,105,8,1
2021-07-09,111,34,8,1,90,24,114,7,1
2021-07-10,63,32,6,1,93,27,119,8,1
2021-07-11,79,31,6,2,100,29,128,7,1
2021-07-12,176,47,10,0,116,34,150,8,1
2021-07-13,152,62,7,1,120,39,158,8,1
2021-07-14,185,72,13,2,125,45,170,8,1
2021-07-15,171,64,9,1,134,49,183,8,1
2021-07-16,183,46,17,0,144,51,195,10,1
2021-07-17,109,45,8,0,151,52,203,10,1
2021-07-18,141,80,19,1,160,59,219,12,1
2021-07-19,276,89,19,3,174,65,239,13,1
2021-07-20,231,72,21,2,185,67,252,15,1
2021-07-21,307,73,13,0,203,67,270,15,1
2021-07-22,326,85,17,0,225,70,295,16,1
2021-07-23,319,88,18,1,244,76,320,16,1
2021-07-24,188,84,13,2,255,82,337,17,1
2021-07-25,214,87,10,0,266,83,348,16,1
2021-07-26,420,103,21,0,286,85,371,16,1
2021-07-27,406,115,23,1,311,91,402,16,1
2021-07-28,385,135,15,1,323,100,422,17,1
2021-07-29,444,129,21,1,339,106,445,17,1
2021-07-30,427,119,19,4,355,110,465,17,1
2021-07-31,263,88,29,4,366,111,476,20,2
2021-08-01,294,80,17,2,377,110,487,21,2
2021-08-02,518,119,25,2,391,112,503,21,2
2021-08-03,489,124,28,0,403,113,516,22,2
2021-08-04,521,134,37,5,422,113,536,25,3
2021-08-05,516,188,23,2,433,122,554,25,3
2021-08-06,520,119,40,5,446,122,568,28,3
2021-08-07,372,106,27,5,461,124,586,28,3
2021-08-08,321,99,25,2,465,127,592,29,3
2021-08-09,626,121,45,3,481,127,608,32,3
2021-08-10,536,135,33,4,487,129,616,33,4
2021-08-11,546,79,40,2,491,121,612,33,3
2021-08-12,577,99,36,1,500,108,608,35,3
2021-08-13,499,130,48,3,497,110,607,36,3
2021-08-14,348,94,29,4,493,108,601,37,3
2021-08-15,419,93,40,3,507,107,615,39,3
2021-08-16,627,141,44,2,507,110,618,39,3
2021-08-17,594,134,41,3,516,110,626,40,3
2021-08-18,555,134,32,4,517,118,635,39,3
2021-08-19,543,120,30,7,512,121,633,38,4
2021-08-20,505,104,34,4,513,117,630,36,4
2021-08-21,337,74,34,7,511,114,626,36,4
2021-08-22,276,48,32,6,491,108,599,35,5
2021-08-23,642,138,31,5,493,107,601,33,5
2021-08-24,613,132,39,4,496,107,603,33,5
2021-08-25,568,152,32,4,498,110,607,33,5
2021-08-26,525,134,34,5,495,112,607,34,5
2021-08-27,462,120,36,5,489,114,603,34,5
2021-08-28,296,84,26,7,483,115,599,33,5
2021-08-29,341,74,29,8,492,119,612,32,5
2021-08-30,582,135,37,5,484,119,603,33,5
2021-08-31,530,99,35,4,472,114,586,33,5
2021-09-01,487,111,32,2,460,108,569,33,5
2021-09-02,477,91,23,5,454,102,556,31,5
2021-09-03,429,111,26,3,449,101,550,30,5
2021-09-04,255,79,37,4,443,100,543,31,4
2021-09-05,334,94,24,4,442,103,545,31,4
2021-09-06,274,91,23,7,398,97,495,29,4
2021-09-07,433,108,33,2,384,98,482,28,4
2021-09-08,465,104,29,8,381,97,478,28,5
2021-09-09,630,103,27,4,403,99,501,28,5
2021-09-10,504,119,29,6,414,100,513,29,5
2021-09-11,335,116,29,8,425,105,530,28,6
2021-09-12,504,137,30,2,449,111,560,29,5
2021-09-13,633,161,35,4,501,121,622,30,5
2021-09-14,608,138,30,6,526,125,651,30,5
2021-09-15,549,143,35,5,538,131,669,31,5
2021-09-16,451,126,20,3,512,134,646,30,5
2021-09-17,559,122,28,6,520,135,655,30,5
2021-09-18,357,106,29,1,523,133,656,30,4
2021-09-19,464,139,25,9,517,134,651,29,5
2021-09-20,543,124,28,7,504,128,633,28,5
2021-09-21,397,134,25,4,474,128,602,27,5
2021-09-22,509,126,35,6,469,125,594,27,5
2021-09-23,511,151,42,2,477,129,606,30,5
2021-09-24,452,129,35,3,462,130,592,31,5
2021-09-25,309,100,25,6,455,129,584,31,5
2021-09-26,333,112,21,5,436,125,561,30,5
2021-09-27,517,117,29,4,433,124,557,30,4
2021-09-28,355,103,20,6,427,120,546,30,5
2021-09-29,369,116,24,3,407,118,525,28,4
2021-09-30,454,138,22,3,398,116,515,25,4
2021-10-01,407,126,29,2,392,116,508,24,4
2021-10-02,279,94,19,4,388,115,503,23,4
2021-10-03,458,99,28,4,406,113,519,24,4
2021-10-04,512,120,30,3,405,114,519,25,4
2021-10-05,507,125,29,1,427,117,543,26,3
2021-10-06,487,103,13,6,443,115,558,24,3
2021-10-07,407,109,13,2,437,111,548,23,3
2021-10-08,450,105,15,8,443,108,551,21,4
2021-10-09,250,93,26,3,439,108,546,22,4
2021-10-10,308,82,20,5,417,105,523,21,4
2021-10-11,363,95,16,1,396,102,498,19,4
2021-10-12,465,108,14,1,390,99,489,17,4
2021-10-13,409,99,27,2,379,99,478,19,3
2021-10-14,426,108,12,2,382,99,480,19,3
2021-10-15,322,81,12,3,363,95,458,18,2
2021-10-16,194,78,20,4,355,93,448,17,3
2021-10-17,260,75,28,4,348,92,440,18,2
2021-10-18,362,101,20,6,348,93,441,19,3
2021-10-19,313,74,17,3,327,88,415,19,3
2021-10-20,294,79,19,3,310,85,395,18,4
2021-10-21,341,67,18,5,298,79,377,19,4
2021-10-22,260,70,16,2,289,78,367,20,4
2021-10-23,162,50,15,4,285,74,358,19,4
2021-10-24,198,51,16,4,276,70,346,17,4
2021-10-25,364,83,13,5,276,68,344,16,4
2021-10-26,237,51,19,2,265,64,330,17,4
2021-10-27,288,59,18,6,264,62,326,16,4
2021-10-28,311,73,11,2,260,62,322,15,4
2021-10-29,230,59,7,0,256,61,317,14,3
2021-10-30,158,56,12,2,255,62,317,14,3
2021-10-31,199,48,8,0,255,61,317,13,2
2021-11-01,314,93,12,2,248,63,311,12,2
2021-11-02,302,85,18,4,257,68,325,12,2
2021-11-03,299,67,24,1,259,69,328,13,2
2021-11-04,349,80,14,3,264,70,334,14,2
2021-11-05,290,78,13,4,273,72,345,14,2
2021-11-06,197,74,15,2,279,75,354,15,2
2021-11-07,206,79,15,3,280,79,359,16,3
2021-11-08,401,87,15,1,292,79,371,16,3
2021-11-09,358,80,9,5,300,78,378,15,3
2021-11-10,363,104,16,2,309,83,392,14,3
2021-11-11,345,97,22,4,309,86,394,15,3
2021-11-12,372,92,17,6,320,88,408,16,3
2021-11-13,240,59,20,5,326,85,412,16,4
2021-11-14,259,79,17,1,334,85,419,17,3
2021-11-15,427,119,9,4,338,90,428,16,4
2021-11-16,430,85,8,1,348,91,439,16,3
2021-11-17,432,111,17,1,358,92,450,16,3
2021-11-18,428,97,20,3,370,92,461,15,3
2021-11-19,353,104,18,2,367,93,460,16,2
2021-11-20,279,81,17,3,373,97,469,15,2
2021-11-21,294,85,14,1,378,97,475,15,2
2021-11-22,517,156,15,4,390,103,493,16,2
2021-11-23,482,106,21,4,398,106,504,17,3
2021-11-24,461,116,17,8,402,106,508,17,4
2021-11-25,189,78,26,2,368,104,472,18,3
2021-11-26,364,102,19,3,369,103,473,18,4
2021-11-27,302,95,22,3,373,105,478,19,4
2021-11-28,318,112,14,2,376,109,485,19,4
2021-11-29,661,180,31,5,397,113,509,21,4
2021-11-30,577,146,21,3,410,118,529,21,4
2021-12-01,700,175,30,8,444,127,571,23,4
2021-12-02,628,172,33,7,507,140,647,24,4
2021-12-03,579,137,24,7,538,145,683,25,5
2021-12-04,382,109,30,5,549,147,697,26,5
2021-12-05,463,136,30,6,570,151,721,28,6
2021-12-06,849,178,58,4,597,150,747,32,6
2021-12-07,896,174,39,6,642,154,797,35,6
2021-12-08,982,204,50,2,683,159,841,38,5
2021-12-09,911,217,40,3,723,165,888,39,5
2021-12-10,980,208,49,7,780,175,956,42,5
2021-12-11,619,117,42,1,814,176,991,44,4
2021-12-12,870,242,46,7,872,191,1064,46,4
2021-12-13,2390,325,58,6,1093,212,1305,46,5
2021-12-14,3420,507,65,7,1453,260,1713,50,5
2021-12-15,4122,550,74,1,1902,309,2211,53,5
2021-12-16,4516,639,101,4,2417,370,2786,62,5
2021-12-17,4277,559,76,12,2888,420,3308,66,5
2021-12-18,3243,479,99,7,3263,472,3734,74,6
2021-12-19,3441,537,103,12,3630,514,4144,82,7
2021-12-20,8930,924,146,9,4564,599,5163,95,7
2021-12-21,9450,949,140,1,5426,662,6088,106,7
2021-12-22,9453,1906,194,14,6187,856,7043,123,8
2021-12-23,9610,1031,212,5,6915,912,7827,139,9
2021-12-24,5579,724,207,19,7101,936,8037,157,10
2021-12-25,2345,352,201,10,6973,918,7890,172,10
2021-12-26,7213,970,257,11,7511,979,8491,194,10
2021-12-27,15039,1564,318,11,8384,1071,9455,218,10
2021-12-28,14230,1298,269,13,9067,1121,10188,237,12
2021-12-29,14318,1526,295,19,9762,1066,10828,251,13
2021-12-30,13493,1561,327,17,10317,1142,11459,268,14
2021-12-31,8759,938,291,24,10771,1173,11944,280,15
2022-01-01,3538,438,260,23,10941,1185,12126,288,17
2022-01-02,10163,1057,367,21,11363,1197,12560,304,18
2022-01-03,16683,1577,319,28,11598,1199,12797,304,21
2022-01-04,13853,1393,279,36,11544,1213,12757,305,24
2022-01-05,11206,1169,362,23,11099,1162,12261,315,25
2022-01-06,10469,953,268,32,10667,1075,11742,307,27
2022-01-07,6876,710,261,31,10398,1042,11441,302,28
2022-01-08,4845,522,223,43,10585,1054,11639,297,31
2022-01-09,4691,561,224,47,9803,984,10787,277,34
2022-01-10,7560,1014,260,42,8500,903,9403,268,36
2022-01-11,5557,556,247,51,7315,784,8098,264,38
2022-01-12,5678,691,232,46,6525,715,7240,245,42
2022-01-13,5253,572,212,48,5780,661,6441,237,44
2022-01-14,4116,373,208,44,5386,613,5998,229,46
2022-01-15,2236,216,171,44,5013,569,5582,222,46
2022-01-16,2413,250,133,53,4688,525,5212,209,47
2022-01-17,3552,320,163,32,4115,425,4540,195,45
2022-01-18,3581,318,147,37,3833,391,4224,181,43
2022-01-19,3003,277,132,32,3451,332,3783,167,41
2022-01-20,2317,180,154,35,3031,276,3307,158,40
2022-01-21,1779,163,138,48,2697,246,2944,148,40
2022-01-22,1200,155,93,38,2549,238,2787,137,39
2022-01-23,1234,133,87,36,2381,221,2602,131,37
2022-01-24,1996,180,95,44,2159,201,2359,121,39
2022-01-25,1604,130,119,37,1876,174,2050,117,39
2022-01-26,1452,114,84,30,1655,151,1805,110,38
2022-01-27,1189,115,93,26,1493,141,1635,101,37
2022-01-28,894,81,52,31,1367,130,1497,89,35
2022-01-29,141,11,48,31,1216,109,1325,83,34
2022-01-30,488,62,52,31,1109,99,1208,78,33
2022-01-31,905,71,68,37,953,83,1037,74,32
2022-02-01,758,62,60,22,832,74,906,65,30
2022-02-02,832,62,51,30,744,66,810,61,30
2022-02-03,751,58,57,23,681,58,739,55,29
2022-02-04,496,48,42,13,624,53,678,54,27
2022-02-05,298,35,33,13,647,57,704,52,24
2022-02-06,263,31,26,22,615,52,667,48,23
2022-02-07,529,53,32,18,561,50,611,43,20
2022-02-08,528,50,46,28,528,48,576,41,21
2022-02-09,407,48,39,14,467,46,514,39,19
2022-02-10,402,29,34,14,418,42,460,36,17
2022-02-11,317,27,33,10,392,39,431,35,17
2022-02-12,213,31,23,5,380,38,418,33,16
2022-02-13,153,19,11,19,364,37,401,31,15
2022-02-14,357,33,26,11,340,34,373,30,14
2022-02-15,299,27,28,5,307,31,337,28,11
2022-02-16,317,12,24,10,294,25,319,26,11
2022-02-17,268,35,20,15,275,26,301,24,11
2022-02-18,214,30,12,13,260,27,287,21,11
2022-02-19,103,20,15,10,244,25,270,19,12
2022-02-20,115,16,14,8,239,25,264,20,10
2022-02-21,155,27,6,9,210,24,234,17,10
2022-02-22,219,28,19,4,199,24,223,16,10
2022-02-23,202,11,8,5,182,24,206,13,9
2022-02-24,176,24,8,7,169,22,191,12,8
2022-02-25,184,7,18,3,165,19,184,13,7
2022-02-26,105,21,8,1,165,19,184,12,5
2022-02-27,127,19,7,4,167,20,186,11,5
2022-02-28,197,25,15,1,173,19,192,12,4
2022-03-01,181,19,10,3,167,18,185,11,3
2022-03-02,191,21,13,11,166,19,185,11,4
2022-03-03,159,20,10,4,163,19,182,12,4
2022-03-04,139,19,9,4,157,21,178,10,4
2022-03-05,86,11,5,2,154,19,173,10,4
2022-03-06,123,26,5,2,154,20,174,10,4
2022-03-07,230,23,5,2,158,20,178,8,4
2022-03-08,245,30,7,3,168,21,189,8,4
2022-03-09,221,41,5,4,172,24,196,7,3
2022-03-10,241,36,10,3,184,27,210,7,3
2022-03-11,207,32,7,3,193,28,222,6,3
2022-03-12,103,16,6,4,196,29,225,6,3
2022-03-13,129,19,7,4,197,28,225,7,3
2022-03-14,332,39,7,3,211,30,242,7,3
2022-03-15,312,30,8,1,221,30,251,7,3
2022-03-16,275,39,5,1,228,30,259,7,3
2022-03-17,246,31,9,1,229,29,259,7,2
2022-03-18,238,37,8,2,234,30,264,7,2
2022-03-19,132,27,5,3,238,32,269,7,2
2022-03-20,211,41,11,2,249,35,284,8,2
2022-03-21,399,59,9,2,259,38,297,8,2
2022-03-22,427,46,10,1,275,40,315,8,2
2022-03-23,401,55,6,0,293,42,336,8,2
2022-03-24,355,52,11,1,309,45,354,9,2
2022-03-25,332,42,9,0,322,46,368,9,1
2022-03-26,229,55,4,1,336,50,386,9,1
2022-03-27,267,43,8,3,344,50,395,8,1
2022-03-28,437,77,7,2,350,53,403,8,1
2022-03-29,481,60,12,1,357,55,412,8,1
2022-03-30,455,71,13,3,365,57,422,9,2
2022-03-31,447,68,8,1,378,59,438,9,2
2022-04-01,398,68,5,1,388,63,451,8,2
2022-04-02,286,52,7,0,396,63,459,9,2
2022-04-03,292,64,6,0,399,66,465,8,1
2022-04-04,620,90,9,0,426,68,493,9,1
2022-04-05,630,58,24,2,447,67,514,10,1
2022-04-06,646,73,16,1,474,68,542,11,1
2022-04-07,586,76,16,0,494,69,563,12,1
2022-04-08,550,79,14,1,516,70,586,13,1
2022-04-09,371,61,13,1,528,72,599,14,1
2022-04-10,343,79,7,3,535,74,609,14,1
2022-04-11,765,109,15,0,556,76,632,15,1
2022-04-12,712,91,12,3,568,81,649,13,1
2022-04-13,732,120,18,0,580,88,668,14,1
2022-04-14,639,103,14,2,587,92,679,13,1
2022-04-15,592,98,15,4,593,94,688,13,2
2022-04-16,350,97,12,1,590,100,690,13,2
2022-04-17,289,74,9,1,583,99,682,14,2
2022-04-18,663,133,20,2,568,102,670,14,2
2022-04-19,677,104,23,2,563,104,667,16,2
2022-04-20,581,108,20,0,542,102,644,16,2
2022-04-21,614,107,13,3,538,103,641,16,2
2022-04-22,512,119,21,3,527,106,633,17,2
2022-04-23,462,102,15,2,543,107,649,17,2
2022-04-24,422,113,14,0,562,112,674,18,2
2022-04-25,927,166,16,1,599,117,716,17,2
2022-04-26,834,140,13,2,622,122,744,16,2
2022-04-27,831,126,26,1,657,125,782,17,2
2022-04-28,810,132,31,1,685,128,814,19,1
2022-04-29,829,125,19,0,731,129,860,19,1
2022-04-30,498,122,14,0,736,132,868,19,1
2022-05-01,564,126,19,2,756,134,890,20,1
2022-05-02,1191,177,20,2,794,135,929,20,1
2022-05-03,1126,204,23,1,836,145,980,22,1
2022-05-04,1116,176,28,0,876,152,1028,22,1
2022-05-05,1079,194,23,1,915,161,1075,21,1
2022-05-06,876,162,24,2,921,166,1087,22,1
2022-05-07,523,125,21,3,925,166,1091,23,2
2022-05-08,634,139,19,3,935,168,1103,23,2
2022-05-09,1265,259,27,6,946,180,1125,24,2
2022-05-10,1333,173,23,1,975,175,1151,24,2
2022-05-11,1256,206,35,5,995,180,1175,25,3
2022-05-12,1213,183,17,7,1014,178,1192,24,4
2022-05-13,1077,154,40,1,1043,177,1220,26,4
2022-05-14,733,155,36,2,1073,181,1254,28,4
2022-05-15,750,206,18,6,1090,191,1280,28,4
2022-05-16,1402,269,33,2,1109,192,1301,29,3
2022-05-17,1205,209,26,2,1091,197,1288,29,4
2022-05-18,1250,212,24,6,1090,198,1288,28,4
2022-05-19,1143,216,20,2,1080,203,1283,28,3
2022-05-20,1029,198,28,2,1073,209,1282,26,3
2022-05-21,663,149,36,5,1063,208,1272,26,4
2022-05-22,721,161,41,0,1059,202,1261,30,3
2022-05-23,1405,253,42,5,1059,200,1259,31,3
2022-05-24,1174,224,47,6,1055,202,1257,34,4
2022-05-25,1199,186,48,4,1048,198,1246,37,3
2022-05-26,997,177,30,3,1027,193,1219,39,4
2022-05-27,880,81,27,2,1006,176,1181,39,4
2022-05-28,566,50,20,4,992,162,1153,36,3
2022-05-29,599,121,37,2,974,156,1130,36,4
2022-05-30,519,140,27,3,848,140,988,34,3
2022-05-31,1313,208,28,3,868,138,1005,31,3
2022-06-01,1115,188,37,3,856,138,993,29,3
2022-06-02,1010,148,29,5,857,134,991,29,3
2022-06-03,804,137,30,6,847,142,988,30,4
2022-06-04,532,133,21,1,842,154,995,30,3
2022-06-05,475,154,22,4,824,158,982,28,4
2022-06-06,984,166,34,4,890,162,1052,29,4
2022-06-07,901,152,27,1,832,154,986,29,3
2022-06-08,916,153,46,5,803,149,952,30,4
2022-06-09,788,131,40,5,771,147,918,31,4
2022-06-10,721,126,35,1,760,145,905,32,3
2022-06-11,412,95,34,4,742,140,882,34,3
2022-06-12,425,104,22,3,735,132,868,34,3
2022-06-13,931,203,37,4,728,138,865,34,3
2022-06-14,879,159,28,2,725,139,863,35,3
2022-06-15,904,182,42,1,723,143,866,34,3
2022-06-16,726,139,35,6,714,144,858,33,3
2022-06-17,701,115,30,3,711,142,854,33,3
2022-06-18,527,108,28,4,728,144,872,32,3
2022-06-19,440,106,35,1,730,145,874,34,3
2022-06-20,685,152,37,4,695,137,832,34,3
2022-06-21,1093,168,47,3,725,139,864,36,3
2022-06-22,898,178,36,0,724,138,862,35,3
2022-06-23,851,171,32,3,742,143,885,35,3
2022-06-24,812,147,56,2,758,147,905,39,2
2022-06-25,604,113,26,4,769,148,917,38,2
2022-06-26,625,149,38,3,795,154,949,39,3
2022-06-27,1123,233,27,4,858,166,1024,37,3
2022-06-28,1156,188,34,3,867,168,1035,36,3
2022-06-29,1027,197,48,2,885,171,1057,37,3
2022-06-30,879,184,38,6,889,173,1062,38,3
2022-07-01,877,178,37,3,899,177,1076,35,4
2022-07-02,572,146,21,5,894,182,1076,35,4
2022-07-03,634,157,43,7,895,183,1079,35,4
2022-07-04,427,161,32,4,796,173,969,36,4
2022-07-05,1502,273,44,7,845,185,1031,38,5
2022-07-06,1229,240,46,3,874,191,1066,37,5
2022-07-07,1249,222,60,2,927,197,1124,40,4
2022-07-08,1130,195,49,3,963,199,1162,42,4
2022-07-09,759,165,49,3,990,202,1192,46,4
2022-07-10,725,164,43,1,1003,203,1206,46,3
2022-07-11,1412,251,59,1,1144,216,1359,50,3
2022-07-12,1254,242,56,5,1108,211,1320,52,3
2022-07-13,1181,235,45,3,1101,211,1312,52,3
2022-07-14,1191,212,49,5,1093,209,1302,50,3
2022-07-15,1164,212,43,3,1098,212,1310,49,3
2022-07-16,633,159,37,1,1080,211,1291,47,3
2022-07-17,685,187,53,0,1074,214,1288,49,3
2022-07-18,1261,238,67,3,1053,212,1265,50,3
2022-07-19,1165,253,66,3,1040,214,1254,51,3
2022-07-20,1129,240,54,4,1033,214,1247,53,3
2022-07-21,1005,198,47,6,1006,212,1218,52,3
2022-07-22,957,212,47,6,976,212,1189,53,3
2022-07-23,603,152,39,8,972,211,1184,53,4
2022-07-24,598,158,34,7,960,207,1167,51,5
2022-07-25,1180,189,54,9,948,200,1148,49,6
2022-07-26,1086,198,45,3,937,192,1129,46,6
2022-07-27,1078,169,38,5,930,182,1112,43,6
2022-07-28,935,181,34,1,920,180,1099,42,6
2022-07-29,834,157,40,5,902,172,1074,41,5
2022-07-30,495,143,39,4,887,171,1057,41,5
2022-07-31,569,154,43,4,882,170,1053,42,4
2022-08-01,1108,201,53,4,872,172,1044,42,4
2022-08-02,1037,185,51,5,865,170,1035,43,4
2022-08-03,843,99,53,3,832,160,992,45,4
2022-08-04,849,155,42,3,819,156,976,46,4
2022-08-05,782,127,46,2,812,152,964,47,4
2022-08-06,430,130,31,7,803,150,953,46,4
2022-08-07,445,114,31,5,785,144,929,44,4
2022-08-08,975,197,49,7,766,144,910,43,5
2022-08-09,748,146,41,4,725,138,863,42,4
2022-08-10,802,149,46,3,719,145,864,41,4
2022-08-11,608,168,43,5,684,147,832,41,5
2022-08-12,607,128,44,2,659,147,807,41,5
2022-08-13,357,107,32,6,649,144,793,41,5
2022-08-14,384,105,26,4,640,143,783,40,4
2022-08-15,779,168,49,2,612,139,751,40,4
2022-08-16,670,149,54,5,601,139,740,42,4
2022-08-17,644,131,58,7,578,137,715,44,4
2022-08-18,611,125,45,2,579,130,709,44,4
2022-08-19,530,131,31,5,568,131,699,42,4
2022-08-20,338,95,31,5,565,129,694,42,4
2022-08-21,373,104,39,4,564,129,693,44,4
2022-08-22,669,125,44,4,548,123,671,43,5
2022-08-23,554,134,30,3,531,121,652,40,4
2022-08-24,570,135,41,3,521,121,642,37,4
2022-08-25,524,115,46,4,508,120,628,37,4
2022-08-26,473,92,35,9,500,114,614,38,5
2022-08-27,291,68,31,2,493,110,604,38,4
2022-08-28,327,87,20,3,487,108,595,35,4
2022-08-29,647,153,44,3,484,112,596,35,4
2022-08-30,533,102,45,3,481,107,588,37,4
2022-08-31,534,123,25,2,476,106,581,35,4
2022-09-01,471,105,33,4,468,104,572,33,4
2022-09-02,465,82,45,3,467,103,570,35,3
2022-09-03,219,91,27,5,457,106,563,34,3
2022-09-04,274,92,24,8,449,107,556,35,4
2022-09-05,292,64,33,3,398,94,492,33,4
2022-09-06,599,125,29,3,408,97,505,31,4
2022-09-07,533,105,41,4,408,95,502,33,4
2022-09-08,508,103,34,5,413,95,507,33,4
2022-09-09,461,77,30,6,412,94,506,31,5
2022-09-10,262,75,26,0,418,92,510,31,4
2022-09-11,297,84,33,4,422,90,512,32,4
2022-09-12,628,124,35,1,470,99,569,33,3
2022-09-13,497,99,31,1,455,95,550,33,3
2022-09-14,481,120,40,1,448,97,545,33,3
2022-09-15,424,111,34,5,436,99,534,33,3
2022-09-16,449,101,23,5,434,102,536,32,2
2022-09-17,302,72,28,2,440,102,541,32,3
2022-09-18,359,93,31,2,449,103,551,32,2
2022-09-19,709,153,31,4,460,107,567,31,3
2022-09-20,679,111,34,1,486,109,595,32,3
2022-09-21,594,129,33,4,502,110,612,31,3
2022-09-22,471,99,29,3,509,108,617,30,3
2022-09-23,408,90,32,1,503,107,610,31,2
2022-09-24,287,78,22,1,501,108,609,30,2
2022-09-25,309,84,30,0,494,106,600,30,2
2022-09-26,555,139,35,4,472,104,576,31,2
2022-09-27,525,119,40,4,450,105,555,32,2
2022-09-28,581,137,44,2,448,107,555,33,2
2022-09-29,581,100,39,4,464,107,570,35,2
2022-09-30,441,100,33,4,468,108,577,35,3
2022-10-01,227,66,30,3,460,106,566,36,3
2022-10-02,254,65,34,3,452,104,556,36,3
2022-10-03,554,123,38,5,452,101,553,37,4
2022-10-04,465,89,40,1,443,97,540,37,3
2022-10-05,398,92,40,5,417,91,508,36,4
2022-10-06,552,99,33,1,413,91,504,35,3
2022-10-07,434,100,24,5,412,91,503,34,3
2022-10-08,240,84,16,2,414,93,507,32,3
2022-10-09,256,91,24,3,414,97,511,31,3
2022-10-10,433,99,25,4,397,93,490,29,3
2022-10-11,549,112,22,2,409,97,506,26,3
2022-10-12,569,122,37,4,433,101,534,26,3
2022-10-13,539,116,27,1,431,103,535,25,3
2022-10-14,494,103,22,2,440,104,544,25,3
2022-10-15,277,74,30,0,445,102,548,27,2
2022-10-16,288,88,18,1,450,102,552,26,2
2022-10-17,521,132,34,3,462,107,569,27,2
2022-10-18,524,140,32,1,459,111,570,29,2
2022-10-19,521,122,43,6,452,111,563,29,2
2022-10-20,476,106,35,2,443,109,552,31,2
2022-10-21,459,80,38,7,438,106,544,33,3
2022-10-22,323,59,41,4,445,104,548,34,3
2022-10-23,319,108,30,3,449,107,556,36,4
2022-10-24,679,155,41,5,472,110,582,37,4
2022-10-25,682,143,45,3,494,110,605,39,4
2022-10-26,670,120,50,6,515,110,626,40,4
2022-10-27,574,123,38,5,529,113,642,40,5
2022-10-28,527,112,39,3,539,117,656,41,4
2022-10-29,315,101,27,5,538,123,661,39,4
2022-10-30,352,99,46,6,543,122,665,41,5
2022-10-31,732,166,52,3,550,123,674,42,4
2022-11-01,685,152,44,3,551,125,675,42,4
2022-11-02,709,154,46,2,556,130,686,42,4
2022-11-03,664,183,36,3,569,138,707,41,4
2022-11-04,666,169,49,3,589,146,735,43,4
2022-11-05,397,131,40,3,601,151,751,45,3
2022-11-06,455,131,22,3,615,155,771,41,3
2022-11-07,865,228,46,5,634,164,798,40,3
2022-11-08,749,133,54,5,644,161,805,42,3
2022-11-09,677,141,38,7,639,159,798,41,4
2022-11-10,629,164,39,3,634,157,791,41,4
2022-11-11,450,92,39,8,603,146,749,40,5
2022-11-12,463,152,42,6,613,149,761,40,5
2022-11-13,411,133,30,3,606,149,755,41,5
2022-11-14,868,204,35,5,607,146,752,40,5
2022-11-15,727,188,44,2,604,153,757,38,5
2022-11-16,666,183,47,8,602,159,761,39,5
2022-11-17,560,196,55,5,592,164,756,42,5
2022-11-18,503,57,46,4,600,159,759,43,5
2022-11-19,331,92,30,8,581,150,731,41,5
2022-11-20,431,159,41,6,584,154,738,43,5
2022-11-21,890,194,43,7,587,153,740,44,6
2022-11-22,827,142,36,2,601,146,747,43,6
2022-11-23,788,238,49,5,619,154,773,43,5
2022-11-24,314,107,38,10,583,141,725,40,6
2022-11-25,651,67,57,5,605,143,747,42,6
2022-11-26,584,142,57,4,641,150,791,46,6
2022-11-27,640,90,64,6,671,140,811,49,6
2022-11-28,1499,301,67,10,758,155,913,53,6
2022-11-29,1136,217,69,4,802,166,968,57,6
2022-11-30,980,245,71,7,829,167,996,60,7
2022-12-01,902,216,52,2,913,183,1096,62,5
2022-12-02,857,77,55,5,943,184,1127,62,5
2022-12-03,492,134,60,9,929,183,1112,63,6
2022-12-04,584,219,33,2,921,201,1123,58,6
2022-12-05,1229,320,66,8,883,204,1087,58,5
2022-12-06,1003,236,60,8,864,207,1071,57,6
2022-12-07,1053,224,67,4,874,204,1078,56,5
2022-12-08,912,229,53,8,876,206,1081,56,6
2022-12-09,843,216,62,6,874,225,1099,57,6
2022-12-10,523,148,67,3,878,227,1106,58,6
2022-12-11,566,160,45,7,876,219,1095,60,6
2022-12-12,1206,268,73,6,872,212,1084,61,6
2022-12-13,1083,251,61,4,884,214,1097,61,5
2022-12-14,1006,235,59,9,877,215,1092,60,6
2022-12-15,928,226,55,7,879,215,1094,60,6
2022-12-16,775,201,64,8,870,213,1082,61,6
2022-12-17,589,167,44,5,879,215,1094,57,7
2022-12-18,591,192,49,8,883,220,1103,58,7
2022-12-19,1162,241,54,5,876,216,1092,55,7
2022-12-20,1027,243,57,12,868,215,1083,55,8
2022-12-21,984,237,59,10,865,215,1080,55,8
2022-12-22,850,184,73,3,854,209,1063,57,7
2022-12-23,700,184,52,8,843,207,1050,55,7
2022-12-24,319,95,48,9,805,197,1001,56,8
2022-12-25,266,69,41,7,758,179,937,55,8
2022-12-26,745,228,52,7,699,177,876,55,8
2022-12-27,1004,238,55,10,695,176,872,54,8
2022-12-28,911,220,71,10,685,174,859,56,8
2022-12-29,894,192,61,11,691,175,866,54,9
2022-12-30,780,198,51,10,703,177,880,54,9
2022-12-31,419,149,44,4,717,185,902,54,8
2023-01-01,364,125,55,12,731,193,924,56,9
2023-01-02,869,252,54,1,749,196,945,56,8
2023-01-03,1096,245,56,11,762,197,959,56,8
2023-01-04,944,227,69,8,767,198,965,56,8
2023-01-05,856,230,61,8,761,204,965,56,8
2023-01-06,696,172,51,15,749,200,949,56,8
2023-01-07,403,124,41,8,747,196,943,55,9
2023-01-08,400,122,40,4,752,196,948,53,8
2023-01-09,867,193,63,7,752,188,939,54,9
2023-01-10,758,162,55,5,703,176,879,54,8
2023-01-11,733,141,44,5,673,163,837,51,7
2023-01-12,656,159,42,6,645,153,798,48,7
2023-01-13,559,130,41,8,625,147,772,47,6
2023-01-14,302,100,28,6,611,144,755,45,6
2023-01-15,318,104,23,3,599,141,740,42,6
2023-01-16,562,119,42,6,555,131,686,39,6
2023-01-17,750,146,47,5,554,128,683,38,6
2023-01-18,555,117,42,5,529,125,654,38,6
2023-01-19,550,108,39,5,514,118,631,37,5
2023-01-20,490,126,29,7,504,117,621,36,5
2023-01-21,308,88,32,8,505,115,620,36,6
2023-01-22,269,105,33,10,498,116,613,38,7
2023-01-23,606,128,39,6,504,117,621,37,7
2023-01-24,530,117,32,9,473,113,585,35,7
2023-01-25,457,107,39,7,459,111,570,35,7
2023-01-26,481,93,29,6,449,109,558,33,8
2023-01-27,410,92,29,3,437,104,542,33,7
2023-01-28,242,77,36,6,428,103,531,34,7
2023-01-29,209,68,32,5,419,97,517,34,6
2023-01-30,623,111,45,5,422,95,517,35,6
2023-01-31,506,106,35,6,418,93,512,35,5
2023-02-01,420,63,29,7,413,87,500,34,5
2023-02-02,382,84,26,5,399,86,485,33,5
2023-02-03,307,63,35,7,384,82,466,34,6
2023-02-04,111,41,23,6,365,77,442,32,6
2023-02-05,181,68,26,4,361,77,438,31,6
2023-02-06,478,103,31,2,341,75,416,29,5
2023-02-07,367,54,19,5,321,68,389,27,5
2023-02-08,323,71,16,2,307,69,376,25,4
2023-02-09,326,83,20,2,299,69,368,24,4
2023-02-10,253,45,25,5,291,66,358,23,4
2023-02-11,149,45,22,4,297,67,364,23,3
2023-02-12,145,57,23,1,292,65,357,22,3
2023-02-13,359,74,29,2,275,61,336,22,3
2023-02-14,274,54,20,5,261,61,323,22,3
2023-02-15,261,57,23,5,252,59,312,23,3
2023-02-16,266,48,27,3,244,54,298,24,4
2023-02-17,198,47,16,12,236,55,291,23,5
2023-02-18,122,33,18,1,232,53,285,22,4
2023-02-19,109,43,18,1,227,51,278,22,4
2023-02-20,188,51,29,4,203,48,250,22,4
2023-02-21,252,58,17,7,199,48,248,21,5
2023-02-22,197,37,17,3,190,45,236,20,4
2023-02-23,238,35,10,1,186,43,230,18,4
2023-02-24,136,46,16,3,177,43,221,18,3
2023-02-25,100,29,13,1,174,43,217,17,3
2023-02-26,93,29,11,0,172,41,213,16,3
2023-02-27,248,45,17,2,181,40,220,14,2
2023-02-28,190,30,9,1,172,36,208,13,2
2023-03-01,157,49,13,2,166,38,204,13,1
2023-03-02,175,32,13,2,157,37,194,13,2
2023-03-03,118,23,17,2,154,34,188,13,1
2023-03-04,77,10,12,3,151,31,182,13,2
2023-03-05,73,15,5,3,148,29,177,12,2
2023-03-06,207,28,14,0,142,27,169,12,2
2023-03-07,165,31,7,1,139,27,166,12,2
2023-03-08,157,35,11,4,139,25,164,11,2
2023-03-09,148,26,5,2,135,24,159,10,2
2023-03-10,123,23,8,4,136,24,160,9,2
2023-03-11,70,8,9,2,135,24,158,8,2
2023-03-12,74,20,12,3,135,24,159,9,2
2023-03-13,168,31,14,1,129,25,154,9,2
2023-03-14,156,23,7,2,128,24,152,9,3
2023-03-15,308,32,9,1,150,23,173,9,2
2023-03-16,157,24,7,2,151,23,174,9,2
2023-03-17,104,25,11,2,148,23,171,10,2
2023-03-18,63,19,7,4,147,25,172,10,2
2023-03-19,49,21,6,2,144,25,169,9,2
2023-03-20,156,18,8,0,142,23,165,8,2
2023-03-21,159,20,7,3,142,23,165,8,2
2023-03-22,157,12,5,0,121,20,141,7,2
2023-03-23,166,22,13,2,122,20,142,8,2
2023-03-24,132,26,4,2,126,20,146,7,2
2023-03-25,48,12,11,2,124,19,143,8,2
2023-03-26,59,16,6,2,125,18,143,8,2
2023-03-27,154,30,5,1,125,20,145,7,2
2023-03-28,142,26,11,1,123,21,143,8,1
2023-03-29,108,18,11,3,116,21,137,9,2
2023-03-30,182,16,9,3,118,21,138,8,2
2023-03-31,124,14,8,0,117,19,136,9,2
2023-04-01,51,16,7,2,117,19,137,8,2
2023-04-02,67,17,5,1,118,20,138,8,2
2023-04-03,126,21,11,1,114,18,133,9,2
2023-04-04,109,19,13,0,110,17,127,9,1
2023-04-05,70,18,9,1,104,17,121,9,1
2023-04-06,60,20,9,0,87,18,105,9,1
2023-04-07,44,11,5,0,75,17,93,8,1
2023-04-08,47,13,6,1,75,17,92,8,1
2023-04-09,36,9,5,0,70,16,86,8,0
2023-04-10,72,18,7,0,63,15,78,8,0
2023-04-11,92,16,9,2,60,15,75,7,1
2023-04-12,54,15,7,0,58,15,72,7,0
2023-04-13,52,14,4,0,57,14,70,6,0
2023-04-14,69,13,8,0,60,14,74,7,0
2023-04-15,27,18,6,0,57,15,72,7,0
2023-04-16,37,13,6,0,58,15,73,7,0
2023-04-17,164,22,13,1,71,16,87,8,0
2023-04-18,101,14,2,1,72,16,88,7,0
2023-04-19,70,22,3,2,74,17,91,6,1
2023-04-20,75,17,8,0,78,17,95,7,1
2023-04-21,56,12,6,0,76,17,93,6,1
2023-04-22,24,14,2,0,75,16,92,6,1
2023-04-23,40,13,6,0,76,16,92,6,1
2023-04-24,144,14,7,0,73,15,88,5,0
2023-04-25,78,17,5,0,70,16,85,5,0
2023-04-26,59,21,9,1,68,15,83,6,0
2023-04-27,61,15,6,1,66,15,81,6,0
2023-04-28,124,17,7,1,76,16,92,6,0
2023-04-29,36,5,6,0,77,15,92,7,0
2023-04-30,34,19,2,0,77,15,92,6,0
2023-05-01,67,21,5,0,66,16,82,6,0
2023-05-02,67,21,6,0,64,17,81,6,0
2023-05-03,69,15,5,0,65,16,82,5,0
2023-05-04,73,16,3,0,67,16,83,5,0
2023-05-05,57,15,5,1,58,16,74,5,0
2023-05-06,27,14,5,0,56,17,74,4,0
2023-05-07,42,12,6,1,57,16,74,5,0
2023-05-08,64,18,5,0,57,16,73,5,0
2023-05-09,59,27,8,0,56,17,73,5,0
2023-05-10,76,7,4,0,57,16,72,5,0
2023-05-11,68,23,5,0,56,17,73,5,0
2023-05-12,46,22,9,0,55,18,72,6,0
2023-05-13,34,13,8,0,56,17,73,6,0
2023-05-14,45,14,8,0,56,18,74,7,0
2023-05-15,68,24,2,0,57,19,75,6,0
2023-05-16,59,16,5,0,57,17,74,6,0
2023-05-17,69,12,5,0,56,18,73,6,0
2023-05-18,50,25,4,0,53,18,71,6,0
2023-05-19,53,12,8,0,54,17,71,6,0
2023-05-20,33,11,4,0,54,16,70,5,0
2023-05-21,43,12,3,0,54,16,70,4,0
2023-05-22,69,25,11,0,54,16,70,6,0
2023-05-23,74,19,9,0,56,17,72,6,0
2023-05-24,78,26,5,1,57,19,76,6,0
2023-05-25,46,17,3,0,57,17,74,6,0
2023-05-26,43,19,8,0,55,18,74,6,0
2023-05-27,30,9,5,0,55,18,73,6,0
2023-05-28,44,13,4,0,55,18,73,6,0
2023-05-29,25,15,2,0,49,17,65,5,0
2023-05-30,87,26,5,0,50,18,68,5,0
2023-05-31,68,22,7,1,49,17,66,5,0
2023-06-01,68,26,6,0,52,19,71,5,0
2023-06-02,47,20,4,0,53,19,71,5,0
2023-06-03,34,17,4,0,53,20,73,5,0
2023-06-04,44,15,5,0,53,20,73,5,0
2023-06-05,65,26,12,0,59,22,81,6,0
2023-06-06,63,21,8,0,56,21,77,7,0
2023-06-07,56,18,11,0,54,20,74,7,0
2023-06-08,51,12,4,0,51,18,70,7,0
2023-06-09,48,25,8,0,52,19,71,7,0
2023-06-10,25,9,6,0,50,18,68,8,0
2023-06-11,40,11,7,0,50,17,67,8,0
2023-06-12,61,19,7,0,49,16,66,7,0
2023-06-13,69,22,10,0,50,17,67,8,0
2023-06-14,45,18,2,0,48,17,65,6,0
2023-06-15,56,22,3,0,49,18,67,6,0
2023-06-16,35,21,4,0,47,17,65,6,0
2023-06-17,26,12,7,0,47,18,65,6,0
2023-06-18,33,10,3,0,46,18,64,5,0
2023-06-19,46,18,8,0,44,18,62,5,0
2023-06-20,67,29,10,0,44,19,63,5,0
2023-06-21,36,22,2,0,43,19,62,5,0
2023-06-22,42,23,5,0,41,19,60,6,0
2023-06-23,51,23,7,0,43,20,63,6,0
2023-06-24,22,8,3,0,42,19,61,5,0
2023-06-25,26,10,3,0,41,19,60,5,0
2023-06-26,59,27,9,0,43,20,64,6,0
2023-06-27,60,11,8,0,42,18,60,5,0
2023-06-28,46,30,3,0,44,19,63,5,0
2023-06-29,42,25,6,1,44,19,63,6,0
2023-06-30,42,28,6,0,42,20,62,5,0
2023-07-01,30,28,5,1,44,23,66,6,0
2023-07-02,37,10,10,1,45,23,68,7,0
2023-07-03,54,24,10,0,44,22,67,7,0
2023-07-04,26,9,4,0,40,22,62,6,0
2023-07-05,57,28,9,1,41,22,63,7,1
2023-07-06,54,32,9,2,43,23,66,8,1
2023-07-07,45,18,2,0,43,21,65,7,1
2023-07-08,32,14,7,0,44,19,63,7,1
2023-07-09,42,14,3,0,44,20,64,6,0
2023-07-10,99,26,11,0,51,20,71,6,0
2023-07-11,73,32,2,1,57,23,81,6,1
2023-07-12,69,30,7,0,59,24,83,6,0
2023-07-13,80,31,9,0,63,24,86,6,0
2023-07-14,77,25,10,0,67,25,92,7,0
2023-07-15,31,25,2,0,67,26,93,6,0
2023-07-16,49,29,9,1,68,28,97,7,0
2023-07-17,105,39,10,0,69,30,99,7,0
2023-07-18,75,34,10,0,69,30,100,8,0
2023-07-19,90,34,11,0,72,31,103,9,0
2023-07-20,59,41,10,0,69,32,102,9,0
2023-07-21,85,31,11,1,71,33,104,9,0
2023-07-22,48,29,7,1,73,34,107,10,0
2023-07-23,78,38,9,1,77,35,112,10,0
2023-07-24,142,58,10,1,82,38,120,10,1
2023-07-25,96,52,7,0,85,40,126,9,1
2023-07-26,125,39,19,0,90,41,132,10,1
2023-07-27,117,55,15,0,99,43,142,11,1
2023-07-28,109,51,9,0,102,46,148,11,0
2023-07-29,85,54,4,0,107,50,157,10,0
2023-07-30,90,51,9,2,109,51,161,10,0
2023-07-31,148,81,14,0,110,55,165,11,0
2023-08-01,143,58,7,0,117,56,172,11,0
2023-08-02,134,72,14,0,118,60,178,10,0
2023-08-03,163,65,19,0,125,62,186,11,0
2023-08-04,152,55,8,0,131,62,193,11,0
2023-08-05,111,57,16,1,134,63,197,12,0
2023-08-06,99,65,15,0,136,65,200,13,0
2023-08-07,205,98,18,0,144,67,211,14,0
2023-08-08,214,78,22,1,154,70,224,16,0
2023-08-09,171,82,16,0,159,71,231,16,0
2023-08-10,193,64,17,0,164,71,235,16,0
2023-08-11,167,80,10,0,166,75,241,16,0
2023-08-12,124,66,13,0,168,76,244,16,0
2023-08-13,124,71,3,2,171,77,248,14,0
2023-08-14,228,92,21,1,174,76,251,15,1
2023-08-15,238,107,15,1,178,80,258,14,1
2023-08-16,216,89,7,0,184,81,266,12,1
2023-08-17,207,84,16,0,186,84,270,12,1
2023-08-18,204,71,22,0,192,83,274,14,1
2023-08-19,121,55,14,2,191,81,272,14,1
2023-08-20,143,66,16,1,194,81,274,16,1
2023-08-21,284,111,15,1,202,83,285,15,1
2023-08-22,224,124,15,1,200,86,286,15,1
2023-08-23,236,111,24,0,203,89,292,17,1
2023-08-24,225,84,17,1,205,89,294,18,1
2023-08-25,209,84,23,0,206,91,297,18,1
2023-08-26,153,67,15,0,211,92,303,18,1
2023-08-27,194,86,14,1,218,95,313,18,1
2023-08-28,242,118,14,3,212,96,308,17,1
2023-08-29,278,104,18,0,220,93,313,18,1
2023-08-30,265,100,20,0,224,92,316,17,1
2023-08-31,226,115,20,0,224,96,320,18,1
2023-09-01,204,96,18,0,223,98,321,17,1
2023-09-02,154,78,20,0,223,100,323,18,1
2023-09-03,186,66,15,0,222,97,319,18,0
2023-09-04,175,83,18,0,213,92,304,18,0
2023-09-05,324,144,26,2,219,97,317,20,0
2023-09-06,306,113,19,0,225,99,324,19,0
2023-09-07,273,111,25,0,232,99,330,20,0
2023-09-08,269,100,33,0,241,99,340,22,0
2023-09-09,169,88,24,2,243,101,344,23,1
2023-09-10,205,76,17,0,246,102,348,23,1
2023-09-11,341,134,29,4,270,109,379,25,1
2023-09-12,311,107,22,1,268,104,372,24,1
2023-09-13,311,124,16,1,268,106,374,24,1
2023-09-14,311,118,21,0,274,107,381,23,1
2023-09-15,249,111,15,1,271,108,379,21,1
2023-09-16,186,96,25,0,273,109,383,21,1
2023-09-17,194,83,17,0,272,110,382,21,1
2023-09-18,407,152,21,4,281,113,394,20,1
2023-09-19,362,132,21,2,289,117,405,19,1
2023-09-20,384,127,25,2,299,117,416,21,1
2023-09-21,342,111,24,0,303,116,419,21,1
2023-09-22,273,120,21,0,307,117,424,22,1
2023-09-23,190,88,25,2,307,116,424,22,1
2023-09-24,217,92,20,2,311,117,428,22,2
2023-09-25,324,133,25,0,299,115,414,23,1
2023-09-26,367,105,28,0,300,111,410,24,1
2023-09-27,339,126,24,1,293,111,404,24,1
2023-09-28,303,76,34,2,288,106,393,25,1
2023-09-29,162,51,22,2,272,96,368,25,1
2023-09-30,130,67,14,0,263,93,356,24,1
2023-10-01,144,74,17,1,253,90,343,23,1
2023-10-02,309,106,25,1,251,86,337,23,1
2023-10-03,236,99,23,0,232,86,317,23,1
2023-10-04,229,92,19,0,216,81,297,22,1
2023-10-05,199,93,13,2,201,83,284,19,1
2023-10-06,132,69,13,1,197,86,283,18,1
2023-10-07,112,41,9,0,194,82,276,17,1
2023-10-08,105,59,13,3,189,80,269,16,1
2023-10-09,184,63,17,1,171,74,245,15,1
2023-10-10,178,67,11,1,163,69,232,14,1
2023-10-11,150,58,16,2,151,64,216,13,1
2023-10-12,175,65,12,2,148,60,208,13,1
2023-10-13,118,39,18,0,146,56,202,14,1
2023-10-14,72,34,14,1,140,55,195,14,1
2023-10-15,113,33,14,0,141,51,193,15,1
2023-10-16,177,62,13,2,140,51,192,14,1
2023-10-17,143,48,15,0,135,48,184,15,1
2023-10-18,148,60,18,0,135,49,184,15,1
2023-10-19,154,58,21,0,132,48,180,16,0
2023-10-20,114,41,19,0,132,48,180,16,0
2023-10-21,92,40,18,0,134,49,183,17,0
2023-10-22,89,36,9,0,131,49,180,16,0
2023-10-23,179,43,10,1,131,47,178,16,0
2023-10-24,125,33,16,0,129,44,173,16,0
2023-10-25,144,58,16,1,128,44,172,16,0
2023-10-26,117,36,15,1,123,41,164,15,0
2023-10-27,84,45,14,1,119,42,160,14,1
2023-10-28,74,30,19,1,116,40,156,14,1
2023-10-29,77,32,13,0,114,40,154,15,1
2023-10-30,118,50,9,0,106,41,146,15,1
2023-10-31,98,32,12,1,102,40,142,14,1
2023-11-01,106,45,11,1,96,39,135,13,1
2023-11-02,114,40,7,1,96,39,135,12,1
2023-11-03,76,57,17,2,95,41,136,13,1
2023-11-04,60,29,7,0,93,41,133,11,1
2023-11-05,67,47,14,0,91,43,134,11,1
2023-11-06,113,57,7,2,91,44,134,11,1
2023-11-07,134,45,10,0,96,46,141,10,1
2023-11-08,113,53,13,1,97,47,144,11,1
2023-11-09,107,53,6,1,96,49,144,11,1
2023-11-10,101,43,4,0,99,47,146,9,1
2023-11-11,56,39,4,0,99,48,147,8,1
2023-11-12,76,37,9,0,100,47,147,8,1
2023-11-13,149,52,4,1,105,46,151,7,0
2023-11-14,118,56,11,1,103,48,150,7,1
2023-11-15,118,50,12,0,104,47,151,7,0
2023-11-16,142,47,15,0,109,46,155,8,0
2023-11-17,144,48,14,0,115,47,162,10,0
2023-11-18,79,41,13,0,118,47,165,11,0
2023-11-19,80,52,13,0,119,49,168,12,0
2023-11-20,190,76,16,1,124,53,177,13,0
2023-11-21,158,59,18,0,130,53,183,14,0
2023-11-22,137,66,9,0,133,56,188,14,0
2023-11-23,70,26,13,1,123,53,175,14,0
2023-11-24,140,57,25,1,122,54,176,15,0
2023-11-25,75,59,10,1,121,56,178,15,1
2023-11-26,102,53,14,1,125,57,181,15,1
2023-11-27,229,83,16,2,130,58,188,15,1
2023-11-28,173,83,19,0,132,61,193,15,1
2023-11-29,166,63,15,1,136,61,197,16,1
2023-11-30,193,70,22,2,154,67,221,17,1
2023-12-01,149,49,15,1,155,66,221,16,1
2023-12-02,112,56,11,2,161,65,226,16,1
2023-12-03,116,43,9,2,163,64,226,15,1
2023-12-04,226,88,13,2,162,65,227,15,1
2023-12-05,217,87,21,0,168,65,234,15,1
2023-12-06,206,99,27,0,174,70,244,17,1
2023-12-07,192,81,18,1,174,72,246,16,1
2023-12-08,213,88,26,0,183,77,261,18,1
2023-12-09,138,77,18,1,187,80,267,19,1
2023-12-10,146,72,17,1,191,85,276,20,1
2023-12-11,339,142,14,1,207,92,300,20,1
2023-12-12,333,128,25,2,224,98,322,21,1
2023-12-13,302,126,24,1,238,102,340,20,1
2023-12-14,294,129,23,0,252,109,361,21,1
2023-12-15,289,133,35,2,263,115,378,22,1
2023-12-16,215,95,25,0,274,118,392,23,1
2023-12-17,294,119,38,2,295,125,420,26,1
2023-12-18,470,207,28,3,314,134,448,28,1
2023-12-19,404,32,36,0,324,120,444,30,1
2023-12-20,411,181,41,0,340,128,468,32,1
2023-12-21,397,192,36,1,354,137,491,34,1
2023-12-22,333,133,26,2,361,137,498,33,1
2023-12-23,262,154,31,1,367,145,513,34,1
2023-12-24,259,100,30,1,362,143,505,33,1
2023-12-25,259,99,50,1,332,127,459,36,1
2023-12-26,559,274,47,3,354,162,516,37,1
2023-12-27,590,229,39,3,380,169,549,37,2
2023-12-28,517,250,53,0,397,177,574,39,2
2023-12-29,472,230,45,1,417,191,608,42,1
2023-12-30,367,173,44,1,432,194,625,44,1
2023-12-31,320,142,38,1,441,200,640,45,1
2024-01-01,313,101,44,4,448,200,648,44,2
2024-01-02,719,238,61,4,471,195,666,46,2
2024-01-03,649,237,52,3,480,196,675,48,2
2024-01-04,585,194,40,4,489,188,677,46,3
2024-01-05,511,174,41,3,495,180,675,46,3
2024-01-06,269,141,46,2,481,175,656,46,3
2024-01-07,301,120,45,5,478,172,650,47,4
2024-01-08,640,228,63,0,525,190,715,50,3
2024-01-09,505,207,55,4,494,186,680,49,3
2024-01-10,483,167,45,5,471,176,646,48,3
2024-01-11,490,135,50,1,457,167,624,49,3
2024-01-12,428,148,53,1,445,164,609,51,3
2024-01-13,254,95,42,3,443,157,600,50,3
2024-01-14,250,114,36,2,436,156,592,49,2
2024-01-15,372,157,45,4,397,146,544,47,3
2024-01-16,412,114,30,2,384,133,517,43,3
2024-01-17,357,144,43,6,366,130,496,43,3
2024-01-18,318,115,35,4,342,127,468,41,3
2024-01-19,292,121,37,3,322,123,445,38,3
2024-01-20,186,81,26,6,312,121,433,36,4
2024-01-21,203,80,31,2,306,116,422,35,4
2024-01-22,391,142,49,0,308,114,422,36,3
2024-01-23,337,98,36,1,298,112,409,37,3
2024-01-24,305,115,31,1,290,107,398,35,2
2024-01-25,298,119,30,2,287,108,395,34,2
2024-01-26,246,98,29,2,281,105,386,33,2
2024-01-27,169,83,22,1,278,105,383,33,1
2024-01-28,163,66,27,2,273,103,376,32,1
2024-01-29,303,102,35,4,260,97,357,30,2
2024-01-30,274,101,31,3,251,98,349,29,2
2024-01-31,233,87,23,1,241,94,335,28,2
2024-02-01,239,91,20,4,232,90,322,27,2
2024-02-02,176,67,27,3,222,85,308,26,3
2024-02-03,128,57,22,1,217,82,298,26,3
2024-02-04,147,62,20,8,214,81,295,25,3
2024-02-05,273,82,34,2,210,78,288,25,3
2024-02-06,201,67,23,0,200,73,273,24,3
2024-02-07,208,85,28,0,196,73,269,25,3
2024-02-08,207,78,25,1,191,71,263,26,2
2024-02-09,175,83,27,4,191,73,265,26,2
2024-02-10,103,45,18,0,188,72,259,25,2
2024-02-11,124,58,21,0,184,71,256,25,1
2024-02-12,191,72,30,3,173,70,242,25,1
2024-02-13,123,37,27,2,162,65,227,25,1
2024-02-14,154,46,18,1,154,60,214,24,2
2024-02-15,159,53,21,0,147,56,203,23,1
2024-02-16,105,45,17,4,137,51,188,22,1
2024-02-17,64,26,8,0,131,48,180,20,1
2024-02-18,90,26,14,1,127,44,170,19,2
2024-02-19,136,33,23,0,119,38,157,18,1
2024-02-20,135,40,20,0,120,38,159,17,1
2024-02-21,122,38,22,0,116,37,153,18,1
2024-02-22,119,35,11,1,110,35,145,16,1
2024-02-23,84,26,20,1,107,32,139,17,0
2024-02-24,62,29,13,2,107,32,139,18,1
2024-02-25,65,23,8,2,103,32,135,17,1
2024-02-26,139,30,21,0,104,32,135,16,1
2024-02-27,101,28,18,0,99,30,129,16,1
2024-02-28,109,26,6,1,97,28,125,14,1
2024-02-29,80,30,14,1,91,27,119,14,1
2024-03-01,91,27,25,0,92,28,120,15,1
2024-03-02,32,15,8,3,88,26,114,14,1
2024-03-03,44,18,10,1,85,25,110,15,1
2024-03-04,100,27,12,0,80,24,104,13,1
2024-03-05,91,28,14,2,78,24,103,13,1
2024-03-06,66,25,12,0,72,24,96,14,1
2024-03-07,56,21,5,0,69,23,92,12,1
2024-03-08,66,15,9,0,65,21,86,10,1
2024-03-09,41,16,11,0,66,21,88,10,0
2024-03-10,41,8,9,0,66,20,86,10,0
2024-03-11,58,34,10,2,60,21,81,10,1
2024-03-12,48,28,7,0,54,21,75,9,0
2024-03-13,44,31,8,1,51,22,72,8,0
2024-03-14,53,18,13,0,50,21,72,10,0
2024-03-15,50,23,5,0,48,23,70,9,0
2024-03-16,35,14,9,0,47,22,69,9,0
2024-03-17,37,14,5,1,46,23,70,8,1
2024-03-18,80,19,6,1,50,21,71,8,0
2024-03-19,53,23,3,1,50,20,71,7,1
2024-03-20,59,27,13,0,52,20,72,8,0
2024-03-21,59,26,7,0,53,21,74,7,0
2024-03-22,57,22,6,0,54,21,75,7,0
2024-03-23,37,8,5,2,55,20,74,6,1
2024-03-24,30,9,4,0,54,19,73,6,1
2024-03-25,65,25,11,0,51,20,71,7,0
2024-03-26,53,20,10,0,51,20,71,8,0
2024-03-27,43,11,7,2,49,17,66,7,1
2024-03-28,56,12,4,0,49,15,64,7,1
2024-03-29,37,8,7,0,46,13,59,7,1
2024-03-30,35,8,4,1,46,13,59,7,0
2024-03-31,31,15,3,0,46,14,60,7,0
2024-04-01,47,14,8,0,43,13,56,6,0
2024-04-02,46,6,13,1,42,11,53,7,1
2024-04-03,46,18,7,1,43,12,54,7,0
2024-04-04,46,18,7,0,41,12,54,7,0
2024-04-05,50,14,7,0,43,13,56,7,0
2024-04-06,27,12,9,0,42,14,56,8,0
2024-04-07,33,9,5,0,42,13,55,8,0
2024-04-08,43,14,6,1,42,13,55,8,0
2024-04-09,43,30,7,0,41,16,58,7,0
2024-04-10,42,15,9,0,41,16,57,7,0
2024-04-11,59,18,12,0,42,16,58,8,0
2024-04-12,44,6,6,0,42,15,56,8,0
2024-04-13,34,9,4,0,43,14,57,7,0
2024-04-14,22,7,5,0,41,14,55,7,0
2024-04-15,65,26,9,0,44,16,60,7,0
2024-04-16,39,15,3,0,44,14,57,7,0
2024-04-17,52,20,5,0,45,14,59,6,0
2024-04-18,32,16,5,0,41,14,55,5,0
2024-04-19,50,14,11,1,42,15,57,6,0
2024-04-20,26,14,4,0,41,16,57,6,0
2024-04-21,24,13,5,0,41,17,58,6,0
2024-04-22,36,16,6,0,37,15,52,6,0
2024-04-23,26,17,4,0,35,16,51,6,0
2024-04-24,45,11,3,0,34,14,49,5,0
2024-04-25,30,13,8,0,34,14,48,6,0
2024-04-26,33,16,3,0,31,14,46,5,0
2024-04-27,37,6,9,0,33,13,46,5,0
2024-04-28,29,17,1,0,34,14,47,5,0
2024-04-29,30,0,0,0,33,11,44,4,0
