date_of_interest,bx_case_count,bx_probable_case_count,bx_hospitalized_count,bx_death_count,bx_case_count_7day_avg,bx_probable_case_count_7day_avg,bx_all_case_count_7day_avg,bx_hospitalized_count_7day_avg,bx_death_count_7day_avg
2020-03-06,2,0,1,0,0,0,0,1,0
2020-03-08,3,0,5,0,1,0,1,1,0
2020-03-09,4,0,7,0,1,0,1,2,0
2020-03-10,8,0,7,0,2,0,2,3,0
2020-03-11,19,0,23,0,5,0,5,6,0
2020-03-12,29,0,19,0,9,0,9,9,0
2020-03-13,79,0,26,0,20,0,20,13,0
2020-03-14,86,0,22,0,33,0,33,16,0
2020-03-15,119,0,37,1,49,0,49,20,0
2020-03-16,305,0,72,3,92,0,92,29,1
2020-03-17,343,0,60,1,140,0,140,37,1
2020-03-18,482,1,110,2,206,0,206,49,1
2020-03-19,623,3,135,7,291,1,292,66,2
2020-03-20,723,0,126,13,383,1,384,80,4
2020-03-21,491,2,158,14,441,1,442,100,6
2020-03-22,495,0,173,12,495,1,495,119,7
2020-03-23,730,2,219,14,555,1,556,140,9
2020-03-24,927,0,270,14,639,1,640,170,11
2020-03-25,1068,4,313,35,722,2,724,199,16
2020-03-26,998,8,316,45,776,2,778,225,21
2020-03-27,1090,11,314,47,828,4,832,252,26
2020-03-28,761,12,312,74,867,5,872,274,34
2020-03-29,699,10,320,65,896,7,903,295,42
2020-03-30,1315,20,350,94,980,9,989,314,53
2020-03-31,1282,18,390,117,1030,12,1042,331,68
2020-04-01,1240,19,374,112,1055,14,1069,339,79
2020-04-02,1289,45,354,142,1097,19,1116,345,93
2020-04-03,1452,36,381,151,1148,23,1171,354,108
2020-04-04,1012,44,312,150,1184,27,1212,354,119
2020-04-05,822,34,306,158,1202,31,1233,352,132
2020-04-06,1514,42,388,154,1230,34,1264,358,141
2020-04-07,1463,46,331,161,1256,38,1294,349,147
2020-04-08,1304,38,356,152,1265,41,1306,347,153
2020-04-09,1285,39,271,147,1265,40,1304,335,153
2020-04-10,1227,43,293,159,1232,41,1273,322,154
2020-04-11,998,41,245,173,1230,40,1271,313,158
2020-04-12,763,37,227,147,1222,41,1263,302,156
2020-04-13,693,33,262,156,1105,40,1144,284,156
2020-04-14,1076,39,202,150,1049,39,1088,265,155
2020-04-15,1068,33,201,128,1016,38,1054,243,151
2020-04-16,940,35,172,121,966,37,1004,229,148
2020-04-17,916,23,169,111,922,34,956,211,141
2020-04-18,552,24,133,86,858,32,890,195,128
2020-04-19,532,22,142,102,825,30,855,183,122
2020-04-20,981,23,141,101,866,28,895,166,114
2020-04-21,641,20,141,90,804,26,830,157,106
2020-04-22,927,19,119,86,784,24,808,145,100
2020-04-23,735,16,109,74,755,21,776,136,93
2020-04-24,579,15,99,77,707,20,727,126,88
2020-04-25,418,6,79,63,688,17,705,119,85
2020-04-26,196,11,74,65,640,16,655,109,79
2020-04-27,551,11,90,65,578,14,592,102,74
2020-04-28,668,11,88,67,582,13,595,94,71
2020-04-29,557,7,77,47,529,11,540,88,65
2020-04-30,482,6,58,51,493,10,503,81,62
2020-05-01,450,7,70,52,475,8,483,77,59
2020-05-02,263,7,50,56,452,9,461,72,58
2020-05-03,153,6,44,33,446,8,454,68,53
2020-05-04,349,7,57,41,417,7,425,63,50
2020-05-05,294,2,64,28,364,6,370,60,44
2020-05-06,279,9,56,38,324,6,331,57,43
2020-05-07,298,4,43,32,298,6,304,55,40
2020-05-08,250,7,41,29,269,6,275,51,37
2020-05-09,175,0,31,21,257,5,262,48,32
2020-05-10,75,4,24,16,246,5,250,45,29
2020-05-11,226,4,46,31,228,4,232,44,28
2020-05-12,355,3,26,23,237,4,241,38,27
2020-05-13,461,2,27,18,263,3,266,34,24
2020-05-14,256,1,26,12,257,3,260,32,21
2020-05-15,181,1,25,16,247,2,249,29,20
2020-05-16,108,1,17,27,237,2,240,27,20
2020-05-17,56,2,23,21,235,2,237,27,21
2020-05-18,187,0,21,11,229,1,231,24,18
2020-05-19,182,2,26,14,204,1,206,24,17
2020-05-20,278,0,17,15,178,1,179,22,17
2020-05-21,199,3,20,14,170,1,171,21,17
2020-05-22,264,2,25,15,182,1,183,21,17
2020-05-23,90,0,18,17,179,1,181,21,15
2020-05-24,101,0,19,13,186,1,187,21,14
2020-05-25,103,2,25,10,174,1,175,21,14
2020-05-26,283,3,22,12,188,1,190,21,14
2020-05-27,184,0,18,9,175,1,176,21,13
2020-05-28,119,0,14,12,163,1,164,20,13
2020-05-29,164,4,20,9,149,1,150,19,12
2020-05-30,82,1,14,14,148,1,149,19,11
2020-05-31,30,3,13,7,138,2,140,18,10
2020-06-01,158,5,17,6,146,2,148,17,10
2020-06-02,123,0,12,8,123,2,125,15,9
2020-06-03,116,0,16,11,113,2,115,15,10
2020-06-04,127,5,15,5,114,3,117,15,9
2020-06-05,108,5,9,9,106,3,109,14,9
2020-06-06,50,0,10,12,102,3,104,13,8
2020-06-07,43,2,13,8,104,2,106,13,8
2020-06-08,96,4,9,10,95,2,97,12,9
2020-06-09,84,3,14,7,89,3,92,12,9
2020-06-10,75,9,14,12,83,4,87,12,9
2020-06-11,66,4,11,6,75,4,78,11,9
2020-06-12,80,7,13,6,71,4,75,12,9
2020-06-13,47,3,4,6,70,5,75,11,8
2020-06-14,27,3,12,7,68,5,73,11,8
2020-06-15,81,3,14,6,66,5,70,12,7
2020-06-16,80,4,12,2,65,5,70,11,6
2020-06-17,68,3,11,2,64,4,68,11,5
2020-06-18,60,5,9,1,63,4,67,11,4
2020-06-19,82,3,11,3,64,3,67,10,4
2020-06-20,53,4,5,4,64,4,68,11,4
2020-06-21,25,2,6,5,64,3,68,10,3
2020-06-22,92,3,12,2,66,3,69,9,3
2020-06-23,73,2,7,5,65,3,68,9,3
2020-06-24,90,3,7,2,68,3,71,8,3
2020-06-25,65,3,13,4,69,3,71,9,4
2020-06-26,66,5,8,3,66,3,69,8,4
2020-06-27,26,4,10,3,62,3,66,9,3
2020-06-28,35,2,6,3,64,3,67,9,3
2020-06-29,75,1,7,3,61,3,64,8,3
2020-06-30,77,2,8,2,62,3,65,8,3
2020-07-01,59,6,8,1,58,3,61,9,3
2020-07-02,76,2,10,1,59,3,62,8,2
2020-07-03,41,4,4,5,56,3,59,8,3
2020-07-04,21,1,4,1,55,3,57,7,2
2020-07-05,20,2,6,4,53,3,55,7,2
2020-07-06,68,5,8,4,52,3,55,7,3
2020-07-07,112,4,20,1,57,3,60,9,2
2020-07-08,83,4,8,5,60,3,63,9,3
2020-07-09,90,5,17,1,62,4,66,10,3
2020-07-10,65,7,9,3,66,4,70,10,3
2020-07-11,40,6,6,1,68,5,73,11,3
2020-07-12,44,5,7,1,72,5,77,11,2
2020-07-13,108,5,11,5,77,5,83,11,2
2020-07-14,70,4,11,2,71,5,77,10,3
2020-07-15,107,8,9,2,75,6,81,10,2
2020-07-16,94,4,13,1,75,6,81,9,2
2020-07-17,75,4,7,1,77,5,82,9,2
2020-07-18,54,3,6,1,79,5,84,9,2
2020-07-19,39,8,7,2,78,5,83,9,2
2020-07-20,95,3,12,2,76,5,81,9,2
2020-07-21,71,3,5,2,76,5,81,8,2
2020-07-22,79,2,8,2,72,4,76,8,2
2020-07-23,69,5,4,0,69,4,73,7,1
2020-07-24,73,3,12,1,69,4,72,8,1
2020-07-25,25,3,8,5,64,4,68,8,2
2020-07-26,30,2,6,1,63,3,66,8,2
2020-07-27,58,2,11,1,58,3,61,8,2
2020-07-28,58,2,7,5,56,3,59,8,2
2020-07-29,80,3,5,1,56,3,59,8,2
2020-07-30,58,1,6,1,55,2,57,8,2
2020-07-31,55,4,8,1,52,2,54,7,2
2020-08-01,37,4,5,2,54,3,56,7,2
2020-08-02,30,4,5,0,54,3,57,7,2
2020-08-03,96,3,13,1,59,3,62,7,2
2020-08-04,47,5,11,1,58,3,61,8,1
2020-08-05,66,3,9,0,56,3,59,8,1
2020-08-06,65,3,8,1,57,4,60,8,1
2020-08-07,53,9,7,0,56,4,61,8,1
2020-08-08,30,5,7,0,55,5,60,9,0
2020-08-09,19,4,8,1,54,5,58,9,1
2020-08-10,89,8,10,1,53,5,58,9,1
2020-08-11,70,7,10,0,56,6,62,8,0
2020-08-12,59,5,7,1,55,6,61,8,1
2020-08-13,61,7,9,1,54,6,61,8,1
2020-08-14,68,5,6,1,57,6,62,8,1
2020-08-15,42,1,6,3,58,5,64,8,1
2020-08-16,23,6,10,2,59,6,64,8,1
2020-08-17,71,7,9,0,56,5,62,8,1
2020-08-18,55,5,14,2,54,5,59,9,1
2020-08-19,50,12,5,0,53,6,59,8,1
2020-08-20,64,6,14,2,53,6,59,9,1
2020-08-21,52,7,9,0,51,6,57,10,1
2020-08-22,29,6,6,0,49,7,56,10,1
2020-08-23,32,7,3,2,50,7,58,9,1
2020-08-24,64,4,14,5,49,7,56,9,2
2020-08-25,64,4,10,1,51,7,57,9,1
2020-08-26,64,8,5,1,53,6,59,9,2
2020-08-27,53,5,8,1,51,6,57,8,1
2020-08-28,77,5,4,3,55,6,60,7,2
2020-08-29,28,8,7,1,55,6,60,7,2
2020-08-30,20,6,2,2,53,6,59,7,2
2020-08-31,46,6,9,1,50,6,56,6,1
2020-09-01,52,9,5,1,49,7,55,6,1
2020-09-02,42,6,4,0,45,6,52,6,1
2020-09-03,40,5,2,0,44,6,50,5,1
2020-09-04,44,2,10,2,39,6,45,6,1
2020-09-05,30,3,5,0,39,5,44,5,1
2020-09-06,18,4,4,2,39,5,44,6,1
2020-09-07,32,4,2,0,37,5,42,5,1
2020-09-08,81,5,8,1,41,4,45,5,1
2020-09-09,56,6,6,1,43,4,47,5,1
2020-09-10,45,4,2,1,44,4,48,5,1
2020-09-11,55,8,9,3,45,5,50,5,1
2020-09-12,35,6,2,1,46,5,51,5,1
2020-09-13,19,2,2,0,46,5,51,4,1
2020-09-14,75,6,4,1,52,5,58,5,1
2020-09-15,62,9,10,2,50,6,55,5,1
2020-09-16,60,8,7,1,50,6,56,5,1
2020-09-17,61,6,10,1,52,6,59,6,1
2020-09-18,45,5,10,1,51,6,57,6,1
2020-09-19,30,3,3,1,50,6,56,7,1
2020-09-20,32,3,8,0,52,6,58,7,1
2020-09-21,73,11,8,1,52,6,58,8,1
2020-09-22,67,11,7,0,53,7,59,8,1
2020-09-23,89,11,5,1,57,7,64,7,1
2020-09-24,71,5,7,0,58,7,65,7,1
2020-09-25,49,8,8,2,59,7,66,7,1
2020-09-26,42,10,5,3,60,8,69,7,1
2020-09-27,32,5,5,0,60,9,69,6,1
2020-09-28,82,10,7,1,62,9,70,6,1
2020-09-29,65,10,7,2,61,8,70,6,1
2020-09-30,52,8,1,2,56,8,64,6,1
2020-10-01,82,2,7,0,58,8,65,6,1
2020-10-02,80,8,5,0,62,8,70,5,1
2020-10-03,34,4,1,1,61,7,68,5,1
2020-10-04,34,10,4,0,61,7,69,5,1
2020-10-05,94,14,10,0,63,8,71,5,1
2020-10-06,67,11,5,0,63,8,71,5,0
2020-10-07,75,12,9,1,67,9,75,6,0
2020-10-08,83,8,8,0,67,10,76,6,0
2020-10-09,92,6,6,1,68,9,78,6,0
2020-10-10,36,7,3,1,69,10,78,6,0
2020-10-11,38,8,12,2,69,9,79,8,1
2020-10-12,53,15,3,1,63,10,73,7,1
2020-10-13,91,29,9,0,67,12,79,7,1
2020-10-14,89,20,4,2,69,13,82,6,1
2020-10-15,91,29,13,1,70,16,86,7,1
2020-10-16,78,20,9,1,68,18,86,8,1
2020-10-17,64,14,7,1,72,19,91,8,1
2020-10-18,45,11,5,2,73,20,93,7,1
2020-10-19,107,25,10,0,81,21,102,8,1
2020-10-20,91,22,9,0,81,20,101,8,1
2020-10-21,96,26,9,0,82,21,103,9,1
2020-10-22,122,13,9,0,86,19,105,8,1
2020-10-23,115,26,9,1,91,20,111,8,1
2020-10-24,73,24,8,0,93,21,114,8,0
2020-10-25,67,25,8,2,96,23,119,9,0
2020-10-26,132,34,9,0,99,24,124,9,0
2020-10-27,119,34,8,3,103,26,129,9,1
2020-10-28,124,28,8,0,107,26,134,8,1
2020-10-29,100,36,11,0,104,30,134,9,1
2020-10-30,115,40,11,1,104,32,136,9,1
2020-10-31,65,34,7,0,103,33,136,9,1
2020-11-01,57,55,8,0,102,37,139,9,1
2020-11-02,159,65,14,0,106,42,147,10,1
2020-11-03,153,39,11,3,110,42,153,10,1
2020-11-04,187,64,13,0,119,48,167,11,1
2020-11-05,198,54,14,4,133,50,184,11,1
2020-11-06,192,65,9,4,144,54,198,11,2
2020-11-07,134,52,16,1,154,56,211,12,2
2020-11-08,106,67,11,2,161,58,219,13,2
2020-11-09,240,71,18,0,173,59,232,13,2
2020-11-10,274,69,19,2,190,63,253,14,2
2020-11-11,239,78,23,1,198,65,263,16,2
2020-11-12,248,89,19,4,205,70,275,16,2
2020-11-13,272,82,20,1,216,73,289,18,2
2020-11-14,193,85,25,2,225,77,302,19,2
2020-11-15,135,70,14,2,229,78,306,20,2
2020-11-16,314,76,24,0,239,78,318,21,2
2020-11-17,337,85,21,1,248,81,329,21,2
2020-11-18,307,93,24,0,258,83,341,21,1
2020-11-19,362,92,22,1,274,83,358,21,1
2020-11-20,328,112,24,2,282,88,370,22,1
2020-11-21,254,92,18,1,291,89,380,21,1
2020-11-22,183,79,15,5,298,90,388,21,1
2020-11-23,437,107,33,1,315,94,410,22,2
2020-11-24,376,107,19,3,321,97,418,22,2
2020-11-25,425,99,25,2,338,98,436,22,2
2020-11-26,137,55,26,1,306,93,399,23,2
2020-11-27,387,145,24,1,314,98,412,23,2
2020-11-28,334,127,21,5,326,103,428,23,3
2020-11-29,244,118,31,3,334,108,443,26,2
2020-11-30,460,141,41,5,338,113,451,27,3
2020-12-01,589,172,44,2,368,122,490,30,3
2020-12-02,540,137,26,4,384,128,512,30,3
2020-12-03,523,160,47,0,440,143,582,33,3
2020-12-04,562,143,36,5,465,143,607,35,3
2020-12-05,325,112,30,4,463,140,604,36,3
2020-12-06,249,111,36,2,464,139,603,37,3
2020-12-07,554,191,45,2,477,147,624,38,3
2020-12-08,496,171,39,4,464,146,611,37,3
2020-12-09,528,178,57,5,462,152,615,41,3
2020-12-10,571,155,44,8,469,152,621,41,4
2020-12-11,501,135,58,4,461,150,611,44,4
2020-12-12,392,109,38,5,470,150,620,45,4
2020-12-13,311,145,40,5,479,155,634,46,5
2020-12-14,614,181,52,4,488,153,641,47,5
2020-12-15,634,187,41,2,507,156,663,47,5
2020-12-16,445,129,46,8,495,149,644,46,5
2020-12-17,266,135,48,7,452,146,598,46,5
2020-12-18,619,156,67,7,469,149,618,47,5
2020-12-19,405,123,46,5,471,151,621,49,5
2020-12-20,292,121,41,5,468,147,615,49,5
2020-12-21,717,173,63,5,483,146,629,50,6
2020-12-22,732,202,54,8,497,148,645,52,6
2020-12-23,635,174,48,8,524,155,679,52,6
2020-12-24,503,100,49,6,558,150,707,53,6
2020-12-25,154,84,43,5,491,140,631,49,6
2020-12-26,537,147,43,8,510,143,653,49,6
2020-12-27,480,169,34,4,537,150,687,48,6
2020-12-28,1020,212,66,9,580,155,736,48,7
2020-12-29,993,197,63,9,617,155,772,49,7
2020-12-30,967,182,69,4,665,156,821,52,6
2020-12-31,664,134,55,4,688,161,849,53,6
2021-01-01,206,162,59,11,695,172,867,56,7
2021-01-02,723,187,54,13,722,178,899,57,8
2021-01-03,512,179,53,9,726,179,905,60,8
2021-01-04,1257,304,65,10,760,192,952,60,9
2021-01-05,1166,269,72,13,785,202,987,61,9
2021-01-06,1109,235,71,16,805,210,1015,61,11
2021-01-07,982,236,65,4,851,225,1075,63,11
2021-01-08,985,203,62,9,962,230,1192,63,11
2021-01-09,677,179,61,15,955,229,1185,64,11
2021-01-10,462,219,52,10,948,235,1183,64,11
2021-01-11,1144,268,88,8,932,230,1162,67,11
2021-01-12,999,235,89,9,908,225,1133,70,10
2021-01-13,1045,264,94,5,899,229,1128,73,9
2021-01-14,996,233,78,7,901,229,1130,75,9
2021-01-15,932,225,72,12,894,232,1125,76,9
2021-01-16,607,212,69,14,884,237,1120,77,9
2021-01-17,502,196,70,7,889,233,1123,80,9
2021-01-18,769,271,97,17,836,234,1069,81,10
2021-01-19,1085,267,73,11,848,238,1086,79,10
2021-01-20,1038,247,83,8,847,236,1083,77,11
2021-01-21,962,272,87,13,842,241,1084,79,12
2021-01-22,1062,273,98,12,861,248,1109,82,12
2021-01-23,682,216,75,12,871,249,1120,83,11
2021-01-24,507,207,76,9,872,250,1123,84,12
2021-01-25,1173,275,100,10,930,251,1181,85,11
2021-01-26,1003,282,82,11,918,253,1171,86,11
2021-01-27,991,267,87,12,911,256,1167,86,11
2021-01-28,953,224,106,21,910,249,1159,89,12
2021-01-29,732,237,84,18,863,244,1107,87,13
2021-01-30,557,183,58,16,845,239,1084,85,14
2021-01-31,547,200,63,8,851,238,1089,83,14
2021-02-01,169,110,83,12,707,215,922,80,14
2021-02-02,434,113,89,14,626,191,817,81,14
2021-02-03,1093,251,95,15,641,188,829,83,15
2021-02-04,1071,255,86,21,658,193,850,80,15
2021-02-05,953,248,101,14,689,194,883,82,14
2021-02-06,719,179,81,12,712,194,906,85,14
2021-02-07,324,154,84,20,680,187,868,88,15
2021-02-08,972,281,96,19,795,212,1007,90,16
2021-02-09,873,221,95,9,858,227,1085,91,16
2021-02-10,868,190,83,21,826,218,1044,89,17
2021-02-11,723,186,64,22,776,208,984,86,17
2021-02-12,726,197,78,13,744,201,945,83,17
2021-02-13,420,162,70,14,701,199,900,81,17
2021-02-14,371,158,58,13,708,199,907,78,16
2021-02-15,527,141,71,16,644,179,823,74,15
2021-02-16,787,199,79,17,632,176,808,72,17
2021-02-17,771,226,64,26,618,181,799,69,17
2021-02-18,384,164,52,8,569,178,748,67,15
2021-02-19,608,201,72,9,553,179,731,67,15
2021-02-20,510,204,71,24,565,185,750,67,16
2021-02-21,359,113,57,19,564,178,742,67,17
2021-02-22,751,185,80,12,596,185,780,68,16
2021-02-23,731,237,69,19,588,190,778,66,17
2021-02-24,713,187,71,14,579,184,764,67,15
2021-02-25,715,208,70,18,627,191,817,70,16
2021-02-26,676,217,55,13,636,193,829,68,17
2021-02-27,376,136,48,8,617,183,801,64,15
2021-02-28,329,151,55,12,613,189,802,64,14
2021-03-01,731,226,74,5,610,195,805,63,13
2021-03-02,562,196,55,11,586,189,775,61,12
2021-03-03,637,226,68,20,575,194,769,61,12
2021-03-04,574,184,70,11,555,191,746,61,11
2021-03-05,554,181,66,7,538,186,723,62,11
2021-03-06,330,135,43,13,531,186,717,62,11
2021-03-07,291,139,53,10,526,184,709,61,11
2021-03-08,624,203,60,14,510,181,691,59,12
2021-03-09,581,183,62,18,513,179,692,60,13
2021-03-10,562,196,57,17,502,174,677,59,13
2021-03-11,544,179,51,13,498,174,672,56,13
2021-03-12,572,156,61,15,501,170,671,55,14
2021-03-13,331,165,39,12,501,174,675,55,14
2021-03-14,249,148,42,9,495,176,670,53,14
2021-03-15,564,178,62,6,486,172,658,53,13
2021-03-16,570,186,44,15,485,173,657,51,12
2021-03-17,517,221,45,8,478,176,654,49,11
2021-03-18,499,159,55,13,472,173,645,50,11
2021-03-19,546,187,58,10,468,178,646,49,10
2021-03-20,334,134,53,4,468,173,642,51,9
2021-03-21,294,127,34,7,475,170,645,50,9
2021-03-22,654,233,54,15,488,178,666,49,10
2021-03-23,566,178,60,8,487,177,664,51,9
2021-03-24,570,218,61,5,495,177,671,54,9
2021-03-25,638,210,52,13,515,184,698,53,9
2021-03-26,568,177,60,12,518,182,700,53,9
2021-03-27,363,137,54,15,522,183,705,54,11
2021-03-28,254,122,36,10,516,182,698,54,11
2021-03-29,626,228,55,17,512,181,694,54,11
2021-03-30,593,179,61,7,516,182,698,54,11
2021-03-31,508,211,49,7,507,181,688,52,12
2021-04-01,502,149,49,14,488,172,660,52,12
2021-04-02,361,157,31,8,458,169,627,48,11
2021-04-03,313,92,46,8,451,163,614,47,10
2021-04-04,191,102,41,10,442,160,602,47,10
2021-04-05,505,166,46,14,425,151,576,46,10
2021-04-06,499,182,56,9,411,151,563,45,10
2021-04-07,467,168,44,5,405,145,551,45,10
2021-04-08,417,149,38,14,393,145,538,43,10
2021-04-09,355,119,45,8,392,140,532,45,10
2021-04-10,231,131,34,6,381,145,526,43,9
2021-04-11,178,120,27,6,379,148,527,41,9
2021-04-12,404,125,39,7,364,142,506,40,8
2021-04-13,385,129,30,5,348,134,483,37,7
2021-04-14,350,115,36,7,331,127,458,36,8
2021-04-15,353,101,45,7,322,120,442,37,7
2021-04-16,258,138,31,2,308,123,431,35,6
2021-04-17,209,77,25,4,305,115,420,33,5
2021-04-18,164,84,30,3,303,110,413,34,5
2021-04-19,288,118,30,5,287,109,396,32,5
2021-04-20,286,116,26,4,273,107,380,32,5
2021-04-21,209,106,15,2,252,106,358,29,4
2021-04-22,226,85,40,5,234,103,338,28,4
2021-04-23,217,64,23,12,228,93,321,27,5
2021-04-24,125,58,21,3,216,90,307,26,5
2021-04-25,95,52,22,5,207,86,292,25,5
2021-04-26,226,82,30,5,198,80,278,25,5
2021-04-27,204,74,17,5,186,74,260,24,5
2021-04-28,190,76,17,5,183,70,253,24,6
2021-04-29,154,65,20,7,173,67,240,21,6
2021-04-30,171,63,16,5,166,67,234,20,5
2021-05-01,86,50,13,4,161,66,227,19,5
2021-05-02,73,49,14,1,158,66,223,18,5
2021-05-03,151,60,17,4,147,62,209,16,4
2021-05-04,155,39,12,4,140,57,197,16,4
2021-05-05,141,54,15,8,133,54,187,15,5
2021-05-06,133,58,10,3,130,53,183,14,4
2021-05-07,137,36,13,4,125,49,175,13,4
2021-05-08,61,28,11,1,122,46,168,13,4
2021-05-09,53,23,9,7,119,43,161,12,4
2021-05-10,130,45,18,6,116,40,156,13,5
2021-05-11,90,32,15,2,106,39,146,13,4
2021-05-12,109,28,9,1,102,36,138,12,3
2021-05-13,93,30,12,4,96,32,128,12,4
2021-05-14,77,43,16,5,88,33,120,13,4
2021-05-15,46,19,7,4,85,31,117,12,4
2021-05-16,48,22,3,1,85,31,116,11,3
2021-05-17,79,33,11,4,77,30,107,10,3
2021-05-18,71,23,10,2,75,28,103,10,3
2021-05-19,74,24,14,4,70,28,97,10,3
2021-05-20,67,23,12,2,66,27,93,10,3
2021-05-21,54,19,10,2,63,23,86,10,3
2021-05-22,35,26,6,0,61,24,85,9,2
2021-05-23,29,11,4,2,58,23,81,10,2
2021-05-24,57,20,7,0,55,21,76,9,2
2021-05-25,48,26,3,3,52,21,73,8,2
2021-05-26,44,12,4,0,48,20,67,7,1
2021-05-27,56,14,11,1,46,18,64,6,1
2021-05-28,36,10,7,1,44,17,61,6,1
2021-05-29,22,10,6,1,42,15,56,6,1
2021-05-30,25,10,4,2,41,15,56,6,1
2021-05-31,15,10,8,3,35,13,48,6,2
2021-06-01,72,21,5,1,39,12,51,6,1
2021-06-02,52,26,6,1,40,14,54,7,1
2021-06-03,45,10,0,0,38,14,52,5,1
2021-06-04,57,18,6,1,41,15,56,5,1
2021-06-05,41,13,3,0,44,15,59,5,1
2021-06-06,24,13,8,1,44,16,60,5,1
2021-06-07,57,24,8,2,50,18,68,5,1
2021-06-08,38,21,11,0,45,18,63,6,1
2021-06-09,56,11,8,1,45,16,61,6,1
2021-06-10,33,13,6,1,44,16,60,7,1
2021-06-11,40,10,5,2,41,15,56,7,1
2021-06-12,25,10,6,2,39,15,54,7,1
2021-06-13,18,12,4,2,38,14,53,7,1
2021-06-14,35,13,6,1,35,13,48,7,1
2021-06-15,30,2,8,0,34,10,44,6,1
2021-06-16,29,12,6,1,30,10,40,6,1
2021-06-17,36,6,9,3,30,9,40,6,2
2021-06-18,19,6,2,1,27,9,36,6,1
2021-06-19,18,13,4,0,26,9,36,6,1
2021-06-20,15,7,4,0,26,8,34,6,1
2021-06-21,27,9,7,1,25,8,33,6,1
2021-06-22,22,5,3,1,24,8,32,5,1
2021-06-23,27,8,3,1,23,8,31,5,1
2021-06-24,18,10,1,1,21,8,29,3,1
2021-06-25,12,13,4,1,20,9,29,4,1
2021-06-26,11,10,4,0,19,9,28,4,1
2021-06-27,17,4,3,0,19,8,28,4,1
2021-06-28,29,15,3,0,19,9,29,3,1
2021-06-29,32,5,1,1,21,9,30,3,1
2021-06-30,30,14,3,0,21,10,31,3,0
2021-07-01,27,5,3,0,23,9,32,3,0
2021-07-02,33,12,6,1,26,9,35,3,0
2021-07-03,18,9,3,1,27,9,36,3,0
2021-07-04,14,5,1,0,26,9,35,3,0
2021-07-05,20,8,3,1,25,8,33,3,1
2021-07-06,48,21,3,2,27,11,38,3,1
2021-07-07,49,18,2,2,30,11,41,3,1
2021-07-08,50,23,4,1,33,14,47,3,1
2021-07-09,56,18,5,0,36,15,51,3,1
2021-07-10,37,18,2,0,39,16,55,3,1
2021-07-11,33,14,8,1,42,17,59,4,1
2021-07-12,69,27,7,1,49,20,69,4,1
2021-07-13,43,32,6,2,48,21,70,5,1
2021-07-14,59,33,11,0,50,24,73,6,1
2021-07-15,71,39,2,0,53,26,78,6,1
2021-07-16,73,38,7,0,55,29,84,6,1
2021-07-17,59,24,11,3,58,30,88,7,1
2021-07-18,36,26,6,1,59,31,90,7,1
2021-07-19,110,54,9,0,64,35,100,7,1
2021-07-20,94,29,7,1,72,35,106,8,1
2021-07-21,128,29,9,0,82,34,116,7,1
2021-07-22,136,44,15,0,91,35,126,9,1
2021-07-23,126,42,9,0,98,35,134,9,1
2021-07-24,58,47,5,0,98,39,137,9,0
2021-07-25,68,44,8,0,103,41,144,9,0
2021-07-26,155,82,8,0,109,45,155,9,0
2021-07-27,141,64,16,1,116,50,166,10,0
2021-07-28,188,94,13,2,125,60,184,11,0
2021-07-29,173,62,10,0,130,62,192,10,0
2021-07-30,160,59,18,1,135,65,199,11,1
2021-07-31,126,65,8,0,144,67,212,12,1
2021-08-01,92,63,10,0,148,70,218,12,1
2021-08-02,237,92,8,0,160,71,231,12,1
2021-08-03,232,77,18,1,173,73,246,12,1
2021-08-04,214,71,12,1,176,70,246,12,0
2021-08-05,208,90,20,1,181,74,255,13,1
2021-08-06,210,79,18,0,188,77,265,13,0
2021-08-07,179,60,17,2,196,76,272,15,1
2021-08-08,156,51,19,1,205,74,279,16,1
2021-08-09,290,84,29,0,213,73,286,19,1
2021-08-10,265,84,37,0,217,74,292,22,1
2021-08-11,262,45,28,2,224,70,295,24,1
2021-08-12,232,66,21,2,228,67,295,24,1
2021-08-13,266,93,30,2,236,69,305,26,1
2021-08-14,146,59,18,1,231,69,300,26,1
2021-08-15,141,55,15,1,229,69,298,25,1
2021-08-16,329,120,27,1,234,75,309,25,1
2021-08-17,296,79,31,6,239,74,313,24,2
2021-08-18,273,86,24,1,240,80,320,24,2
2021-08-19,264,90,19,2,245,83,328,23,2
2021-08-20,284,87,35,0,248,82,330,24,2
2021-08-21,180,78,26,1,252,85,337,25,2
2021-08-22,104,46,23,3,247,84,331,26,2
2021-08-23,288,97,34,1,241,80,322,27,2
2021-08-24,300,83,18,2,242,81,323,26,1
2021-08-25,286,71,25,3,244,79,323,26,2
2021-08-26,252,71,25,3,242,76,318,27,2
2021-08-27,242,87,27,0,236,76,312,25,2
2021-08-28,173,67,13,1,235,75,310,24,2
2021-08-29,138,50,26,2,240,75,315,24,2
2021-08-30,304,90,31,1,242,74,316,24,2
2021-08-31,260,85,29,1,236,74,311,25,2
2021-09-01,222,81,28,3,227,76,303,26,2
2021-09-02,211,80,31,2,221,77,299,26,1
2021-09-03,216,69,17,3,218,75,292,25,2
2021-09-04,126,47,22,4,211,72,283,26,2
2021-09-05,138,47,16,3,211,71,282,25,2
2021-09-06,163,55,18,5,191,66,257,23,3
2021-09-07,285,86,18,4,194,66,261,21,3
2021-09-08,234,60,22,1,196,63,260,21,3
2021-09-09,241,58,38,3,200,60,261,22,3
2021-09-10,232,91,26,2,203,63,266,23,3
2021-09-11,139,60,13,1,205,65,270,22,3
2021-09-12,127,68,14,3,203,68,271,21,3
2021-09-13,223,71,15,4,212,71,282,21,3
2021-09-14,201,73,12,1,200,69,268,20,2
2021-09-15,234,73,13,0,200,71,270,19,2
2021-09-16,193,74,21,2,193,73,266,16,2
2021-09-17,174,83,12,2,184,72,256,14,2
2021-09-18,107,60,17,2,180,72,252,15,2
2021-09-19,140,83,8,2,182,74,256,14,2
2021-09-20,243,113,25,2,185,80,264,15,2
2021-09-21,201,93,18,1,185,83,267,16,2
2021-09-22,205,98,19,2,180,86,267,17,2
2021-09-23,139,91,16,2,173,89,261,16,2
2021-09-24,156,99,9,5,170,91,261,16,2
2021-09-25,100,72,15,3,169,93,262,16,2
2021-09-26,97,65,10,3,163,90,253,16,3
2021-09-27,185,98,16,5,155,88,243,15,3
2021-09-28,158,100,11,2,149,89,238,14,3
2021-09-29,149,87,16,1,141,87,228,13,3
2021-09-30,150,86,13,0,142,87,229,13,3
2021-10-01,134,77,17,1,139,84,223,14,2
2021-10-02,75,46,18,2,135,80,215,14,2
2021-10-03,67,44,11,3,131,77,208,15,2
2021-10-04,158,86,16,5,127,75,202,15,2
2021-10-05,167,60,10,1,129,69,198,14,2
2021-10-06,137,56,12,5,127,65,192,14,2
2021-10-07,121,55,15,3,123,61,183,14,3
2021-10-08,126,53,8,0,122,57,179,13,3
2021-10-09,67,42,14,0,120,57,177,12,2
2021-10-10,62,39,11,1,120,56,176,12,2
2021-10-11,108,65,9,1,113,53,165,11,2
2021-10-12,128,42,7,0,107,50,157,11,1
2021-10-13,122,51,14,1,105,50,154,11,1
2021-10-14,109,59,11,0,103,50,153,11,0
2021-10-15,110,37,11,2,101,48,149,11,1
2021-10-16,56,21,10,0,99,45,144,10,1
2021-10-17,49,39,2,2,97,45,142,9,1
2021-10-18,108,51,10,2,97,43,140,9,1
2021-10-19,93,41,11,1,92,43,135,10,1
2021-10-20,96,29,8,1,89,40,128,9,1
2021-10-21,85,44,6,2,85,37,123,8,1
2021-10-22,86,51,12,2,82,39,121,8,1
2021-10-23,55,25,7,1,82,40,122,8,2
2021-10-24,37,32,8,3,80,39,119,9,2
2021-10-25,94,56,5,2,78,40,118,8,2
2021-10-26,63,23,6,2,74,37,111,7,2
2021-10-27,100,43,8,0,74,39,113,7,2
2021-10-28,82,36,8,1,74,38,112,8,2
2021-10-29,87,29,6,1,74,35,109,7,1
2021-10-30,41,21,6,0,72,34,106,7,1
2021-10-31,47,23,5,0,73,33,106,6,1
2021-11-01,74,50,7,0,71,32,103,7,1
2021-11-02,79,37,11,1,73,34,107,7,0
2021-11-03,75,35,12,1,69,33,102,8,1
2021-11-04,108,46,6,0,73,34,107,8,0
2021-11-05,90,35,9,1,73,35,109,8,0
2021-11-06,57,34,11,1,76,37,113,9,1
2021-11-07,46,33,4,0,76,39,114,9,1
2021-11-08,140,52,13,2,85,39,124,9,1
2021-11-09,100,37,5,3,88,39,127,9,1
2021-11-10,122,67,12,0,95,43,138,9,1
2021-11-11,90,66,9,1,92,46,138,9,1
2021-11-12,109,47,8,3,95,48,143,9,1
2021-11-13,65,32,5,2,96,48,144,8,2
2021-11-14,47,44,3,2,96,49,145,8,2
2021-11-15,136,68,8,2,96,52,147,7,2
2021-11-16,151,57,7,2,103,54,157,7,2
2021-11-17,163,67,12,1,109,54,163,7,2
2021-11-18,172,69,13,1,120,55,175,8,2
2021-11-19,114,66,4,1,121,58,179,7,2
2021-11-20,71,57,8,2,122,61,183,8,2
2021-11-21,74,45,4,1,126,61,187,8,1
2021-11-22,152,75,12,0,128,62,190,9,1
2021-11-23,144,47,10,1,127,61,188,9,1
2021-11-24,160,64,16,2,127,60,187,10,1
2021-11-25,35,42,11,0,107,57,164,9,1
2021-11-26,142,68,15,1,111,57,168,11,1
2021-11-27,100,52,6,1,115,56,171,11,1
2021-11-28,89,62,9,2,117,59,176,11,1
2021-11-29,286,107,13,1,137,63,200,11,1
2021-11-30,278,98,20,0,156,70,226,13,1
2021-12-01,279,87,15,4,173,74,246,13,1
2021-12-02,307,95,15,3,212,81,293,13,2
2021-12-03,241,93,23,1,226,85,311,14,2
2021-12-04,172,85,17,2,236,90,326,16,2
2021-12-05,122,83,17,0,241,93,333,17,2
2021-12-06,365,135,23,2,252,97,349,19,2
2021-12-07,333,95,29,5,260,96,356,20,2
2021-12-08,339,116,26,2,268,100,369,21,2
2021-12-09,354,121,32,4,275,104,379,24,2
2021-12-10,345,136,44,2,290,110,400,27,2
2021-12-11,267,49,28,1,304,105,409,28,2
2021-12-12,258,102,27,5,323,108,431,30,3
2021-12-13,744,220,37,1,377,120,497,32,3
2021-12-14,925,253,39,1,462,142,604,33,2
2021-12-15,1093,262,50,6,569,163,733,37,3
2021-12-16,1329,332,95,2,709,193,902,46,3
2021-12-17,1509,354,78,2,875,225,1100,51,3
2021-12-18,1059,304,51,2,988,261,1249,54,3
2021-12-19,1072,327,88,4,1104,293,1398,63,3
2021-12-20,3654,634,77,2,1520,352,1872,68,3
2021-12-21,4587,836,101,2,2043,436,2479,77,3
2021-12-22,5507,998,176,4,2674,541,3215,95,3
2021-12-23,5376,913,177,3,3252,624,3876,107,3
2021-12-24,2947,551,144,10,3457,652,4109,116,4
2021-12-25,1420,285,142,7,3509,649,4158,129,5
2021-12-26,3722,697,178,4,3888,702,4590,142,5
2021-12-27,9815,1508,271,8,4768,827,5595,170,5
2021-12-28,9864,1143,202,7,5522,871,6392,184,6
2021-12-29,10128,1575,261,15,6182,953,7135,196,8
2021-12-30,9354,1441,301,5,6750,1029,7779,214,8
2021-12-31,5138,762,168,10,7063,1059,8122,218,8
2022-01-01,1990,448,205,15,7144,1082,8226,227,9
2022-01-02,4920,679,354,11,7316,1079,8395,252,10
2022-01-03,10565,1397,348,15,7423,1064,8486,263,11
2022-01-04,10284,1355,320,15,7483,1094,8577,280,12
2022-01-05,7968,1053,288,12,7174,1019,8193,283,12
2022-01-06,6985,695,271,13,6836,913,7748,279,13
2022-01-07,4233,602,205,17,6706,890,7596,284,14
2022-01-08,2702,459,202,15,6808,891,7700,284,14
2022-01-09,1860,376,164,25,6371,848,7219,257,16
2022-01-10,4508,743,256,20,5506,755,6260,244,17
2022-01-11,3356,620,184,24,4516,650,5166,224,18
2022-01-12,3012,367,163,24,3808,552,4360,206,20
2022-01-13,2506,366,158,21,3168,505,3673,190,21
2022-01-14,2205,351,174,33,2878,469,3347,186,23
2022-01-15,887,173,114,15,2619,428,3047,173,23
2022-01-16,789,187,100,23,2466,401,2867,164,23
2022-01-17,1187,275,102,25,1992,334,2326,142,24
2022-01-18,1616,240,122,27,1743,280,2023,133,24
2022-01-19,1251,196,98,20,1492,255,1747,124,23
2022-01-20,952,126,101,18,1270,221,1491,116,23
2022-01-21,765,126,100,23,1064,189,1253,105,22
2022-01-22,465,81,81,11,1004,176,1179,101,21
2022-01-23,350,81,59,20,941,161,1102,95,21
2022-01-24,817,138,108,19,888,141,1029,96,20
2022-01-25,582,73,84,20,740,117,858,90,19
2022-01-26,517,62,60,27,635,98,734,85,20
2022-01-27,443,66,54,13,563,90,652,78,19
2022-01-28,307,51,47,17,497,79,576,70,18
2022-01-29,69,5,23,13,441,68,509,62,18
2022-01-30,138,33,23,17,410,61,472,57,18
2022-01-31,638,54,57,16,385,49,434,50,18
2022-02-01,282,50,31,14,342,46,388,42,17
2022-02-02,264,43,38,12,306,43,349,39,15
2022-02-03,253,29,30,12,279,38,317,36,14
2022-02-04,176,18,24,11,260,33,293,32,14
2022-02-05,117,17,30,13,267,35,302,33,14
2022-02-06,70,15,17,9,257,32,289,32,12
2022-02-07,190,27,20,5,193,28,222,27,11
2022-02-08,196,13,36,8,181,23,204,28,10
2022-02-09,158,21,24,8,166,20,186,26,9
2022-02-10,128,24,20,6,148,19,167,24,9
2022-02-11,133,13,21,10,142,19,160,24,8
2022-02-12,67,9,15,7,135,17,152,22,8
2022-02-13,55,10,15,12,132,17,149,22,8
2022-02-14,96,13,18,3,119,15,134,21,8
2022-02-15,91,9,14,2,104,14,118,18,7
2022-02-16,89,7,11,7,94,12,106,16,7
2022-02-17,82,9,9,5,88,10,98,15,7
2022-02-18,70,10,15,5,79,10,88,14,6
2022-02-19,40,9,11,6,75,10,84,13,6
2022-02-20,45,4,11,3,73,9,82,13,4
2022-02-21,47,8,11,3,66,8,74,12,4
2022-02-22,67,7,11,2,63,8,71,11,4
2022-02-23,68,12,13,3,60,8,68,12,4
2022-02-24,77,10,11,4,59,9,68,12,4
2022-02-25,32,3,4,4,54,8,61,10,4
2022-02-26,32,6,5,0,53,7,60,9,3
2022-02-27,27,15,5,1,50,9,59,9,2
2022-02-28,57,13,9,3,51,9,61,8,2
2022-03-01,56,8,11,4,50,10,59,8,3
2022-03-02,47,17,11,2,47,10,57,8,3
2022-03-03,51,12,9,1,43,11,54,8,2
2022-03-04,45,7,8,4,45,11,56,8,2
2022-03-05,29,5,7,6,45,11,56,9,3
2022-03-06,23,7,5,2,44,10,54,9,3
2022-03-07,38,7,3,1,41,9,50,8,3
2022-03-08,52,8,5,1,41,9,50,7,2
2022-03-09,42,9,8,2,40,8,48,6,2
2022-03-10,49,17,7,2,40,9,48,6,3
2022-03-11,59,8,5,1,42,9,50,6,2
2022-03-12,21,6,4,2,41,9,49,5,2
2022-03-13,35,16,2,0,42,10,52,5,1
2022-03-14,69,15,3,3,47,11,58,5,2
2022-03-15,61,13,8,4,48,12,60,5,2
2022-03-16,69,22,4,1,52,14,66,5,2
2022-03-17,66,14,4,0,54,13,68,4,2
2022-03-18,63,10,4,1,55,14,69,4,2
2022-03-19,26,8,4,0,56,14,70,4,1
2022-03-20,28,9,3,0,55,13,68,4,1
2022-03-21,105,32,6,0,60,15,75,5,1
2022-03-22,92,22,5,0,64,17,81,4,0
2022-03-23,85,17,6,1,66,16,82,5,0
2022-03-24,104,18,2,1,72,17,88,4,0
2022-03-25,94,31,5,3,76,20,96,4,1
2022-03-26,49,11,4,2,80,20,100,4,1
2022-03-27,48,12,4,1,82,20,103,5,1
2022-03-28,124,26,6,0,85,20,105,5,1
2022-03-29,110,19,2,2,88,19,107,4,1
2022-03-30,119,24,9,0,93,20,113,5,1
2022-03-31,97,32,5,1,92,22,114,5,1
2022-04-01,112,21,5,1,94,21,115,5,1
2022-04-02,70,14,5,0,97,21,118,5,1
2022-04-03,54,19,6,2,98,22,120,5,1
2022-04-04,187,44,3,1,107,25,132,5,1
2022-04-05,149,32,8,0,113,27,139,6,1
2022-04-06,149,38,6,1,117,29,145,5,1
2022-04-07,144,38,8,0,124,29,153,6,1
2022-04-08,136,26,10,0,127,30,157,7,1
2022-04-09,69,35,6,1,127,33,160,7,1
2022-04-10,69,27,9,3,129,34,163,7,1
2022-04-11,223,51,9,0,134,35,169,8,1
2022-04-12,206,46,9,1,142,37,180,8,1
2022-04-13,201,36,8,1,150,37,187,8,1
2022-04-14,191,33,7,0,156,36,193,8,1
2022-04-15,137,39,13,0,157,38,195,9,1
2022-04-16,116,42,9,0,163,39,202,9,1
2022-04-17,80,40,12,1,165,41,206,10,0
2022-04-18,187,58,10,0,160,42,202,10,0
2022-04-19,180,46,6,0,156,42,198,9,0
2022-04-20,194,40,5,0,155,43,198,9,0
2022-04-21,176,46,11,1,153,44,197,9,0
2022-04-22,171,71,8,0,158,49,207,9,0
2022-04-23,116,60,14,0,158,52,209,9,0
2022-04-24,112,46,8,0,162,52,215,9,0
2022-04-25,293,123,5,0,177,62,239,8,0
2022-04-26,260,64,16,1,189,64,253,10,0
2022-04-27,298,80,17,0,204,70,274,11,0
2022-04-28,246,82,10,1,214,75,289,11,0
2022-04-29,230,76,19,1,222,76,298,13,0
2022-04-30,137,62,14,1,225,76,301,13,1
2022-05-01,132,52,9,1,228,77,305,13,1
2022-05-02,296,112,15,0,228,75,304,14,1
2022-05-03,330,97,19,1,238,80,319,15,1
2022-05-04,327,114,11,0,243,85,328,14,1
2022-05-05,377,110,23,1,261,89,350,16,1
2022-05-06,279,86,10,3,268,90,359,14,1
2022-05-07,161,68,15,0,272,91,363,15,1
2022-05-08,150,70,8,2,274,94,368,14,1
2022-05-09,473,156,15,0,300,100,400,14,1
2022-05-10,376,131,20,0,306,105,411,15,1
2022-05-11,433,127,28,0,321,107,428,17,1
2022-05-12,440,128,21,1,330,109,440,17,1
2022-05-13,413,149,23,1,349,118,468,19,1
2022-05-14,238,109,15,2,360,124,485,19,1
2022-05-15,209,124,20,1,369,132,501,20,1
2022-05-16,559,204,15,2,381,139,520,20,1
2022-05-17,477,182,28,1,396,146,542,21,1
2022-05-18,551,188,16,0,412,155,567,20,1
2022-05-19,491,106,11,1,420,152,571,18,1
2022-05-20,432,124,36,2,422,148,571,20,1
2022-05-21,287,92,36,3,429,146,575,23,1
2022-05-22,214,118,17,0,430,145,575,23,1
2022-05-23,558,209,19,1,430,146,576,23,1
2022-05-24,521,137,10,2,436,139,575,21,1
2022-05-25,453,140,25,2,422,132,555,22,2
2022-05-26,431,130,23,1,414,136,549,24,2
2022-05-27,370,41,20,0,405,124,529,21,1
2022-05-28,193,35,10,1,391,116,507,18,1
2022-05-29,182,72,14,1,387,109,496,17,1
2022-05-30,210,80,17,0,337,91,428,17,1
2022-05-31,513,183,21,2,336,97,433,19,1
2022-06-01,502,137,18,2,343,97,440,18,1
2022-06-02,382,104,20,1,336,93,429,17,1
2022-06-03,351,113,16,0,333,103,437,17,1
2022-06-04,193,73,8,4,333,109,442,16,1
2022-06-05,172,100,19,1,332,113,445,17,1
2022-06-06,426,116,21,2,363,118,481,18,2
2022-06-07,380,105,24,2,344,107,451,18,2
2022-06-08,337,115,21,2,320,104,424,18,2
2022-06-09,315,104,15,0,311,104,414,18,2
2022-06-10,319,95,19,3,306,101,407,18,2
2022-06-11,197,64,14,3,307,100,406,19,2
2022-06-12,154,73,15,1,304,96,400,18,2
2022-06-13,455,124,21,1,308,97,405,18,2
2022-06-14,336,120,21,1,302,99,401,18,2
2022-06-15,381,115,31,0,308,99,407,19,1
2022-06-16,325,92,24,1,310,98,407,21,1
2022-06-17,335,108,34,1,312,99,411,23,1
2022-06-18,244,97,23,2,319,104,423,24,1
2022-06-19,161,91,12,0,320,107,426,24,1
2022-06-20,322,135,19,1,301,108,409,23,1
2022-06-21,485,148,20,2,322,112,434,23,1
2022-06-22,480,110,27,2,336,112,448,23,1
2022-06-23,382,127,16,2,344,117,461,22,1
2022-06-24,390,115,32,0,352,118,470,21,1
2022-06-25,267,90,22,3,355,117,472,21,1
2022-06-26,227,90,16,0,365,116,481,22,1
2022-06-27,505,183,33,0,391,123,514,24,1
2022-06-28,509,139,24,2,394,122,516,24,1
2022-06-29,496,170,32,1,397,131,527,25,1
2022-06-30,506,149,52,2,414,134,548,30,1
2022-07-01,467,162,33,2,425,140,566,30,1
2022-07-02,317,135,19,0,432,147,579,30,1
2022-07-03,296,120,29,1,442,151,593,32,1
2022-07-04,272,125,16,1,409,143,552,29,1
2022-07-05,790,203,51,3,449,152,601,33,1
2022-07-06,645,191,44,1,470,155,625,35,1
2022-07-07,617,190,41,2,486,161,647,33,1
2022-07-08,531,212,32,1,495,168,663,33,1
2022-07-09,393,166,25,1,506,172,679,34,1
2022-07-10,269,145,19,3,502,176,678,33,2
2022-07-11,744,256,46,1,570,195,765,37,2
2022-07-12,698,209,42,2,557,196,752,36,2
2022-07-13,627,235,38,2,554,202,756,35,2
2022-07-14,609,193,39,2,553,202,755,34,2
2022-07-15,568,191,44,4,558,199,758,36,2
2022-07-16,360,152,38,2,554,197,751,38,2
2022-07-17,307,135,27,2,559,196,755,39,2
2022-07-18,627,231,39,3,542,192,735,38,2
2022-07-19,650,242,34,2,535,197,732,37,2
2022-07-20,643,205,43,3,538,193,730,38,3
2022-07-21,536,169,47,3,527,189,717,39,3
2022-07-22,490,196,23,1,516,190,706,36,2
2022-07-23,325,176,39,2,511,193,705,36,2
2022-07-24,297,141,32,0,510,194,704,37,2
2022-07-25,714,240,39,0,522,196,718,37,2
2022-07-26,669,226,40,3,525,193,718,38,2
2022-07-27,577,192,31,0,515,191,707,36,1
2022-07-28,573,154,39,3,521,189,710,35,1
2022-07-29,500,163,34,1,522,185,707,36,1
2022-07-30,311,138,29,2,520,179,699,35,1
2022-07-31,300,119,26,4,521,176,697,34,2
2022-08-01,644,239,22,1,511,176,686,32,2
2022-08-02,570,224,44,3,496,176,672,32,2
2022-08-03,570,81,44,1,495,160,655,34,2
2022-08-04,469,180,30,2,481,163,644,33,2
2022-08-05,435,146,41,2,471,161,632,34,2
2022-08-06,302,128,32,1,470,160,630,34,2
2022-08-07,250,91,27,2,463,156,618,34,2
2022-08-08,600,172,46,2,457,146,603,38,2
2022-08-09,531,141,41,1,451,134,585,37,2
2022-08-10,406,162,38,3,428,146,573,36,2
2022-08-11,433,145,34,1,422,141,563,37,2
2022-08-12,363,131,28,1,412,139,551,35,2
2022-08-13,187,93,18,4,396,134,529,33,2
2022-08-14,198,91,30,1,388,134,522,34,2
2022-08-15,431,155,32,2,364,131,495,32,2
2022-08-16,370,124,31,4,341,129,470,30,2
2022-08-17,350,135,30,4,333,125,458,29,2
2022-08-18,331,112,27,3,319,120,439,28,3
2022-08-19,312,124,36,0,311,119,430,29,3
2022-08-20,200,88,30,4,313,118,432,31,3
2022-08-21,182,74,14,2,311,116,427,29,3
2022-08-22,384,134,46,6,304,113,417,31,3
2022-08-23,352,106,32,3,302,110,412,31,3
2022-08-24,308,103,38,4,296,106,401,32,3
2022-08-25,348,95,23,3,298,103,401,31,3
2022-08-26,263,97,37,5,291,100,391,31,4
2022-08-27,190,61,27,5,290,96,385,31,4
2022-08-28,164,83,19,1,287,97,384,32,4
2022-08-29,362,135,33,0,284,97,381,30,3
2022-08-30,289,126,20,4,275,100,375,28,3
2022-08-31,293,95,20,4,273,99,372,26,3
2022-09-01,264,89,26,0,261,98,359,26,3
2022-09-02,240,83,28,2,257,96,353,25,2
2022-09-03,146,60,15,3,251,96,347,23,2
2022-09-04,124,54,16,2,245,92,337,23,2
2022-09-05,156,61,15,2,216,81,297,20,2
2022-09-06,304,96,32,0,218,77,295,22,2
2022-09-07,271,96,15,2,215,77,292,21,2
2022-09-08,229,88,22,2,210,77,287,20,2
2022-09-09,226,94,22,1,208,78,286,20,2
2022-09-10,153,55,16,3,209,78,287,20,2
2022-09-11,121,50,17,3,209,77,286,20,2
2022-09-12,314,108,18,2,231,84,315,20,2
2022-09-13,261,113,23,2,225,86,311,19,2
2022-09-14,315,121,25,1,231,90,321,20,2
2022-09-15,279,93,23,3,238,91,329,21,2
2022-09-16,296,117,19,3,248,94,342,20,2
2022-09-17,184,78,17,4,253,97,350,20,3
2022-09-18,165,75,17,3,259,101,360,20,3
2022-09-19,407,140,18,2,272,105,378,20,3
2022-09-20,385,144,27,1,290,110,400,21,2
2022-09-21,348,117,21,2,295,109,404,20,3
2022-09-22,259,92,21,2,292,109,401,20,2
2022-09-23,266,97,21,0,288,106,394,20,2
2022-09-24,130,52,22,1,280,102,382,21,2
2022-09-25,124,54,27,1,274,99,374,22,1
2022-09-26,292,109,26,0,258,95,353,24,1
2022-09-27,262,104,31,0,240,89,329,24,1
2022-09-28,330,95,22,0,238,86,324,24,1
2022-09-29,237,76,11,1,234,84,318,23,0
2022-09-30,240,74,24,2,231,81,311,23,1
2022-10-01,105,50,20,0,227,80,307,23,1
2022-10-02,125,51,16,1,227,80,307,21,1
2022-10-03,270,97,23,0,224,78,302,21,1
2022-10-04,228,52,31,2,219,71,290,21,1
2022-10-05,212,80,26,4,202,69,271,22,1
2022-10-06,272,71,16,4,207,68,275,22,2
2022-10-07,204,70,26,1,202,67,270,23,2
2022-10-08,138,55,16,3,207,68,275,22,2
2022-10-09,110,52,17,1,205,68,273,22,2
2022-10-10,238,95,19,1,200,68,268,22,2
2022-10-11,295,78,14,3,210,72,281,19,2
2022-10-12,287,111,24,2,221,76,297,19,2
2022-10-13,267,74,28,5,220,76,296,21,2
2022-10-14,254,71,27,6,227,77,304,21,3
2022-10-15,153,54,15,2,229,76,306,21,3
2022-10-16,115,57,11,4,230,77,307,20,3
2022-10-17,310,90,20,1,240,76,317,20,3
2022-10-18,268,104,19,2,236,80,316,21,3
2022-10-19,332,98,30,1,243,78,321,21,3
2022-10-20,239,82,27,2,239,79,318,21,3
2022-10-21,254,65,22,1,239,79,317,21,2
2022-10-22,160,56,21,1,240,79,319,21,2
2022-10-23,172,75,26,4,248,81,329,24,2
2022-10-24,385,133,32,1,259,88,346,25,2
2022-10-25,387,114,33,4,276,89,365,27,2
2022-10-26,362,132,29,1,280,94,374,27,2
2022-10-27,324,96,15,2,292,96,388,25,2
2022-10-28,285,63,26,1,296,96,392,26,2
2022-10-29,178,61,26,1,299,96,395,27,2
2022-10-30,164,58,16,2,298,94,392,25,2
2022-10-31,418,157,31,5,303,97,400,25,2
2022-11-01,408,138,32,5,306,101,406,25,2
2022-11-02,375,168,31,6,307,106,413,25,3
2022-11-03,411,150,31,1,320,114,433,28,3
2022-11-04,333,101,23,0,327,119,446,27,3
2022-11-05,224,92,25,3,333,123,457,27,3
2022-11-06,185,86,24,2,336,127,464,28,3
2022-11-07,472,163,35,3,344,128,472,29,3
2022-11-08,366,133,33,2,338,128,466,29,2
2022-11-09,399,110,30,1,341,119,461,29,2
2022-11-10,368,112,29,1,335,114,449,28,2
2022-11-11,286,89,34,1,329,112,441,30,2
2022-11-12,210,73,24,2,327,109,436,30,2
2022-11-13,220,105,27,0,332,112,444,30,1
2022-11-14,539,159,42,1,341,112,453,31,1
2022-11-15,394,97,35,4,345,106,452,32,1
2022-11-16,419,116,36,2,348,107,455,32,2
2022-11-17,309,133,23,2,340,110,450,32,2
2022-11-18,275,42,23,5,338,104,442,30,2
2022-11-19,174,93,13,2,333,106,439,28,2
2022-11-20,180,116,31,3,327,108,435,29,3
2022-11-21,488,154,32,1,320,107,427,28,3
2022-11-22,415,111,29,3,323,109,432,27,3
2022-11-23,426,138,34,2,324,112,436,26,3
2022-11-24,162,77,23,3,303,104,407,26,3
2022-11-25,355,64,38,1,314,108,422,29,2
2022-11-26,358,135,34,3,341,114,454,32,2
2022-11-27,271,49,33,1,354,104,458,32,2
2022-11-28,822,291,42,3,401,124,525,33,2
2022-11-29,696,188,48,6,441,135,576,36,3
2022-11-30,580,144,51,2,463,135,599,38,3
2022-12-01,565,183,45,4,521,151,672,42,3
2022-12-02,523,59,48,3,545,150,695,43,3
2022-12-03,245,103,38,4,529,145,674,44,3
2022-12-04,262,150,45,3,528,160,687,45,4
2022-12-05,705,233,54,2,511,151,662,47,3
2022-12-06,565,202,45,3,492,153,646,47,3
2022-12-07,575,204,38,4,491,162,653,45,3
2022-12-08,527,207,45,6,486,165,651,45,4
2022-12-09,545,183,37,3,489,183,672,43,4
2022-12-10,287,123,34,6,495,186,681,43,4
2022-12-11,249,122,25,8,493,182,675,40,5
2022-12-12,723,228,45,1,496,181,677,38,4
2022-12-13,636,192,51,4,506,180,686,39,5
2022-12-14,571,216,47,4,505,182,687,41,5
2022-12-15,479,172,41,6,499,177,675,40,5
2022-12-16,463,156,48,4,487,173,660,42,5
2022-12-17,326,121,32,2,492,172,665,41,4
2022-12-18,261,142,40,2,494,175,669,43,3
2022-12-19,660,215,42,1,485,173,659,43,3
2022-12-20,626,228,45,5,484,179,662,42,3
2022-12-21,576,179,40,3,484,173,658,41,3
2022-12-22,474,172,38,4,484,173,657,41,3
2022-12-23,391,146,34,7,473,172,645,39,3
2022-12-24,176,86,30,4,452,167,619,38,4
2022-12-25,139,43,40,5,435,153,587,38,4
2022-12-26,350,211,35,3,390,152,542,37,4
2022-12-27,612,239,42,7,388,154,542,37,5
2022-12-28,604,178,51,7,392,154,546,39,5
2022-12-29,584,176,49,2,408,154,562,40,5
2022-12-30,506,158,60,6,424,156,580,44,5
2022-12-31,256,93,45,4,436,157,593,46,5
2023-01-01,181,75,46,1,442,161,603,47,4
2023-01-02,432,205,40,2,454,161,614,48,4
2023-01-03,693,216,48,2,465,157,622,48,3
2023-01-04,651,203,38,6,472,161,633,47,3
2023-01-05,534,167,48,9,465,160,624,46,4
2023-01-06,478,172,28,9,461,162,622,42,5
2023-01-07,239,102,35,2,458,163,621,40,4
2023-01-08,180,118,25,6,458,169,627,37,5
2023-01-09,512,182,28,8,470,166,635,36,6
2023-01-10,466,160,23,1,437,158,595,32,6
2023-01-11,430,146,41,4,406,150,555,33,6
2023-01-12,370,137,32,2,382,145,527,30,5
2023-01-13,356,106,39,3,365,136,501,32,4
2023-01-14,183,91,28,7,357,134,491,31,4
2023-01-15,173,68,25,4,356,127,483,31,4
2023-01-16,277,132,35,4,322,120,442,32,4
2023-01-17,481,161,34,5,324,120,444,33,4
2023-01-18,375,136,32,1,316,119,435,32,4
2023-01-19,327,108,35,5,310,115,425,33,4
2023-01-20,309,98,32,2,304,113,417,32,4
2023-01-21,177,57,29,5,303,109,411,32,4
2023-01-22,153,82,21,3,300,111,410,31,4
2023-01-23,384,132,32,2,315,111,426,31,3
2023-01-24,367,133,34,5,299,107,405,31,3
2023-01-25,284,74,21,1,286,98,384,29,3
2023-01-26,278,96,25,5,279,96,375,28,3
2023-01-27,279,81,24,3,275,94,368,27,3
2023-01-28,151,58,19,2,271,94,365,25,3
2023-01-29,117,68,20,1,266,92,357,25,3
2023-01-30,339,102,22,3,259,87,347,24,3
2023-01-31,285,80,26,4,248,80,327,22,3
2023-02-01,238,81,15,1,241,81,322,22,3
2023-02-02,213,80,23,4,232,79,310,21,3
2023-02-03,176,57,21,1,217,75,292,21,2
2023-02-04,88,34,17,6,208,72,280,21,3
2023-02-05,95,51,21,4,205,69,274,21,3
2023-02-06,251,85,28,1,192,67,259,22,3
2023-02-07,215,69,30,1,182,65,248,22,3
2023-02-08,182,55,19,2,174,62,236,23,3
2023-02-09,159,52,20,3,167,58,224,22,3
2023-02-10,160,42,14,2,164,55,220,21,3
2023-02-11,95,32,18,3,165,55,220,21,2
2023-02-12,67,45,14,2,161,54,216,20,2
2023-02-13,168,55,17,1,149,50,199,19,2
2023-02-14,155,44,7,3,141,46,187,16,2
2023-02-15,138,38,12,1,135,44,179,15,2
2023-02-16,148,53,20,0,133,44,177,15,2
2023-02-17,110,18,14,1,126,41,167,15,2
2023-02-18,58,30,9,1,121,40,161,13,1
2023-02-19,47,30,14,1,118,38,156,13,1
2023-02-20,93,43,13,3,107,37,144,13,1
2023-02-21,106,37,17,0,100,36,136,14,1
2023-02-22,116,29,16,1,97,34,131,15,1
2023-02-23,97,36,7,0,90,32,121,13,1
2023-02-24,99,23,9,1,88,33,121,12,1
2023-02-25,38,26,6,1,85,32,117,12,1
2023-02-26,51,14,6,0,86,30,115,11,1
2023-02-27,99,31,5,2,87,28,115,9,1
2023-02-28,66,24,5,0,81,26,107,8,1
2023-03-01,81,31,7,0,76,26,102,6,1
2023-03-02,80,22,5,0,73,24,98,6,1
2023-03-03,75,21,8,3,70,24,94,6,1
2023-03-04,33,13,6,0,69,22,92,6,1
2023-03-05,29,14,9,1,66,22,88,6,1
2023-03-06,90,32,7,1,65,22,87,7,1
2023-03-07,70,19,4,2,65,22,87,7,1
2023-03-08,69,25,8,1,64,21,85,7,1
2023-03-09,74,18,3,0,63,20,83,6,1
2023-03-10,46,14,7,0,59,19,78,6,1
2023-03-11,32,2,4,2,59,18,76,6,1
2023-03-12,29,9,4,1,59,17,76,5,1
2023-03-13,74,28,6,1,56,16,73,5,1
2023-03-14,57,19,7,1,54,16,71,6,1
2023-03-15,49,14,7,0,52,15,66,5,1
2023-03-16,55,20,9,1,49,15,64,6,1
2023-03-17,34,16,2,1,47,15,63,6,1
2023-03-18,31,13,2,0,47,17,64,5,1
2023-03-19,15,16,3,1,45,18,63,5,1
2023-03-20,76,23,2,0,45,17,63,5,1
2023-03-21,53,27,8,2,45,18,63,5,1
2023-03-22,48,22,2,0,45,20,64,4,1
2023-03-23,47,21,5,2,43,20,63,3,1
2023-03-24,45,19,6,1,45,20,65,4,1
2023-03-25,17,11,3,0,43,20,63,4,1
2023-03-26,24,7,2,0,44,19,63,4,1
2023-03-27,74,23,3,1,44,19,63,4,1
2023-03-28,74,19,7,1,47,17,64,4,1
2023-03-29,53,12,9,0,48,16,64,5,1
2023-03-30,46,17,6,0,48,15,63,5,0
2023-03-31,58,19,9,2,49,15,65,6,1
2023-04-01,27,11,4,1,51,15,66,6,1
2023-04-02,25,12,5,0,51,16,67,6,1
2023-04-03,38,18,6,0,46,15,61,7,1
2023-04-04,53,18,7,0,43,15,58,7,0
2023-04-05,41,17,4,1,41,16,57,6,1
2023-04-06,28,6,6,1,39,14,53,6,1
2023-04-07,28,11,8,0,34,13,48,6,0
2023-04-08,20,6,2,0,33,13,46,5,0
2023-04-09,8,9,1,0,31,12,43,5,0
2023-04-10,39,19,9,0,31,12,43,5,0
2023-04-11,33,13,4,0,28,12,40,5,0
2023-04-12,35,7,5,0,27,10,37,5,0
2023-04-13,31,17,7,1,28,12,39,5,0
2023-04-14,31,8,3,0,28,11,39,4,0
2023-04-15,23,8,3,1,29,12,40,5,0
2023-04-16,21,7,4,1,30,11,42,5,0
2023-04-17,38,13,5,0,30,10,41,4,0
2023-04-18,31,12,5,1,30,10,40,5,1
2023-04-19,26,11,5,0,29,11,40,5,1
2023-04-20,38,7,3,0,30,9,39,4,0
2023-04-21,24,10,6,1,29,10,38,4,1
2023-04-22,14,12,3,0,27,10,38,4,0
2023-04-23,19,7,2,0,27,10,37,4,0
2023-04-24,39,13,7,0,27,10,38,4,0
2023-04-25,51,9,10,1,30,10,40,5,0
2023-04-26,31,12,4,1,31,10,41,5,0
2023-04-27,33,8,3,0,30,10,40,5,0
2023-04-28,33,8,5,0,31,10,41,5,0
2023-04-29,16,6,2,0,32,9,41,5,0
2023-04-30,9,4,3,1,30,9,39,5,0
2023-05-01,38,11,9,1,30,8,38,5,1
2023-05-02,40,13,5,0,29,9,37,4,0
2023-05-03,23,18,3,0,27,10,37,4,0
2023-05-04,24,13,6,0,26,10,37,5,0
2023-05-05,24,9,5,0,25,11,35,5,0
2023-05-06,12,12,4,1,24,11,36,5,0
2023-05-07,18,3,9,0,26,11,37,6,0
2023-05-08,41,15,11,0,26,12,38,6,0
2023-05-09,38,12,10,0,26,12,37,7,0
2023-05-10,35,2,7,0,27,9,37,7,0
2023-05-11,37,14,15,0,29,10,39,9,0
2023-05-12,20,7,7,0,29,9,38,9,0
2023-05-13,18,14,5,0,30,10,39,9,0
2023-05-14,22,9,3,0,30,10,41,8,0
2023-05-15,38,24,6,0,30,12,41,8,0
2023-05-16,38,14,3,0,30,12,42,7,0
2023-05-17,23,15,5,0,28,14,42,6,0
2023-05-18,32,21,7,0,27,15,42,5,0
2023-05-19,25,23,4,0,28,17,45,5,0
2023-05-20,11,5,4,0,27,16,43,5,0
2023-05-21,17,10,2,0,26,16,42,4,0
2023-05-22,33,22,7,0,26,16,41,5,0
2023-05-23,21,14,1,0,23,16,39,4,0
2023-05-24,32,19,5,0,24,16,41,4,0
2023-05-25,28,17,7,1,24,16,40,4,0
2023-05-26,9,10,4,0,22,14,35,4,0
2023-05-27,14,11,5,0,22,15,37,4,0
2023-05-28,19,5,4,0,22,14,36,5,0
2023-05-29,28,12,10,0,22,13,34,5,0
2023-05-30,47,28,2,1,25,15,40,5,0
2023-05-31,38,20,3,0,26,15,41,5,0
2023-06-01,50,20,6,0,29,15,44,5,0
2023-06-02,35,15,9,1,33,16,49,6,0
2023-06-03,25,8,2,0,35,15,50,5,0
2023-06-04,27,11,4,0,36,16,52,5,0
2023-06-05,42,21,5,0,38,18,55,4,0
2023-06-06,53,26,4,1,39,17,56,5,0
2023-06-07,38,14,7,0,39,16,55,5,0
2023-06-08,28,15,3,1,35,16,51,5,0
2023-06-09,26,19,4,0,34,16,50,4,0
2023-06-10,25,9,5,0,34,16,51,5,0
2023-06-11,21,18,2,1,33,17,51,4,0
2023-06-12,38,25,6,0,33,18,51,4,0
2023-06-13,50,23,9,0,32,18,50,5,0
2023-06-14,31,28,6,0,31,20,51,5,0
2023-06-15,47,12,5,0,34,19,53,5,0
2023-06-16,36,8,2,0,35,18,53,5,0
2023-06-17,22,9,7,0,35,18,53,5,0
2023-06-18,14,9,4,0,34,16,50,6,0
2023-06-19,27,26,2,0,32,16,49,5,0
2023-06-20,27,19,5,1,29,16,45,4,0
2023-06-21,36,20,5,0,30,15,45,4,0
2023-06-22,37,20,3,0,28,16,44,4,0
2023-06-23,19,12,5,0,26,16,42,4,0
2023-06-24,23,8,4,0,26,16,42,4,0
2023-06-25,16,10,2,0,26,16,43,4,0
2023-06-26,33,18,1,0,27,15,43,4,0
2023-06-27,32,17,5,0,28,15,43,4,0
2023-06-28,28,10,6,0,27,14,40,4,0
2023-06-29,24,16,3,1,25,13,38,4,0
2023-06-30,34,27,3,0,27,15,42,3,0
2023-07-01,23,10,3,0,27,15,43,3,0
2023-07-02,18,9,4,0,27,15,43,4,0
2023-07-03,22,16,8,1,26,15,41,5,0
2023-07-04,20,10,3,0,24,14,38,4,0
2023-07-05,31,30,5,0,25,17,41,4,0
2023-07-06,28,18,2,0,25,17,42,4,0
2023-07-07,22,18,9,1,23,16,39,5,0
2023-07-08,21,18,3,0,23,17,40,5,0
2023-07-09,16,14,3,0,23,18,41,5,0
2023-07-10,55,25,4,0,28,19,47,4,0
2023-07-11,70,22,3,0,35,21,55,4,0
2023-07-12,30,37,5,1,35,22,56,4,0
2023-07-13,103,28,2,0,45,23,68,4,0
2023-07-14,62,17,4,0,51,23,74,3,0
2023-07-15,29,20,9,0,52,23,75,4,0
2023-07-16,25,23,5,0,53,25,78,5,0
2023-07-17,53,34,7,0,53,26,79,5,0
2023-07-18,53,46,6,0,51,29,80,5,0
2023-07-19,67,39,11,0,56,30,86,6,0
2023-07-20,61,35,10,0,50,31,81,7,0
2023-07-21,62,21,10,0,50,31,81,8,0
2023-07-22,30,21,4,0,50,31,81,8,0
2023-07-23,36,26,6,0,52,32,83,8,0
2023-07-24,72,66,7,0,54,36,91,8,0
2023-07-25,76,51,11,0,58,37,95,8,0
2023-07-26,80,38,9,0,60,37,96,8,0
2023-07-27,66,42,6,0,60,38,98,8,0
2023-07-28,81,37,12,0,63,40,103,8,0
2023-07-29,57,39,13,1,67,43,110,9,0
2023-07-30,42,49,6,1,68,46,114,9,0
2023-07-31,100,62,9,0,72,45,117,9,0
2023-08-01,95,62,7,0,74,47,121,9,0
2023-08-02,94,70,11,0,76,52,128,9,0
2023-08-03,117,61,11,0,84,54,138,10,0
2023-08-04,90,62,14,1,85,58,143,10,0
2023-08-05,71,52,8,0,87,60,147,9,0
2023-08-06,57,49,7,0,89,60,149,10,0
2023-08-07,132,91,11,0,94,64,158,10,0
2023-08-08,143,100,15,0,101,69,170,11,0
2023-08-09,139,72,10,0,107,70,177,11,0
2023-08-10,119,89,9,0,107,74,181,11,0
2023-08-11,126,59,16,0,112,73,186,11,0
2023-08-12,77,38,13,1,113,71,184,12,0
2023-08-13,85,39,16,0,117,70,187,13,0
2023-08-14,161,118,18,0,121,74,195,14,0
2023-08-15,151,106,16,0,123,74,197,14,0
2023-08-16,126,98,13,0,121,78,199,14,0
2023-08-17,129,73,18,0,122,76,198,16,0
2023-08-18,136,58,20,0,124,76,199,16,0
2023-08-19,101,70,17,1,127,80,207,17,0
2023-08-20,75,60,11,1,126,83,209,16,0
2023-08-21,157,120,17,0,125,84,209,16,0
2023-08-22,154,101,10,0,125,83,208,15,0
2023-08-23,148,90,25,0,129,82,210,17,0
2023-08-24,162,92,13,0,133,84,218,16,0
2023-08-25,125,88,11,0,132,89,220,15,0
2023-08-26,113,50,19,2,133,86,219,15,0
2023-08-27,111,54,20,1,139,85,224,16,0
2023-08-28,197,115,22,0,144,84,229,17,0
2023-08-29,194,97,25,2,150,84,234,19,1
2023-08-30,162,97,20,2,152,85,237,19,1
2023-08-31,151,108,11,0,150,87,237,18,1
2023-09-01,141,92,19,1,153,88,240,19,1
2023-09-02,100,68,15,1,151,90,241,19,1
2023-09-03,101,52,17,0,149,90,239,18,1
2023-09-04,133,64,19,0,140,83,223,18,1
2023-09-05,239,135,32,1,147,88,235,19,1
2023-09-06,216,134,17,1,154,93,248,19,1
2023-09-07,156,112,19,2,155,94,249,20,1
2023-09-08,178,113,20,0,160,97,257,20,1
2023-09-09,122,75,24,1,164,98,261,21,1
2023-09-10,89,58,21,1,162,99,261,22,1
2023-09-11,165,114,18,2,166,106,272,22,1
2023-09-12,182,124,20,0,158,104,263,20,1
2023-09-13,173,128,11,0,152,103,256,19,1
2023-09-14,156,114,19,0,152,104,256,19,1
2023-09-15,158,112,12,1,149,104,253,18,1
2023-09-16,100,72,12,2,146,103,249,16,1
2023-09-17,94,95,17,1,147,108,255,16,1
2023-09-18,231,145,19,1,156,113,269,16,1
2023-09-19,214,123,17,0,161,113,274,15,1
2023-09-20,195,115,28,0,164,111,275,18,1
2023-09-21,171,117,13,1,166,111,277,17,1
2023-09-22,161,109,19,0,167,111,277,18,1
2023-09-23,82,63,18,0,164,110,274,19,0
2023-09-24,89,67,17,1,163,106,269,19,0
2023-09-25,192,98,29,1,158,99,257,20,0
2023-09-26,175,130,22,1,152,100,252,21,1
2023-09-27,158,104,13,2,147,98,245,19,1
2023-09-28,130,118,13,0,141,98,239,19,1
2023-09-29,95,48,23,0,132,90,221,19,1
2023-09-30,84,58,14,1,132,89,221,19,1
2023-10-01,88,70,14,0,132,89,221,18,1
2023-10-02,162,98,14,0,127,89,217,16,1
2023-10-03,146,99,24,1,123,85,208,16,1
2023-10-04,137,77,14,2,120,81,201,17,1
2023-10-05,134,72,14,0,121,75,195,17,1
2023-10-06,112,55,13,0,123,76,199,15,1
2023-10-07,53,42,11,0,119,73,192,15,0
2023-10-08,56,28,11,0,114,67,182,14,0
2023-10-09,102,64,18,1,106,62,168,15,1
2023-10-10,99,63,11,1,99,57,156,13,1
2023-10-11,93,46,14,0,93,53,146,13,0
2023-10-12,80,64,14,0,85,52,137,13,0
2023-10-13,88,46,10,1,82,50,132,13,0
2023-10-14,39,37,11,1,80,50,129,13,1
2023-10-15,51,35,7,0,79,51,130,12,1
2023-10-16,91,66,18,2,77,51,128,12,1
2023-10-17,71,54,11,0,73,50,123,12,1
2023-10-18,94,56,18,2,73,51,125,13,1
2023-10-19,75,61,12,0,73,51,123,12,1
2023-10-20,91,38,15,0,73,50,123,13,1
2023-10-21,39,26,5,0,73,48,121,12,1
2023-10-22,55,23,18,0,74,46,120,14,1
2023-10-23,100,66,13,0,75,46,121,13,0
2023-10-24,71,57,14,0,75,47,122,14,0
2023-10-25,76,50,13,1,72,46,118,13,0
2023-10-26,62,46,7,0,71,44,114,12,0
2023-10-27,61,37,9,2,66,44,110,11,0
2023-10-28,47,23,11,0,67,43,111,12,0
2023-10-29,38,26,9,0,65,44,109,11,0
2023-10-30,64,77,11,0,60,45,105,11,0
2023-10-31,62,35,14,0,59,42,101,11,0
2023-11-01,61,31,8,1,56,39,96,10,0
2023-11-02,57,37,5,1,56,38,94,10,1
2023-11-03,55,34,8,1,55,38,92,9,0
2023-11-04,40,40,12,1,54,40,94,10,1
2023-11-05,34,23,12,0,53,40,93,10,1
2023-11-06,72,80,8,1,54,40,94,10,1
2023-11-07,63,37,6,0,55,40,95,8,1
2023-11-08,64,55,9,1,55,44,99,9,1
2023-11-09,61,37,7,0,56,44,99,9,1
2023-11-10,64,35,13,0,57,44,101,10,0
2023-11-11,30,38,6,1,55,44,99,9,0
2023-11-12,38,32,5,0,56,45,101,8,0
2023-11-13,66,60,6,0,55,42,97,7,0
2023-11-14,65,59,8,1,55,45,101,8,0
2023-11-15,63,67,12,1,55,47,102,8,0
2023-11-16,72,55,11,0,57,49,106,9,0
2023-11-17,66,60,6,1,57,53,110,8,1
2023-11-18,50,44,6,0,60,54,114,8,0
2023-11-19,45,55,7,0,61,57,118,8,0
2023-11-20,92,89,8,0,65,61,126,8,0
2023-11-21,68,52,12,0,65,60,125,9,0
2023-11-22,84,73,11,0,68,61,129,9,0
2023-11-23,38,32,8,0,63,58,121,8,0
2023-11-24,73,60,10,0,64,58,122,9,0
2023-11-25,60,72,13,1,66,62,128,10,0
2023-11-26,66,56,10,1,69,62,131,10,0
2023-11-27,141,119,15,1,76,66,142,11,0
2023-11-28,129,93,15,0,84,72,157,12,0
2023-11-29,106,76,13,0,88,73,160,12,0
2023-11-30,114,77,11,1,98,79,177,12,1
2023-12-01,100,46,11,0,102,77,179,13,1
2023-12-02,73,44,13,4,104,73,177,13,1
2023-12-03,72,56,13,0,105,73,178,13,1
2023-12-04,165,104,14,0,108,71,179,13,1
2023-12-05,138,106,17,1,110,73,182,13,1
2023-12-06,129,83,14,1,113,74,187,13,1
2023-12-07,139,65,20,0,117,72,189,15,1
2023-12-08,115,80,11,0,119,77,196,15,1
2023-12-09,81,61,14,1,120,79,199,15,0
2023-12-10,84,64,18,0,122,80,202,15,0
2023-12-11,189,123,22,0,125,83,208,17,0
2023-12-12,186,125,17,0,132,86,218,17,0
2023-12-13,192,108,21,0,141,89,230,18,0
2023-12-14,173,93,20,0,146,93,239,18,0
2023-12-15,174,97,30,0,154,96,250,20,0
2023-12-16,128,94,34,2,161,101,261,23,0
2023-12-17,109,93,18,0,164,105,269,23,0
2023-12-18,273,197,20,0,176,115,292,23,0
2023-12-19,261,67,25,0,187,107,294,24,0
2023-12-20,287,173,26,1,201,116,317,25,0
2023-12-21,258,171,23,3,213,127,340,25,1
2023-12-22,247,142,30,1,223,134,357,25,1
2023-12-23,170,147,34,1,229,141,371,25,1
2023-12-24,143,81,30,1,234,140,374,27,1
2023-12-25,172,85,19,0,220,124,343,27,1
2023-12-26,395,254,40,1,239,150,389,29,1
2023-12-27,359,236,40,1,249,159,409,31,1
2023-12-28,346,232,32,1,262,168,430,32,1
2023-12-29,304,213,25,1,270,178,448,31,1
2023-12-30,211,128,23,0,276,176,451,30,1
2023-12-31,187,107,28,0,282,179,461,30,1
2024-01-01,209,83,31,1,287,179,466,31,1
2024-01-02,392,260,45,3,287,180,467,32,1
2024-01-03,401,221,29,2,293,178,471,30,1
2024-01-04,401,235,49,2,301,178,479,33,1
2024-01-05,326,204,33,0,304,177,481,34,1
2024-01-06,184,127,22,1,300,177,477,34,1
2024-01-07,202,115,19,5,302,178,480,33,2
2024-01-08,406,241,33,2,330,200,531,33,2
2024-01-09,284,177,29,1,315,189,503,31,2
2024-01-10,292,175,33,1,299,182,481,31,2
2024-01-11,300,158,37,0,285,171,456,29,1
2024-01-12,312,165,47,1,283,165,448,31,2
2024-01-13,162,93,31,3,280,161,440,33,2
2024-01-14,137,96,19,0,270,158,428,33,1
2024-01-15,209,152,28,1,242,145,387,32,1
2024-01-16,260,135,27,2,239,139,378,32,1
2024-01-17,226,132,16,2,229,133,362,29,1
2024-01-18,215,113,31,2,217,127,344,28,2
2024-01-19,197,104,34,2,201,118,319,27,2
2024-01-20,104,62,21,1,193,113,306,25,1
2024-01-21,108,70,22,1,188,110,298,26,2
2024-01-22,244,148,25,5,193,109,303,25,2
2024-01-23,206,133,24,4,186,109,295,25,2
2024-01-24,215,110,31,4,184,106,290,27,3
2024-01-25,187,109,16,1,180,105,285,25,3
2024-01-26,178,83,21,1,177,102,280,23,2
2024-01-27,106,54,19,1,178,101,279,23,2
2024-01-28,86,67,20,1,175,101,275,22,2
2024-01-29,193,113,23,0,167,96,263,22,2
2024-01-30,194,66,23,0,166,86,252,22,1
2024-01-31,172,81,20,2,159,82,241,20,1
2024-02-01,132,71,15,0,152,76,228,20,1
2024-02-02,96,70,16,0,140,75,214,19,1
2024-02-03,63,38,5,2,134,72,206,17,1
2024-02-04,72,48,9,1,132,70,201,16,1
2024-02-05,129,89,11,0,123,66,189,14,1
2024-02-06,106,73,17,0,110,67,177,13,1
2024-02-07,136,82,16,2,105,67,172,13,1
2024-02-08,89,49,12,0,99,64,163,12,1
2024-02-09,104,57,17,0,100,62,162,12,1
2024-02-10,62,36,14,2,100,62,162,14,1
2024-02-11,69,28,14,0,99,59,158,14,1
2024-02-12,114,63,15,2,97,55,153,15,1
2024-02-13,51,26,8,0,89,49,138,14,1
2024-02-14,87,51,11,0,82,44,127,13,1
2024-02-15,78,55,10,0,81,45,126,13,1
2024-02-16,70,41,10,0,76,43,119,12,1
2024-02-17,52,36,12,2,74,43,117,11,1
2024-02-18,43,30,13,0,71,43,114,11,1
2024-02-19,57,33,12,1,63,39,101,11,0
2024-02-20,75,41,10,0,66,41,107,11,0
2024-02-21,60,36,9,0,62,39,101,11,0
2024-02-22,66,38,4,1,60,36,97,10,1
2024-02-23,56,27,10,0,58,34,93,10,1
2024-02-24,33,16,4,0,56,32,87,9,0
2024-02-25,34,27,8,2,54,31,86,8,1
2024-02-26,79,43,9,2,58,33,90,8,1
2024-02-27,77,36,8,2,58,32,90,7,1
2024-02-28,56,39,7,0,57,32,90,7,1
2024-02-29,52,27,8,1,55,31,86,8,1
2024-03-01,58,27,9,1,56,31,86,8,1
2024-03-02,24,20,2,1,54,31,86,7,1
2024-03-03,27,25,8,0,53,31,84,7,1
2024-03-04,59,24,4,1,50,28,79,7,1
2024-03-05,47,15,5,1,46,25,71,6,1
2024-03-06,46,17,8,1,45,22,67,6,1
2024-03-07,37,23,5,0,43,22,64,6,1
2024-03-08,27,22,3,1,38,21,59,5,1
2024-03-09,22,14,3,0,38,20,58,5,1
2024-03-10,14,8,3,2,36,18,54,4,1
2024-03-11,45,34,10,0,34,19,53,5,1
2024-03-12,55,23,4,0,35,20,55,5,1
2024-03-13,36,29,9,0,34,22,56,5,0
2024-03-14,31,18,4,1,33,21,54,5,1
2024-03-15,35,25,6,0,34,22,56,6,0
2024-03-16,29,6,7,0,35,20,55,6,0
2024-03-17,13,13,3,0,35,21,56,6,0
2024-03-18,53,25,10,1,36,20,56,6,0
2024-03-19,36,25,6,0,33,20,53,6,0
2024-03-20,34,19,4,0,33,19,52,6,0
2024-03-21,24,17,0,0,32,19,51,5,0
2024-03-22,37,19,4,1,32,18,50,5,0
2024-03-23,12,4,2,1,30,17,47,4,0
2024-03-24,15,14,3,1,30,18,48,4,1
2024-03-25,29,19,2,0,27,17,43,3,0
2024-03-26,35,16,2,0,27,15,42,2,0
2024-03-27,23,15,0,0,25,15,40,2,0
2024-03-28,32,15,4,0,26,15,41,2,0
2024-03-29,20,14,5,1,24,14,38,3,0
2024-03-30,10,5,3,0,23,14,37,3,0
2024-03-31,12,9,1,0,23,13,36,2,0
2024-04-01,22,20,3,0,22,13,35,3,0
2024-04-02,20,13,3,0,20,13,33,3,0
2024-04-03,22,7,5,0,20,12,32,3,0
2024-04-04,26,15,4,0,19,12,31,3,0
2024-04-05,20,17,2,0,19,12,31,3,0
2024-04-06,13,20,3,0,19,14,34,3,0
2024-04-07,18,12,1,0,20,15,35,3,0
2024-04-08,20,19,1,0,20,15,35,3,0
2024-04-09,22,27,2,1,20,17,37,3,0
2024-04-10,22,13,9,1,20,18,38,3,0
2024-04-11,19,20,8,0,19,18,37,4,0
2024-04-12,17,11,2,1,19,17,36,4,0
2024-04-13,14,10,5,0,19,16,35,4,0
2024-04-14,12,16,2,0,18,17,35,4,0
2024-04-15,25,22,5,0,19,17,36,5,0
2024-04-16,31,19,2,0,20,16,36,5,0
2024-04-17,27,17,4,0,21,16,37,4,0
2024-04-18,25,16,2,0,22,16,37,3,0
2024-04-19,17,11,4,0,22,16,37,3,0
2024-04-20,19,7,3,2,22,15,38,3,0
2024-04-21,18,6,3,0,23,14,37,3,0
2024-04-22,27,8,4,0,23,12,35,3,0
2024-04-23,17,14,4,0,21,11,33,3,0
2024-04-24,27,26,3,0,21,13,34,3,0
2024-04-25,15,14,4,0,20,12,32,4,0
2024-04-26,27,22,4,0,21,14,35,4,0
2024-04-27,16,10,1,0,21,14,35,3,0
2024-04-28,15,13,1,1,21,15,36,3,0
2024-04-29,29,1,0,0,21,14,35,2,0
