date_of_interest,mn_case_count,mn_probable_case_count,mn_hospitalized_count,mn_death_count,mn_case_count_7day_avg,mn_probable_case_count_7day_avg,mn_all_case_count_7day_avg,mn_hospitalized_count_7day_avg,mn_death_count_7day_avg
2020-02-29,1,0,0,0,0,0,0,0,0
2020-03-04,2,0,1,0,0,0,0,0,0
2020-03-06,3,0,3,0,1,0,1,1,0
2020-03-07,1,0,0,0,1,0,1,1,0
2020-03-08,6,0,1,0,2,0,2,2,0
2020-03-09,24,0,9,0,5,0,5,3,0
2020-03-10,24,0,12,0,9,0,9,4,0
2020-03-11,62,0,19,0,17,0,17,7,0
2020-03-12,137,0,16,0,37,0,37,9,0
2020-03-13,182,0,31,0,62,0,62,13,0
2020-03-14,176,1,36,1,87,0,87,18,0
2020-03-15,205,0,33,2,116,0,116,22,0
2020-03-16,457,0,45,0,178,0,178,27,0
2020-03-17,567,0,76,0,255,0,255,37,0
2020-03-18,538,1,87,5,323,0,323,46,1
2020-03-19,555,1,105,4,383,0,383,59,2
2020-03-20,653,1,112,12,450,1,451,71,3
2020-03-21,399,1,117,6,482,1,483,82,4
2020-03-22,317,2,131,9,498,1,499,96,5
2020-03-23,530,4,185,10,508,1,510,116,7
2020-03-24,619,2,204,19,516,2,518,134,9
2020-03-25,586,4,200,24,523,2,525,151,12
2020-03-26,625,5,225,33,533,3,535,168,16
2020-03-27,656,6,222,47,533,3,537,183,21
2020-03-28,388,6,186,34,532,4,536,193,25
2020-03-29,407,11,158,46,544,5,550,197,30
2020-03-30,802,18,272,52,583,7,591,210,36
2020-03-31,616,12,221,54,583,9,592,212,41
2020-04-01,573,15,217,74,581,10,591,214,49
2020-04-02,652,14,242,76,585,12,597,217,55
2020-04-03,671,22,255,73,587,14,601,222,58
2020-04-04,385,27,198,89,587,17,604,223,66
2020-04-05,356,23,190,109,579,19,598,228,75
2020-04-06,721,33,261,102,568,21,589,226,82
2020-04-07,605,30,194,122,566,23,590,222,92
2020-04-08,546,24,172,90,562,25,587,216,94
2020-04-09,558,30,189,95,549,27,576,208,97
2020-04-10,495,26,176,95,524,28,551,197,100
2020-04-11,304,20,131,80,512,27,539,188,99
2020-04-12,252,26,128,88,497,27,524,179,96
2020-04-13,393,17,169,88,450,25,475,166,94
2020-04-14,440,20,139,79,427,23,450,158,88
2020-04-15,429,22,129,78,410,23,433,152,86
2020-04-16,355,15,104,69,381,21,402,139,82
2020-04-17,330,10,106,51,358,19,376,129,76
2020-04-18,187,15,83,72,341,18,359,123,75
2020-04-19,176,18,69,67,330,17,347,114,72
2020-04-20,381,12,95,62,328,16,344,104,68
2020-04-21,371,13,90,60,318,15,333,97,66
2020-04-22,382,18,90,55,312,14,326,91,62
2020-04-23,400,10,55,57,318,14,332,84,61
2020-04-24,408,9,80,56,329,14,343,80,61
2020-04-25,145,6,42,46,323,12,336,74,58
2020-04-26,98,13,41,47,312,12,324,70,55
2020-04-27,302,5,61,35,301,11,311,66,51
2020-04-28,323,5,56,40,294,9,303,61,48
2020-04-29,285,5,43,37,280,8,288,54,45
2020-04-30,217,3,31,38,254,7,261,51,43
2020-05-01,240,6,33,30,230,6,236,44,39
2020-05-02,138,5,23,27,229,6,235,41,36
2020-05-03,103,3,33,38,230,5,234,40,35
2020-05-04,214,11,38,30,217,5,223,37,34
2020-05-05,242,2,25,20,206,5,211,32,31
2020-05-06,165,3,27,20,188,5,193,30,29
2020-05-07,119,2,18,25,174,5,179,28,27
2020-05-08,99,6,20,18,154,5,159,26,25
2020-05-09,75,4,12,18,145,4,150,25,24
2020-05-10,95,2,22,21,144,4,148,23,22
2020-05-11,192,3,23,17,141,3,144,21,20
2020-05-12,163,3,13,17,130,3,133,19,19
2020-05-13,156,2,18,10,128,3,132,18,18
2020-05-14,149,6,23,22,133,4,136,19,18
2020-05-15,135,5,22,16,138,4,141,19,17
2020-05-16,51,2,11,12,134,3,138,19,16
2020-05-17,50,1,7,12,128,3,131,17,15
2020-05-18,128,2,23,9,119,3,122,17,14
2020-05-19,165,0,19,10,119,3,122,18,13
2020-05-20,164,1,11,13,120,2,123,17,13
2020-05-21,145,0,9,6,120,2,121,15,11
2020-05-22,153,1,14,6,122,1,123,13,10
2020-05-23,47,1,9,8,122,1,123,13,9
2020-05-24,69,2,21,7,124,1,125,15,8
2020-05-25,69,1,11,13,116,1,117,13,9
2020-05-26,127,2,9,8,111,1,112,12,9
2020-05-27,107,2,11,10,102,1,104,12,8
2020-05-28,97,0,11,3,96,1,97,12,8
2020-05-29,74,1,11,6,84,1,86,12,8
2020-05-30,38,2,6,14,83,1,84,11,9
2020-05-31,25,1,9,5,77,1,78,10,8
2020-06-01,77,2,13,4,78,1,79,10,7
2020-06-02,72,1,9,8,70,1,71,10,7
2020-06-03,75,0,7,7,65,1,66,9,7
2020-06-04,86,0,10,8,64,1,65,9,7
2020-06-05,52,0,8,7,61,1,62,9,8
2020-06-06,33,2,6,1,60,1,61,9,6
2020-06-07,24,2,9,1,60,1,61,9,5
2020-06-08,75,6,9,3,60,2,61,8,5
2020-06-09,66,0,11,7,59,1,60,9,5
2020-06-10,67,1,14,1,58,2,59,10,4
2020-06-11,54,5,8,3,53,2,55,9,3
2020-06-12,58,3,5,4,54,3,57,9,3
2020-06-13,23,1,5,3,52,3,55,9,3
2020-06-14,28,1,5,2,53,2,55,8,3
2020-06-15,55,4,5,3,50,2,52,8,3
2020-06-16,67,1,6,2,50,2,53,7,3
2020-06-17,65,5,6,3,50,3,53,6,3
2020-06-18,58,0,6,4,51,2,53,5,3
2020-06-19,56,1,2,4,50,2,52,5,3
2020-06-20,44,2,3,2,53,2,55,5,3
2020-06-21,25,1,7,3,53,2,55,5,3
2020-06-22,63,3,8,1,54,2,56,5,3
2020-06-23,76,5,5,6,55,2,58,5,3
2020-06-24,73,0,7,2,56,2,58,5,3
2020-06-25,46,0,5,2,55,2,56,5,3
2020-06-26,63,1,4,6,56,2,57,6,3
2020-06-27,37,1,6,2,55,2,56,6,3
2020-06-28,41,3,3,3,57,2,59,5,3
2020-06-29,80,8,4,1,59,3,62,5,3
2020-06-30,95,2,8,2,62,2,64,5,3
2020-07-01,83,3,7,1,64,3,66,5,2
2020-07-02,79,1,8,8,68,3,71,6,3
2020-07-03,48,3,7,0,66,3,69,6,2
2020-07-04,32,4,8,1,65,3,69,6,2
2020-07-05,32,0,6,2,64,3,67,7,2
2020-07-06,76,4,7,1,64,2,66,7,2
2020-07-07,88,7,8,2,63,3,66,7,2
2020-07-08,120,3,8,2,68,3,71,7,2
2020-07-09,85,3,6,0,69,3,72,7,1
2020-07-10,48,4,1,0,69,4,72,6,1
2020-07-11,47,3,5,2,71,3,74,6,1
2020-07-12,42,1,3,0,72,4,76,5,1
2020-07-13,79,4,7,3,73,4,76,5,1
2020-07-14,82,5,8,1,72,3,75,5,1
2020-07-15,70,2,3,2,65,3,68,5,1
2020-07-16,83,2,4,1,64,3,67,4,1
2020-07-17,104,3,11,2,72,3,75,6,2
2020-07-18,36,3,5,3,71,3,74,6,2
2020-07-19,33,5,2,3,70,3,73,6,2
2020-07-20,81,6,5,3,70,4,74,5,2
2020-07-21,70,4,2,0,68,4,72,5,2
2020-07-22,58,1,5,0,66,3,70,5,2
2020-07-23,65,4,10,1,64,4,68,6,2
2020-07-24,54,3,4,0,57,4,60,5,1
2020-07-25,34,2,3,1,56,4,60,4,1
2020-07-26,18,5,6,1,54,4,58,5,1
2020-07-27,72,4,5,1,53,3,56,5,1
2020-07-28,58,3,2,2,51,3,54,5,1
2020-07-29,54,5,6,1,51,4,54,5,1
2020-07-30,44,2,3,1,48,3,51,4,1
2020-07-31,51,4,9,0,47,4,51,5,1
2020-08-01,33,2,4,0,47,4,51,5,1
2020-08-02,26,0,3,0,48,3,51,5,1
2020-08-03,56,8,6,1,46,3,49,5,1
2020-08-04,38,7,2,1,43,4,47,5,1
2020-08-05,47,6,3,2,42,4,46,4,1
2020-08-06,53,6,4,1,43,5,48,4,1
2020-08-07,49,2,4,0,43,4,48,4,1
2020-08-08,23,4,0,3,42,5,46,3,1
2020-08-09,18,3,2,0,41,5,46,3,1
2020-08-10,49,3,6,1,40,4,44,3,1
2020-08-11,42,3,0,3,40,4,44,3,1
2020-08-12,43,2,6,0,40,3,43,3,1
2020-08-13,50,2,7,0,39,3,42,4,1
2020-08-14,44,3,5,0,38,3,41,4,1
2020-08-15,25,2,3,1,39,3,41,4,1
2020-08-16,22,2,0,0,39,2,42,4,1
2020-08-17,57,2,4,1,40,2,43,4,1
2020-08-18,61,6,2,0,43,3,46,4,0
2020-08-19,51,6,8,0,44,3,48,4,0
2020-08-20,33,3,4,0,42,3,45,4,0
2020-08-21,51,4,4,1,43,4,46,4,0
2020-08-22,30,4,7,1,44,4,47,4,0
2020-08-23,16,2,2,1,43,4,47,4,1
2020-08-24,49,1,6,1,42,4,45,5,1
2020-08-25,54,3,7,0,41,3,44,5,1
2020-08-26,50,1,2,2,40,3,43,5,1
2020-08-27,48,5,2,0,43,3,45,4,1
2020-08-28,52,1,1,1,43,2,45,4,1
2020-08-29,23,3,1,2,42,2,44,3,1
2020-08-30,37,1,3,1,45,2,47,3,1
2020-08-31,52,2,6,0,45,2,47,3,1
2020-09-01,55,4,1,0,45,2,48,2,1
2020-09-02,48,6,1,1,45,3,48,2,1
2020-09-03,35,4,1,0,43,3,46,2,1
2020-09-04,30,4,2,1,40,3,43,2,1
2020-09-05,22,0,2,0,40,3,43,2,0
2020-09-06,27,6,3,1,38,4,42,2,0
2020-09-07,40,4,2,0,37,4,41,2,0
2020-09-08,58,5,3,0,37,4,41,2,0
2020-09-09,71,4,3,0,40,4,44,2,0
2020-09-10,57,8,4,0,44,4,48,3,0
2020-09-11,54,5,5,0,47,5,52,3,0
2020-09-12,36,3,1,0,49,5,54,3,0
2020-09-13,45,4,1,0,52,5,56,3,0
2020-09-14,77,3,6,0,57,5,61,3,0
2020-09-15,64,4,4,1,58,4,62,3,0
2020-09-16,84,3,4,1,60,4,64,4,0
2020-09-17,88,6,4,0,64,4,68,4,0
2020-09-18,46,5,5,0,63,4,67,4,0
2020-09-19,48,8,4,1,65,5,69,4,0
2020-09-20,46,5,3,1,65,5,70,4,1
2020-09-21,75,4,0,1,64,5,69,3,1
2020-09-22,88,5,2,0,68,5,73,3,1
2020-09-23,100,4,2,2,70,5,75,3,1
2020-09-24,82,6,6,3,69,5,75,3,1
2020-09-25,69,6,6,1,73,5,78,3,1
2020-09-26,35,4,3,0,71,5,76,3,1
2020-09-27,35,4,2,2,69,5,74,3,1
2020-09-28,58,2,3,0,67,4,71,3,1
2020-09-29,95,9,9,0,68,5,73,4,1
2020-09-30,93,12,8,1,67,6,73,5,1
2020-10-01,120,9,5,0,72,7,79,5,1
2020-10-02,78,8,3,0,73,7,80,5,0
2020-10-03,57,2,4,0,77,7,83,5,0
2020-10-04,29,3,3,0,76,6,82,5,0
2020-10-05,84,24,2,0,79,10,89,5,0
2020-10-06,79,7,8,0,77,9,86,5,0
2020-10-07,74,8,5,1,74,9,83,4,0
2020-10-08,80,6,7,0,69,8,77,5,0
2020-10-09,74,7,4,0,68,8,76,5,0
2020-10-10,46,6,5,0,67,9,75,5,0
2020-10-11,29,8,5,2,67,9,76,5,0
2020-10-12,85,7,7,4,67,7,74,6,1
2020-10-13,100,23,2,0,70,9,79,5,1
2020-10-14,86,23,6,0,71,11,83,5,1
2020-10-15,90,27,5,2,73,14,87,5,1
2020-10-16,91,28,5,1,75,17,93,5,1
2020-10-17,61,9,4,0,77,18,95,5,1
2020-10-18,39,19,4,0,79,19,98,5,1
2020-10-19,101,26,11,0,81,22,103,5,0
2020-10-20,104,28,9,0,82,23,105,6,0
2020-10-21,118,28,4,1,86,24,110,6,1
2020-10-22,137,28,10,0,93,24,117,7,0
2020-10-23,78,34,6,2,91,25,116,7,0
2020-10-24,58,20,5,0,91,26,117,7,0
2020-10-25,48,28,3,2,92,27,119,7,1
2020-10-26,118,44,7,1,94,30,124,6,1
2020-10-27,129,45,4,2,98,32,130,6,1
2020-10-28,135,46,4,0,100,35,135,6,1
2020-10-29,117,44,9,1,98,37,135,5,1
2020-10-30,102,47,5,2,101,39,140,5,1
2020-10-31,52,28,5,0,100,40,140,5,1
2020-11-01,66,43,9,0,103,42,145,6,1
2020-11-02,144,52,7,1,106,44,150,6,1
2020-11-03,158,51,12,2,111,44,155,7,1
2020-11-04,199,73,10,0,120,48,168,8,1
2020-11-05,212,75,14,0,133,53,186,9,1
2020-11-06,179,68,14,0,144,56,200,10,0
2020-11-07,148,77,6,2,158,63,221,10,1
2020-11-08,133,75,7,0,168,67,235,10,1
2020-11-09,268,111,8,1,185,76,261,10,1
2020-11-10,311,84,9,2,207,80,288,10,1
2020-11-11,290,107,17,3,220,85,305,11,1
2020-11-12,300,106,10,2,233,90,322,10,1
2020-11-13,263,102,9,1,245,95,339,9,2
2020-11-14,159,68,11,1,246,93,340,10,1
2020-11-15,134,71,13,1,246,93,339,11,2
2020-11-16,332,99,15,4,256,91,347,12,2
2020-11-17,288,103,13,0,252,94,346,13,2
2020-11-18,336,95,13,0,259,92,351,12,1
2020-11-19,347,89,15,1,266,90,355,13,1
2020-11-20,328,85,18,1,275,87,362,14,1
2020-11-21,196,53,14,3,280,85,365,14,1
2020-11-22,159,76,14,0,284,86,369,15,1
2020-11-23,411,96,16,1,295,85,380,15,1
2020-11-24,372,104,12,6,307,85,392,15,2
2020-11-25,384,131,12,1,314,91,404,14,2
2020-11-26,138,76,27,3,284,89,373,16,2
2020-11-27,386,147,24,2,292,98,390,17,2
2020-11-28,329,104,19,3,311,105,416,18,2
2020-11-29,299,96,18,1,331,108,439,18,2
2020-11-30,424,128,33,1,333,112,445,21,2
2020-12-01,551,188,21,3,359,124,483,22,2
2020-12-02,502,149,23,2,376,127,502,24,2
2020-12-03,455,159,19,9,421,139,560,22,3
2020-12-04,402,122,22,2,423,135,558,22,3
2020-12-05,210,86,27,2,406,133,539,23,3
2020-12-06,216,109,19,2,394,134,529,23,3
2020-12-07,449,158,27,2,398,139,537,23,3
2020-12-08,450,158,35,1,383,134,518,25,3
2020-12-09,495,140,46,2,382,133,516,28,3
2020-12-10,463,159,28,6,384,133,517,29,2
2020-12-11,492,175,32,2,396,141,537,31,2
2020-12-12,297,90,28,3,409,141,550,31,3
2020-12-13,297,143,32,9,420,146,567,33,4
2020-12-14,501,148,36,3,428,145,573,34,4
2020-12-15,551,159,40,4,442,145,587,35,4
2020-12-16,454,132,21,3,436,144,580,31,4
2020-12-17,336,138,30,7,418,141,559,31,4
2020-12-18,521,140,37,3,422,136,558,32,5
2020-12-19,331,89,32,4,427,136,563,33,5
2020-12-20,295,98,32,7,427,129,556,33,4
2020-12-21,598,146,58,12,441,129,570,36,6
2020-12-22,549,126,50,8,441,124,565,37,6
2020-12-23,525,108,43,7,451,121,571,40,7
2020-12-24,433,85,37,5,465,113,578,41,7
2020-12-25,153,85,50,6,412,105,517,43,7
2020-12-26,427,114,34,7,426,109,535,43,7
2020-12-27,314,125,31,10,428,113,541,43,8
2020-12-28,679,158,55,4,440,114,554,43,7
2020-12-29,613,126,56,9,449,114,564,44,7
2020-12-30,661,153,41,5,469,121,589,43,7
2020-12-31,396,102,41,3,463,123,587,44,6
2021-01-01,163,122,36,3,465,129,593,42,6
2021-01-02,519,176,48,5,478,137,615,44,6
2021-01-03,396,159,36,5,490,142,632,45,5
2021-01-04,917,260,62,6,524,157,680,46,5
2021-01-05,890,220,53,11,563,170,733,45,5
2021-01-06,760,222,44,2,577,180,757,46,5
2021-01-07,799,174,35,14,635,190,825,45,7
2021-01-08,780,167,33,10,723,197,920,44,8
2021-01-09,447,129,35,11,713,190,903,43,8
2021-01-10,366,141,48,3,708,188,896,44,8
2021-01-11,845,194,55,6,698,178,876,43,8
2021-01-12,671,171,49,10,667,171,838,43,8
2021-01-13,697,197,60,6,658,168,825,45,9
2021-01-14,748,181,62,7,651,169,819,49,8
2021-01-15,663,145,48,14,634,165,799,51,8
2021-01-16,444,130,53,5,633,166,799,54,7
2021-01-17,395,160,55,6,638,168,806,55,8
2021-01-18,601,195,54,8,603,168,771,54,8
2021-01-19,723,211,63,11,610,174,784,56,8
2021-01-20,727,197,49,10,614,174,789,55,9
2021-01-21,723,170,63,13,611,173,783,55,10
2021-01-22,707,188,57,9,617,179,796,56,9
2021-01-23,500,175,53,10,625,185,810,56,10
2021-01-24,413,164,49,9,628,186,813,55,10
2021-01-25,876,231,64,12,667,191,858,57,11
2021-01-26,764,222,50,12,673,192,865,55,11
2021-01-27,822,206,57,23,686,194,880,56,13
2021-01-28,755,187,52,18,691,196,887,55,13
2021-01-29,529,163,68,10,666,193,858,56,13
2021-01-30,359,129,47,9,645,186,831,55,13
2021-01-31,334,189,38,9,634,190,824,54,13
2021-02-01,189,98,41,5,536,171,707,50,12
2021-02-02,441,93,58,8,490,152,642,52,12
2021-02-03,822,204,69,14,490,152,642,53,10
2021-02-04,705,198,74,15,483,153,636,56,10
2021-02-05,537,213,67,12,484,161,644,56,10
2021-02-06,389,156,66,10,488,164,653,59,10
2021-02-07,202,130,38,14,469,156,625,59,11
2021-02-08,610,173,60,17,529,167,696,62,13
2021-02-09,518,170,56,13,540,178,718,61,14
2021-02-10,569,183,43,9,504,175,679,58,13
2021-02-11,548,172,51,14,482,171,653,54,13
2021-02-12,494,137,48,9,476,160,636,52,12
2021-02-13,276,147,42,15,460,159,618,48,13
2021-02-14,245,116,33,17,466,157,623,48,13
2021-02-15,366,89,47,13,431,145,576,46,13
2021-02-16,611,158,53,6,444,143,587,45,12
2021-02-17,540,158,40,7,440,140,580,45,12
2021-02-18,410,151,38,8,420,137,557,43,11
2021-02-19,462,160,42,11,416,140,556,42,11
2021-02-20,347,145,41,9,426,140,565,42,10
2021-02-21,318,57,34,5,436,131,567,42,8
2021-02-22,547,166,53,10,462,142,604,43,8
2021-02-23,533,169,46,12,451,144,595,42,9
2021-02-24,568,189,48,19,455,148,603,43,11
2021-02-25,513,151,45,12,470,148,618,44,11
2021-02-26,517,168,54,19,478,149,627,46,12
2021-02-27,248,126,32,8,463,147,610,45,12
2021-02-28,252,138,28,11,454,158,612,44,13
2021-03-01,531,200,49,8,452,163,615,43,13
2021-03-02,495,177,48,6,446,164,610,43,12
2021-03-03,521,189,49,16,440,164,604,44,11
2021-03-04,496,164,51,11,437,166,603,44,11
2021-03-05,403,156,33,11,421,164,585,41,10
2021-03-06,259,129,36,12,422,165,587,42,11
2021-03-07,238,143,36,9,420,165,586,43,10
2021-03-08,491,182,52,12,415,163,578,44,11
2021-03-09,527,192,46,11,419,165,584,43,12
2021-03-10,518,172,36,7,419,163,581,41,10
2021-03-11,464,142,44,7,414,159,574,40,10
2021-03-12,486,138,36,14,426,157,583,41,10
2021-03-13,284,108,34,8,430,154,584,41,10
2021-03-14,224,124,30,5,428,151,579,40,9
2021-03-15,449,179,35,13,422,151,572,37,9
2021-03-16,491,175,40,8,417,148,565,36,9
2021-03-17,506,217,45,12,415,155,570,38,10
2021-03-18,446,201,32,11,412,163,575,36,10
2021-03-19,429,174,35,10,404,168,572,36,10
2021-03-20,270,146,30,9,402,174,576,35,10
2021-03-21,234,138,29,9,404,176,579,35,10
2021-03-22,579,223,48,7,422,182,604,37,9
2021-03-23,471,188,33,10,419,184,603,36,10
2021-03-24,526,202,22,4,422,182,604,33,9
2021-03-25,587,212,30,11,442,183,626,32,9
2021-03-26,494,185,36,5,452,185,636,33,8
2021-03-27,268,157,33,12,451,186,638,33,8
2021-03-28,224,155,19,7,450,189,639,32,8
2021-03-29,485,197,37,6,436,185,622,30,8
2021-03-30,472,189,34,2,437,185,622,30,7
2021-03-31,517,155,26,9,435,179,614,31,7
2021-04-01,445,157,36,7,415,171,586,32,7
2021-04-02,381,155,34,5,399,166,565,31,7
2021-04-03,233,96,27,6,394,158,552,30,6
2021-04-04,180,90,21,7,388,148,536,31,6
2021-04-05,466,169,29,7,385,144,529,30,6
2021-04-06,463,181,27,4,384,143,527,29,6
2021-04-07,412,140,22,7,369,141,510,28,6
2021-04-08,322,122,26,7,351,136,487,27,6
2021-04-09,321,125,28,9,342,132,474,26,7
2021-04-10,196,84,25,6,337,130,467,25,7
2021-04-11,148,90,17,9,333,130,463,25,7
2021-04-12,332,113,32,5,313,122,436,25,7
2021-04-13,344,107,30,5,296,112,408,26,7
2021-04-14,319,110,25,7,283,107,390,26,7
2021-04-15,283,86,28,9,278,102,380,26,7
2021-04-16,227,99,21,4,264,98,363,25,6
2021-04-17,129,69,16,5,255,96,351,24,6
2021-04-18,127,63,12,7,252,92,344,23,6
2021-04-19,231,73,20,5,237,87,324,22,6
2021-04-20,222,71,19,2,220,82,301,20,6
2021-04-21,181,63,11,4,200,75,275,18,5
2021-04-22,142,59,13,4,180,71,251,16,4
2021-04-23,129,37,19,6,166,62,228,16,5
2021-04-24,87,47,12,6,160,59,219,15,5
2021-04-25,75,46,17,3,152,57,209,16,4
2021-04-26,167,46,16,2,143,53,196,15,4
2021-04-27,145,54,8,5,132,50,183,14,4
2021-04-28,129,53,19,4,125,49,174,15,4
2021-04-29,150,41,18,3,126,46,172,16,4
2021-04-30,103,40,11,5,122,47,169,14,4
2021-05-01,63,36,13,5,119,45,164,15,4
2021-05-02,49,25,8,3,115,42,157,13,4
2021-05-03,127,35,11,4,109,41,150,13,4
2021-05-04,102,41,11,1,103,39,142,13,4
2021-05-05,107,22,9,4,100,34,134,12,4
2021-05-06,100,25,16,6,93,32,125,11,4
2021-05-07,80,29,9,3,90,30,120,11,4
2021-05-08,41,16,11,4,87,28,114,11,4
2021-05-09,48,20,9,3,86,27,113,11,4
2021-05-10,89,18,9,3,81,24,105,11,3
2021-05-11,70,22,8,7,76,22,98,10,4
2021-05-12,68,30,11,2,71,23,94,10,4
2021-05-13,75,14,7,3,67,21,89,9,4
2021-05-14,58,26,10,3,64,21,85,9,4
2021-05-15,33,5,2,1,63,19,82,8,3
2021-05-16,31,16,4,3,61,19,79,7,3
2021-05-17,71,19,10,0,58,19,77,7,3
2021-05-18,60,10,6,3,57,17,74,7,2
2021-05-19,41,17,8,1,53,15,68,7,2
2021-05-20,51,16,7,4,49,16,65,7,2
2021-05-21,48,6,9,2,48,13,61,7,2
2021-05-22,28,13,4,2,47,14,61,7,2
2021-05-23,17,8,6,0,45,13,58,7,2
2021-05-24,51,16,4,1,42,12,55,6,2
2021-05-25,37,16,5,0,39,13,52,6,1
2021-05-26,40,7,3,1,39,12,51,5,1
2021-05-27,39,16,10,2,37,12,49,6,1
2021-05-28,23,6,5,2,34,12,45,5,1
2021-05-29,23,7,4,0,33,11,44,5,1
2021-05-30,16,7,5,0,33,11,43,5,1
2021-05-31,20,4,3,3,28,9,37,5,1
2021-06-01,52,4,4,2,30,7,38,5,1
2021-06-02,33,8,4,1,29,7,37,5,1
2021-06-03,24,7,3,1,27,6,33,4,1
2021-06-04,34,9,4,1,29,7,35,4,1
2021-06-05,17,9,3,0,28,7,35,4,1
2021-06-06,23,4,1,1,29,6,35,3,1
2021-06-07,32,9,1,0,31,7,38,3,1
2021-06-08,27,11,6,1,27,8,35,3,1
2021-06-09,40,8,1,0,28,8,36,3,1
2021-06-10,30,10,3,1,29,9,38,3,1
2021-06-11,38,12,5,1,30,9,39,3,1
2021-06-12,14,9,3,1,29,9,38,3,1
2021-06-13,19,4,2,2,29,9,38,3,1
2021-06-14,29,8,2,1,28,9,37,3,1
2021-06-15,36,8,1,1,29,8,38,2,1
2021-06-16,30,14,5,4,28,9,37,3,2
2021-06-17,26,5,2,2,27,9,36,3,2
2021-06-18,15,4,4,1,24,7,32,3,2
2021-06-19,22,9,1,1,25,7,33,2,2
2021-06-20,14,7,2,0,25,8,32,2,1
2021-06-21,25,8,4,0,24,8,32,3,1
2021-06-22,33,10,3,2,24,8,32,3,1
2021-06-23,39,9,3,0,25,7,32,3,1
2021-06-24,30,9,1,0,25,8,33,3,1
2021-06-25,28,11,2,1,27,9,36,2,1
2021-06-26,15,10,2,1,26,9,35,2,1
2021-06-27,19,7,3,0,27,9,36,3,1
2021-06-28,45,18,5,1,30,11,40,3,1
2021-06-29,42,7,4,0,31,10,41,3,0
2021-06-30,43,24,4,1,32,12,44,3,1
2021-07-01,29,9,3,0,32,12,44,3,1
2021-07-02,61,14,5,1,36,13,49,4,1
2021-07-03,29,18,5,1,38,14,52,4,1
2021-07-04,25,11,5,0,39,14,54,4,1
2021-07-05,32,19,3,0,37,15,52,4,0
2021-07-06,77,20,3,0,42,16,59,4,0
2021-07-07,72,21,3,0,46,16,62,4,0
2021-07-08,80,27,3,1,54,19,72,4,0
2021-07-09,84,32,7,0,57,21,78,4,0
2021-07-10,49,33,3,0,60,23,83,4,0
2021-07-11,53,30,2,0,64,26,90,3,0
2021-07-12,86,47,2,0,72,30,102,3,0
2021-07-13,101,55,3,0,75,35,110,3,0
2021-07-14,143,49,7,0,85,39,124,4,0
2021-07-15,128,63,6,0,92,44,136,4,0
2021-07-16,121,55,3,2,97,47,145,4,0
2021-07-17,60,38,5,1,99,48,147,4,0
2021-07-18,83,44,4,0,103,50,153,4,0
2021-07-19,176,71,8,0,116,54,170,5,0
2021-07-20,162,58,8,0,125,54,179,6,0
2021-07-21,198,74,6,0,133,58,190,6,0
2021-07-22,226,84,6,1,147,61,207,6,1
2021-07-23,200,82,6,2,158,64,222,6,1
2021-07-24,111,56,7,0,165,67,232,6,0
2021-07-25,118,68,7,1,170,70,241,7,1
2021-07-26,261,88,12,1,182,73,255,7,1
2021-07-27,253,92,7,1,195,78,273,7,1
2021-07-28,275,77,14,2,206,78,284,8,1
2021-07-29,234,75,14,2,207,77,284,10,1
2021-07-30,251,69,11,2,215,75,290,10,1
2021-07-31,152,54,7,1,221,75,295,10,1
2021-08-01,151,62,5,2,225,74,299,10,2
2021-08-02,303,106,9,1,231,76,308,10,2
2021-08-03,344,104,10,1,244,78,322,10,2
2021-08-04,329,83,9,0,252,79,331,9,1
2021-08-05,322,95,19,1,265,82,346,10,1
2021-08-06,286,71,16,4,270,82,352,11,1
2021-08-07,179,47,12,2,273,81,355,11,2
2021-08-08,162,59,16,0,275,81,356,13,1
2021-08-09,308,75,15,3,276,76,352,14,2
2021-08-10,306,71,16,1,270,72,342,15,2
2021-08-11,354,50,12,3,274,67,341,15,2
2021-08-12,324,77,19,3,274,64,338,15,2
2021-08-13,294,77,15,1,275,65,340,15,2
2021-08-14,206,62,11,1,279,67,346,15,2
2021-08-15,198,56,24,1,284,67,351,16,2
2021-08-16,352,78,15,1,291,67,358,16,2
2021-08-17,300,87,17,2,290,70,359,16,2
2021-08-18,362,92,16,0,291,76,366,17,1
2021-08-19,324,90,13,1,291,77,368,16,1
2021-08-20,296,73,18,0,291,77,368,16,1
2021-08-21,183,64,17,1,288,77,365,17,1
2021-08-22,98,50,16,0,274,76,350,16,1
2021-08-23,368,102,19,0,276,80,356,17,1
2021-08-24,349,101,15,1,283,82,365,16,0
2021-08-25,371,98,19,1,284,83,367,17,1
2021-08-26,325,104,11,2,284,85,369,16,1
2021-08-27,266,61,13,2,280,83,363,16,1
2021-08-28,153,66,14,1,276,83,359,15,1
2021-08-29,162,42,11,0,285,82,367,15,1
2021-08-30,373,94,13,1,286,81,366,14,1
2021-08-31,305,85,25,2,279,79,358,15,1
2021-09-01,348,68,21,2,276,74,350,15,1
2021-09-02,263,63,6,3,267,68,336,15,2
2021-09-03,248,55,11,1,265,68,332,14,1
2021-09-04,154,49,13,1,265,65,330,14,1
2021-09-05,158,48,10,3,264,66,330,14,2
2021-09-06,181,39,10,0,237,58,295,14,2
2021-09-07,307,67,25,0,237,56,293,14,1
2021-09-08,371,104,21,3,240,61,301,14,2
2021-09-09,313,114,11,3,247,68,315,14,2
2021-09-10,302,90,11,1,255,73,328,14,2
2021-09-11,171,54,12,0,258,74,331,14,1
2021-09-12,222,57,14,2,267,75,342,15,1
2021-09-13,369,84,24,1,294,81,375,17,1
2021-09-14,311,93,20,1,294,85,379,16,2
2021-09-15,320,72,7,0,287,81,367,14,1
2021-09-16,284,81,11,2,283,76,359,14,1
2021-09-17,322,96,19,1,286,77,362,15,1
2021-09-18,138,48,17,1,281,76,357,16,1
2021-09-19,162,67,13,1,272,77,350,16,1
2021-09-20,295,86,19,2,262,78,339,15,1
2021-09-21,284,85,14,2,258,76,334,14,1
2021-09-22,280,65,14,1,252,75,328,15,1
2021-09-23,223,80,11,1,243,75,319,15,1
2021-09-24,238,59,11,0,231,70,301,14,1
2021-09-25,131,50,5,1,230,70,301,12,1
2021-09-26,139,54,7,0,227,68,296,12,1
2021-09-27,254,69,7,3,221,66,287,10,1
2021-09-28,211,58,10,2,211,62,273,9,1
2021-09-29,211,67,8,1,201,62,263,8,1
2021-09-30,200,61,7,0,198,60,257,8,1
2021-10-01,213,70,8,1,194,61,255,7,1
2021-10-02,121,44,5,0,193,60,253,7,1
2021-10-03,95,47,9,3,186,59,246,8,1
2021-10-04,221,65,9,1,182,59,241,8,1
2021-10-05,224,62,14,0,184,59,243,9,1
2021-10-06,219,68,11,2,185,60,244,9,1
2021-10-07,181,75,8,3,182,62,244,9,1
2021-10-08,167,57,11,2,175,60,235,10,2
2021-10-09,95,43,10,1,172,60,231,10,2
2021-10-10,94,40,7,3,172,59,230,10,2
2021-10-11,173,54,10,0,165,57,222,10,2
2021-10-12,201,51,9,0,161,55,217,9,2
2021-10-13,227,46,14,0,163,52,215,10,1
2021-10-14,174,44,8,1,162,48,209,10,1
2021-10-15,164,27,14,0,161,44,205,10,1
2021-10-16,55,33,5,0,155,42,198,10,1
2021-10-17,80,31,8,1,153,41,194,10,0
2021-10-18,142,54,2,1,149,41,190,9,0
2021-10-19,136,32,8,3,140,38,178,8,1
2021-10-20,157,40,8,1,130,37,167,8,1
2021-10-21,131,38,3,1,124,36,160,7,1
2021-10-22,131,41,5,1,119,38,157,6,1
2021-10-23,94,24,6,0,124,37,162,6,1
2021-10-24,68,23,7,0,123,36,159,6,1
2021-10-25,169,45,4,0,127,35,161,6,1
2021-10-26,100,31,4,1,121,35,156,5,1
2021-10-27,146,49,7,1,120,36,156,5,1
2021-10-28,121,39,10,1,118,36,154,6,1
2021-10-29,123,47,8,1,117,37,154,7,1
2021-10-30,61,32,3,4,113,38,151,6,1
2021-10-31,59,30,8,1,111,39,150,6,1
2021-11-01,141,52,4,1,107,40,147,6,1
2021-11-02,173,53,4,0,118,43,161,6,1
2021-11-03,181,65,5,1,123,45,168,6,1
2021-11-04,208,56,2,0,135,48,183,5,1
2021-11-05,147,72,4,0,139,51,190,4,1
2021-11-06,74,53,4,0,140,54,195,4,0
2021-11-07,104,42,1,1,147,56,203,3,0
2021-11-08,230,79,2,1,160,60,220,3,0
2021-11-09,243,65,5,0,170,62,231,3,0
2021-11-10,235,70,4,1,177,62,240,3,0
2021-11-11,167,61,3,0,171,63,235,3,0
2021-11-12,201,67,6,1,179,62,242,4,1
2021-11-13,105,51,4,0,184,62,246,4,1
2021-11-14,142,49,4,0,189,63,252,4,0
2021-11-15,254,65,11,2,192,61,254,5,1
2021-11-16,286,58,9,1,199,60,259,6,1
2021-11-17,281,75,9,2,205,61,266,7,1
2021-11-18,297,94,2,0,224,66,289,6,1
2021-11-19,268,73,6,1,233,66,300,6,1
2021-11-20,143,57,6,1,239,67,306,7,1
2021-11-21,149,60,9,0,240,69,309,7,1
2021-11-22,297,89,6,0,246,72,318,7,1
2021-11-23,286,64,3,0,246,73,319,6,1
2021-11-24,255,75,11,1,242,73,315,6,0
2021-11-25,103,52,5,0,214,67,282,7,0
2021-11-26,198,73,10,1,204,67,272,7,0
2021-11-27,157,67,13,1,206,69,275,8,0
2021-11-28,191,68,6,0,212,70,282,8,0
2021-11-29,455,131,10,1,235,76,311,8,1
2021-11-30,395,80,10,0,251,78,329,9,1
2021-12-01,395,104,18,0,271,82,353,10,0
2021-12-02,396,106,13,1,312,90,402,11,1
2021-12-03,319,87,17,1,330,92,422,12,1
2021-12-04,187,100,14,1,334,97,431,13,1
2021-12-05,238,84,16,4,341,99,440,14,1
2021-12-06,580,158,16,1,359,103,461,15,1
2021-12-07,676,164,17,0,399,115,513,16,1
2021-12-08,808,195,19,0,458,128,585,16,1
2021-12-09,734,178,17,1,506,138,644,17,1
2021-12-10,728,177,26,1,564,151,715,18,1
2021-12-11,484,60,15,4,607,145,752,18,2
2021-12-12,790,211,15,0,686,163,849,18,1
2021-12-13,2375,364,36,2,942,193,1135,21,1
2021-12-14,4090,555,40,3,1430,249,1678,24,2
2021-12-15,4932,660,33,2,2019,315,2334,26,2
2021-12-16,4789,629,56,3,2598,379,2978,32,2
2021-12-17,4281,581,55,3,3106,437,3543,36,2
2021-12-18,2696,421,43,3,3422,489,3911,40,2
2021-12-19,2716,510,53,4,3697,531,4228,45,3
2021-12-20,7902,774,76,2,4487,590,5077,51,3
2021-12-21,7070,761,79,2,4912,619,5532,56,3
2021-12-22,6313,938,114,2,5110,659,5769,68,3
2021-12-23,6320,803,111,4,5328,684,6012,76,3
2021-12-24,3079,514,79,1,5157,674,5831,79,3
2021-12-25,1413,250,111,6,4973,650,5623,89,3
2021-12-26,3613,517,112,4,5101,651,5752,97,3
2021-12-27,8479,900,143,5,5184,669,5853,107,3
2021-12-28,7973,590,150,5,5313,645,5957,117,4
2021-12-29,7737,931,130,7,5516,644,6160,119,5
2021-12-30,7582,926,156,4,5697,661,6358,126,5
2021-12-31,4584,598,131,10,5912,673,6585,133,6
2022-01-01,1931,373,153,9,5986,691,6676,139,6
2022-01-02,5085,677,217,9,6196,714,6909,154,7
2022-01-03,9121,972,182,8,6288,724,7011,160,7
2022-01-04,8754,887,148,13,6399,766,7165,160,9
2022-01-05,7098,752,165,15,6308,741,7049,165,10
2022-01-06,6337,703,152,24,6130,709,6839,164,13
2022-01-07,4351,495,134,16,6097,694,6791,164,13
2022-01-08,2526,345,122,11,6182,690,6872,160,14
2022-01-09,2112,330,126,16,5757,641,6398,147,15
2022-01-10,4065,492,151,21,5035,572,5607,143,17
2022-01-11,2882,400,120,22,4196,502,4698,139,18
2022-01-12,3209,382,116,25,3640,450,4090,132,19
2022-01-13,2548,311,119,24,3099,394,3493,127,19
2022-01-14,2325,270,115,17,2810,361,3171,124,19
2022-01-15,987,158,71,19,2590,335,2924,117,21
2022-01-16,1178,164,63,20,2456,311,2767,108,21
2022-01-17,1649,205,84,12,2111,270,2381,98,20
2022-01-18,2064,214,85,16,1994,243,2238,93,19
2022-01-19,1740,162,66,15,1784,212,1996,86,18
2022-01-20,1436,127,85,24,1626,186,1811,81,18
2022-01-21,1151,108,72,15,1458,163,1620,75,17
2022-01-22,536,98,44,7,1393,154,1547,71,16
2022-01-23,606,100,41,19,1312,145,1457,68,15
2022-01-24,1224,109,62,11,1251,131,1382,65,15
2022-01-25,1000,107,43,19,1099,116,1215,59,16
2022-01-26,901,81,45,17,979,104,1083,56,16
2022-01-27,786,63,41,11,886,95,981,50,14
2022-01-28,569,73,40,17,803,90,893,45,14
2022-01-29,147,37,21,16,748,81,829,42,16
2022-01-30,320,50,15,10,707,74,781,38,14
2022-01-31,639,61,20,15,623,67,691,32,15
2022-02-01,520,47,22,11,555,59,613,29,14
2022-02-02,528,57,14,14,501,55,557,25,13
2022-02-03,418,48,16,13,449,53,502,21,14
2022-02-04,324,33,28,11,414,48,461,19,13
2022-02-05,195,45,17,9,421,49,469,19,12
2022-02-06,219,44,16,9,406,48,454,19,12
2022-02-07,369,41,19,4,368,45,413,19,10
2022-02-08,376,33,13,6,347,43,390,18,9
2022-02-09,342,31,15,8,320,39,360,18,9
2022-02-10,298,29,14,6,303,37,340,17,8
2022-02-11,236,29,11,7,291,36,327,15,7
2022-02-12,146,28,13,5,284,34,317,14,6
2022-02-13,105,22,10,4,267,30,298,14,6
2022-02-14,277,23,11,3,254,28,282,12,6
2022-02-15,269,34,7,5,239,28,267,12,5
2022-02-16,250,34,9,2,226,28,254,11,5
2022-02-17,232,36,17,12,216,29,246,11,5
2022-02-18,149,32,8,7,204,30,234,11,5
2022-02-19,123,22,6,2,201,29,230,10,5
2022-02-20,118,16,4,0,203,28,231,9,4
2022-02-21,161,30,8,3,186,29,215,8,4
2022-02-22,192,24,2,2,175,28,203,8,4
2022-02-23,259,33,7,2,176,28,204,7,4
2022-02-24,203,22,9,3,172,26,198,6,3
2022-02-25,165,12,4,2,174,23,197,6,2
2022-02-26,109,28,6,1,172,24,196,6,2
2022-02-27,115,23,4,5,172,25,197,6,3
2022-02-28,248,33,8,2,184,25,209,6,2
2022-03-01,230,27,8,2,190,25,215,7,2
2022-03-02,235,34,3,2,186,26,212,6,2
2022-03-03,230,27,8,1,190,26,217,6,2
2022-03-04,150,22,7,1,188,28,216,6,2
2022-03-05,107,16,3,1,188,26,214,6,2
2022-03-06,109,24,3,1,187,26,213,6,1
2022-03-07,241,33,5,0,186,26,212,5,1
2022-03-08,238,32,5,0,187,27,214,5,1
2022-03-09,228,41,2,2,186,28,214,5,1
2022-03-10,259,53,2,3,190,32,222,4,1
2022-03-11,204,29,5,1,198,33,231,4,1
2022-03-12,101,20,3,1,197,33,230,4,1
2022-03-13,151,42,2,1,203,36,239,3,1
2022-03-14,320,37,7,2,214,36,251,4,1
2022-03-15,300,40,7,4,223,37,261,4,2
2022-03-16,349,47,5,0,241,38,279,4,2
2022-03-17,288,35,2,1,245,36,280,4,1
2022-03-18,319,57,3,2,261,40,301,4,2
2022-03-19,174,45,9,0,272,43,315,5,1
2022-03-20,251,45,4,3,286,44,330,5,2
2022-03-21,554,59,6,1,319,47,366,5,2
2022-03-22,497,82,7,1,347,53,400,5,1
2022-03-23,491,83,7,0,368,58,426,5,1
2022-03-24,447,83,2,2,390,65,455,5,1
2022-03-25,411,94,9,0,404,70,474,6,1
2022-03-26,217,50,5,1,410,71,481,6,1
2022-03-27,271,60,2,1,413,73,486,5,1
2022-03-28,572,73,6,2,415,75,490,5,1
2022-03-29,494,89,2,0,415,76,491,5,1
2022-03-30,549,91,6,0,423,77,500,5,1
2022-03-31,588,92,15,0,443,78,522,6,1
2022-04-01,476,97,14,1,452,79,531,7,1
2022-04-02,311,69,8,0,466,82,547,8,1
2022-04-03,305,97,6,1,471,87,558,8,1
2022-04-04,793,113,14,2,502,93,595,9,1
2022-04-05,720,113,5,0,535,96,631,10,1
2022-04-06,822,105,8,0,574,98,672,10,1
2022-04-07,776,104,9,0,600,100,700,9,1
2022-04-08,644,100,12,0,624,100,725,9,0
2022-04-09,403,97,8,2,638,104,742,9,1
2022-04-10,450,96,15,0,658,104,762,10,1
2022-04-11,935,133,14,1,679,107,785,10,0
2022-04-12,889,103,11,1,703,105,808,11,1
2022-04-13,906,133,9,0,715,109,824,11,1
2022-04-14,802,144,12,2,718,115,834,12,1
2022-04-15,673,109,6,2,723,116,839,11,1
2022-04-16,323,95,8,0,711,116,827,11,1
2022-04-17,302,95,13,0,690,116,806,10,1
2022-04-18,765,132,11,0,666,116,782,10,1
2022-04-19,733,142,12,0,643,121,765,10,1
2022-04-20,684,119,7,0,612,119,731,10,1
2022-04-21,551,111,11,0,576,115,691,10,0
2022-04-22,464,102,23,2,546,114,660,12,0
2022-04-23,338,99,11,0,548,114,662,13,0
2022-04-24,350,84,11,0,555,113,668,12,0
2022-04-25,761,162,20,2,554,117,671,14,1
2022-04-26,901,139,11,2,578,117,695,13,1
2022-04-27,758,145,23,0,589,120,709,16,1
2022-04-28,691,106,18,3,609,120,729,17,1
2022-04-29,816,107,15,1,659,120,780,16,1
2022-04-30,382,125,15,0,666,124,790,16,1
2022-05-01,592,128,14,0,700,130,830,17,1
2022-05-02,1195,163,14,3,762,130,893,16,1
2022-05-03,1018,209,19,1,779,140,919,17,1
2022-05-04,961,189,24,2,808,147,955,17,1
2022-05-05,799,172,20,2,823,156,979,17,1
2022-05-06,706,133,17,0,808,160,967,18,1
2022-05-07,441,147,16,1,816,163,979,18,1
2022-05-08,459,164,13,0,797,168,965,18,1
2022-05-09,1009,221,26,1,770,176,947,19,1
2022-05-10,911,206,19,1,755,176,931,19,1
2022-05-11,956,201,14,1,754,178,932,18,1
2022-05-12,861,183,24,1,763,179,943,18,1
2022-05-13,713,187,21,0,764,187,951,19,1
2022-05-14,508,168,21,3,774,190,964,20,1
2022-05-15,451,184,11,2,773,193,966,19,1
2022-05-16,976,237,28,0,768,195,963,20,1
2022-05-17,967,231,31,2,776,199,975,21,1
2022-05-18,931,248,31,0,772,205,978,24,1
2022-05-19,791,209,13,1,762,209,972,22,1
2022-05-20,762,194,22,2,769,210,980,22,1
2022-05-21,576,155,18,3,779,208,987,22,1
2022-05-22,598,164,22,1,800,205,1006,24,1
2022-05-23,1094,238,34,2,817,206,1023,24,2
2022-05-24,961,204,15,2,816,202,1018,22,2
2022-05-25,886,207,23,0,810,196,1006,21,2
2022-05-26,727,160,23,0,801,189,989,22,1
2022-05-27,695,67,13,2,791,171,962,21,1
2022-05-28,483,50,15,2,778,156,933,21,1
2022-05-29,404,119,11,1,750,149,899,19,1
2022-05-30,426,125,18,2,655,133,788,17,1
2022-05-31,1003,186,26,0,661,131,791,18,1
2022-06-01,803,185,14,2,649,127,776,17,1
2022-06-02,754,133,25,2,653,124,776,17,2
2022-06-03,654,125,14,1,647,132,779,18,1
2022-06-04,402,115,10,1,635,141,776,17,1
2022-06-05,395,116,13,3,634,141,775,17,2
2022-06-06,714,148,21,2,675,144,819,18,2
2022-06-07,603,151,11,2,618,139,757,15,2
2022-06-08,626,135,19,3,593,132,724,16,2
2022-06-09,566,121,28,2,566,130,696,17,2
2022-06-10,481,103,14,3,541,127,668,17,2
2022-06-11,254,113,16,1,520,127,647,17,2
2022-06-12,341,95,15,3,512,124,636,18,2
2022-06-13,656,128,17,0,504,121,625,17,2
2022-06-14,638,124,23,1,509,117,626,19,2
2022-06-15,596,156,18,2,505,120,625,19,2
2022-06-16,566,139,30,2,505,123,627,19,2
2022-06-17,519,118,18,1,510,125,635,20,1
2022-06-18,389,113,10,1,529,125,654,19,1
2022-06-19,368,85,12,0,533,123,656,18,1
2022-06-20,542,159,20,1,517,128,645,19,1
2022-06-21,850,127,28,3,547,128,675,19,1
2022-06-22,733,131,34,2,567,125,691,22,1
2022-06-23,690,121,28,1,584,122,706,21,1
2022-06-24,605,136,24,4,597,125,721,22,2
2022-06-25,462,110,22,0,607,124,731,24,2
2022-06-26,419,117,19,2,614,129,743,25,2
2022-06-27,832,194,27,5,656,134,790,26,2
2022-06-28,784,163,24,2,646,139,785,25,2
2022-06-29,831,199,27,2,660,149,809,24,2
2022-06-30,710,143,28,0,663,152,815,24,2
2022-07-01,681,175,22,0,674,157,831,24,2
2022-07-02,488,153,34,3,678,163,841,26,2
2022-07-03,492,143,21,2,688,167,855,26,2
2022-07-04,434,136,26,2,631,159,790,26,2
2022-07-05,1084,221,24,0,674,167,841,26,1
2022-07-06,961,194,30,0,693,166,859,26,1
2022-07-07,906,195,24,2,721,174,895,26,1
2022-07-08,778,182,29,0,735,175,910,27,1
2022-07-09,472,141,18,2,732,173,906,25,1
2022-07-10,522,147,28,3,737,174,910,26,1
2022-07-11,1040,198,34,3,823,183,1006,27,1
2022-07-12,850,159,37,2,790,174,964,29,2
2022-07-13,816,180,31,1,769,172,941,29,2
2022-07-14,762,181,26,1,749,170,918,29,2
2022-07-15,732,133,32,1,742,163,905,29,2
2022-07-16,445,105,39,1,738,158,896,32,2
2022-07-17,524,117,27,5,738,153,892,32,2
2022-07-18,852,168,30,1,712,149,861,32,2
2022-07-19,824,175,35,2,708,151,859,31,2
2022-07-20,762,176,37,2,700,151,851,32,2
2022-07-21,699,152,32,2,691,147,838,33,2
2022-07-22,624,150,31,0,676,149,825,33,2
2022-07-23,410,129,25,4,671,152,823,31,2
2022-07-24,397,111,27,2,653,152,804,31,2
2022-07-25,877,166,45,5,656,151,807,33,2
2022-07-26,757,166,32,2,647,150,797,33,2
2022-07-27,748,161,37,3,645,148,792,33,3
2022-07-28,630,136,26,3,635,146,780,32,3
2022-07-29,542,107,29,2,623,139,762,32,3
2022-07-30,310,88,25,5,609,134,742,32,3
2022-07-31,334,112,16,1,600,134,733,30,3
2022-08-01,727,147,40,5,578,131,709,29,3
2022-08-02,723,121,23,1,573,125,698,28,3
2022-08-03,654,61,25,1,560,110,670,26,3
2022-08-04,585,103,35,0,554,106,659,28,2
2022-08-05,523,79,38,3,551,102,652,29,2
2022-08-06,320,92,18,3,552,102,654,28,2
2022-08-07,286,80,24,1,545,98,643,29,2
2022-08-08,639,122,29,2,533,94,627,27,2
2022-08-09,506,133,33,3,502,96,598,29,2
2022-08-10,454,108,23,0,473,102,576,29,2
2022-08-11,419,95,33,1,450,101,551,28,2
2022-08-12,382,83,24,4,429,102,531,26,2
2022-08-13,253,63,19,3,420,98,518,26,2
2022-08-14,238,66,12,3,413,96,509,25,2
2022-08-15,506,111,19,1,394,94,488,23,2
2022-08-16,485,99,25,2,391,89,480,22,2
2022-08-17,413,79,16,2,385,85,470,21,2
2022-08-18,398,105,21,3,382,87,469,19,3
2022-08-19,414,80,26,3,387,86,473,20,2
2022-08-20,233,59,12,3,384,86,469,19,2
2022-08-21,210,75,15,3,380,87,467,19,2
2022-08-22,433,94,25,2,369,84,454,20,3
2022-08-23,443,102,28,2,363,85,448,20,3
2022-08-24,372,81,20,3,358,85,443,21,3
2022-08-25,345,81,20,1,350,82,432,21,2
2022-08-26,353,67,21,0,341,80,421,20,2
2022-08-27,220,49,12,1,339,78,418,20,2
2022-08-28,243,52,15,4,344,75,419,20,2
2022-08-29,429,82,20,1,344,73,417,19,2
2022-08-30,348,58,23,3,330,67,397,19,2
2022-08-31,335,96,23,3,325,69,394,19,2
2022-09-01,325,82,17,3,322,69,391,19,2
2022-09-02,279,62,20,2,311,69,380,19,2
2022-09-03,184,50,17,1,306,69,375,19,2
2022-09-04,195,50,14,2,299,69,368,19,2
2022-09-05,196,66,12,1,266,66,332,18,2
2022-09-06,397,81,13,1,273,70,343,17,2
2022-09-07,390,74,14,2,281,66,347,15,2
2022-09-08,324,60,19,1,281,63,344,16,1
2022-09-09,338,65,21,1,289,64,353,16,1
2022-09-10,208,75,18,0,293,67,360,16,1
2022-09-11,178,56,16,0,290,68,358,16,1
2022-09-12,449,112,22,0,326,75,401,18,1
2022-09-13,384,80,20,6,324,75,399,19,1
2022-09-14,405,80,11,0,327,75,402,18,1
2022-09-15,360,80,13,2,332,78,410,17,1
2022-09-16,321,71,13,4,329,79,408,16,2
2022-09-17,210,59,11,3,330,77,406,15,2
2022-09-18,242,70,11,1,339,79,418,14,2
2022-09-19,495,107,13,1,345,78,423,13,2
2022-09-20,412,79,21,1,349,78,427,13,2
2022-09-21,431,92,25,1,353,80,433,15,2
2022-09-22,321,78,8,1,347,79,427,15,2
2022-09-23,314,62,25,2,346,78,425,16,1
2022-09-24,197,47,15,1,345,76,421,17,1
2022-09-25,220,64,21,2,341,76,417,18,1
2022-09-26,447,90,16,0,335,73,408,19,1
2022-09-27,403,90,21,0,333,75,408,19,1
2022-09-28,416,79,18,2,331,73,404,18,1
2022-09-29,365,80,17,1,337,73,411,19,1
2022-09-30,313,71,20,2,337,74,412,18,1
2022-10-01,173,54,20,1,334,75,409,19,1
2022-10-02,208,66,20,0,332,76,408,19,1
2022-10-03,397,76,20,1,325,74,399,19,1
2022-10-04,360,70,22,1,319,71,390,20,1
2022-10-05,304,103,19,2,303,74,377,20,1
2022-10-06,437,74,34,2,313,73,387,22,1
2022-10-07,360,56,24,1,320,71,391,23,1
2022-10-08,187,59,12,2,322,72,394,22,1
2022-10-09,214,54,17,2,323,70,393,21,2
2022-10-10,377,70,24,3,320,69,389,22,2
2022-10-11,421,109,26,2,329,75,404,22,2
2022-10-12,427,100,15,0,346,75,421,22,2
2022-10-13,373,66,16,3,337,73,410,19,2
2022-10-14,324,73,25,2,332,76,408,19,2
2022-10-15,196,68,19,1,333,77,410,20,2
2022-10-16,182,72,13,1,329,80,408,20,2
2022-10-17,445,99,19,4,338,84,422,19,2
2022-10-18,407,108,27,2,336,84,420,19,2
2022-10-19,393,95,27,2,331,83,414,21,2
2022-10-20,353,69,24,4,329,83,412,22,2
2022-10-21,326,78,23,4,329,84,413,22,3
2022-10-22,232,60,18,1,334,83,417,22,3
2022-10-23,232,82,18,9,341,84,426,22,4
2022-10-24,482,119,21,4,346,87,434,23,4
2022-10-25,415,102,18,1,348,86,434,21,4
2022-10-26,455,95,25,3,356,86,443,21,4
2022-10-27,420,78,20,1,366,88,454,20,3
2022-10-28,376,95,17,3,373,90,463,20,3
2022-10-29,202,55,18,3,369,89,458,20,3
2022-10-30,246,72,24,2,371,88,459,20,2
2022-10-31,422,99,25,0,362,85,447,21,2
2022-11-01,416,103,23,1,362,85,448,22,2
2022-11-02,512,104,35,1,371,87,457,23,2
2022-11-03,443,122,24,2,374,93,467,24,2
2022-11-04,442,99,23,2,383,93,477,25,2
2022-11-05,262,89,20,4,392,98,490,25,2
2022-11-06,251,95,19,1,393,102,494,24,2
2022-11-07,542,126,24,0,410,105,515,24,2
2022-11-08,440,108,28,3,413,106,519,25,2
2022-11-09,422,103,26,4,400,106,506,23,2
2022-11-10,402,108,29,3,394,104,498,24,2
2022-11-11,317,69,32,5,377,100,476,25,3
2022-11-12,264,106,16,3,377,102,479,25,3
2022-11-13,247,81,22,1,376,100,476,25,3
2022-11-14,574,127,38,1,381,100,481,27,3
2022-11-15,490,114,23,6,388,101,489,27,3
2022-11-16,478,118,29,2,396,103,499,27,3
2022-11-17,355,134,26,3,389,107,496,27,3
2022-11-18,281,39,18,0,384,103,487,25,2
2022-11-19,214,83,21,2,377,99,476,25,2
2022-11-20,251,86,27,3,378,100,478,26,2
2022-11-21,605,133,38,3,382,101,483,26,3
2022-11-22,540,95,33,6,389,98,487,27,3
2022-11-23,561,148,33,1,401,103,504,28,3
2022-11-24,183,57,22,2,376,92,468,27,2
2022-11-25,419,41,27,3,396,92,488,29,3
2022-11-26,349,103,37,1,415,95,510,31,3
2022-11-27,352,37,35,1,430,88,518,32,2
2022-11-28,821,173,31,3,461,93,554,31,2
2022-11-29,709,161,28,0,485,103,588,30,2
2022-11-30,529,117,32,3,480,98,579,30,2
2022-12-01,545,139,33,2,532,110,642,32,2
2022-12-02,561,51,38,2,552,112,664,33,2
2022-12-03,277,99,38,5,542,111,653,34,2
2022-12-04,321,157,33,2,538,128,666,33,2
2022-12-05,734,170,35,3,525,128,653,34,2
2022-12-06,551,155,28,2,503,127,629,34,3
2022-12-07,662,131,46,4,522,129,650,36,3
2022-12-08,592,144,30,3,528,130,658,35,3
2022-12-09,608,134,32,4,535,141,676,35,3
2022-12-10,283,107,24,3,536,143,678,33,3
2022-12-11,262,116,25,6,527,137,664,31,4
2022-12-12,797,160,37,4,536,135,672,32,4
2022-12-13,737,195,48,2,563,141,704,35,4
2022-12-14,669,151,39,1,564,144,708,34,3
2022-12-15,503,120,44,4,551,140,692,36,3
2022-12-16,483,110,29,3,533,137,670,35,3
2022-12-17,370,132,21,5,546,141,686,35,4
2022-12-18,328,139,32,5,555,144,699,36,3
2022-12-19,707,169,51,5,542,145,688,38,4
2022-12-20,642,164,29,5,529,141,670,35,4
2022-12-21,621,140,39,4,522,139,661,35,4
2022-12-22,545,123,31,6,528,140,668,33,5
2022-12-23,438,119,34,5,522,141,662,34,5
2022-12-24,153,77,21,3,491,133,624,34,5
2022-12-25,146,60,31,2,465,122,586,34,4
2022-12-26,380,146,39,5,418,118,536,32,4
2022-12-27,510,142,36,5,399,115,514,33,4
2022-12-28,517,147,34,5,384,116,500,32,4
2022-12-29,508,136,43,7,379,118,497,34,5
2022-12-30,464,131,58,4,383,120,502,37,4
2022-12-31,229,83,33,6,393,121,514,39,5
2023-01-01,164,74,35,4,396,123,519,40,5
2023-01-02,461,151,34,7,408,123,531,39,5
2023-01-03,677,180,39,3,431,129,560,39,5
2023-01-04,592,156,25,1,442,130,572,38,5
2023-01-05,510,136,39,3,442,130,573,38,4
2023-01-06,462,140,31,6,442,131,574,34,4
2023-01-07,269,91,28,6,448,133,580,33,4
2023-01-08,250,106,31,3,460,137,597,32,4
2023-01-09,498,120,28,6,465,133,598,32,4
2023-01-10,421,91,43,2,429,120,549,32,4
2023-01-11,361,91,27,4,396,111,507,32,4
2023-01-12,365,79,23,3,375,103,478,30,4
2023-01-13,312,83,29,3,354,94,448,30,4
2023-01-14,203,63,24,4,344,90,435,29,4
2023-01-15,179,81,25,3,334,87,421,28,4
2023-01-16,278,71,19,2,303,80,383,27,3
2023-01-17,395,99,20,4,299,81,380,24,3
2023-01-18,298,88,33,1,290,81,371,25,3
2023-01-19,304,69,25,0,281,79,360,25,2
2023-01-20,326,84,36,4,283,79,363,26,3
2023-01-21,135,57,15,4,274,78,352,25,3
2023-01-22,159,49,18,2,271,74,345,24,2
2023-01-23,338,86,27,5,279,76,355,25,3
2023-01-24,305,75,16,3,266,73,339,24,3
2023-01-25,278,70,20,2,264,70,334,22,3
2023-01-26,278,49,18,0,260,67,327,21,3
2023-01-27,258,54,17,4,250,63,313,19,3
2023-01-28,152,47,17,2,253,61,314,19,3
2023-01-29,131,40,13,7,249,60,309,18,3
2023-01-30,322,58,22,1,246,56,302,18,3
2023-01-31,269,50,18,3,241,53,294,18,3
2023-02-01,221,49,19,3,233,50,283,18,3
2023-02-02,204,59,21,4,222,51,273,18,3
2023-02-03,176,35,12,4,211,48,259,17,3
2023-02-04,85,36,16,2,201,47,248,17,3
2023-02-05,94,50,21,3,196,48,244,18,3
2023-02-06,309,52,12,4,194,47,241,17,3
2023-02-07,229,46,17,1,188,47,235,17,3
2023-02-08,215,47,21,1,187,46,234,17,3
2023-02-09,171,40,22,3,183,44,226,17,3
2023-02-10,179,32,19,6,183,43,226,18,3
2023-02-11,118,32,15,1,188,43,231,18,3
2023-02-12,94,42,6,2,188,42,229,16,3
2023-02-13,239,61,19,3,178,43,221,17,2
2023-02-14,207,56,10,0,175,44,219,16,2
2023-02-15,193,51,18,4,172,45,216,16,3
2023-02-16,188,42,10,2,174,45,219,14,3
2023-02-17,111,19,10,0,164,43,208,13,2
2023-02-18,102,45,13,3,162,45,207,12,2
2023-02-19,73,25,10,1,159,43,202,13,2
2023-02-20,133,36,12,1,144,39,183,12,2
2023-02-21,187,52,11,2,141,39,180,12,2
2023-02-22,119,35,5,0,130,36,167,10,1
2023-02-23,138,33,14,1,123,35,158,11,1
2023-02-24,119,38,10,1,124,38,162,11,1
2023-02-25,64,24,8,1,119,35,154,10,1
2023-02-26,77,24,4,2,120,35,154,9,1
2023-02-27,197,44,2,2,129,36,164,8,1
2023-02-28,101,27,8,2,116,32,149,7,1
2023-03-01,114,39,9,0,116,33,148,8,1
2023-03-02,111,28,7,6,112,32,144,7,2
2023-03-03,104,20,4,1,110,29,139,6,2
2023-03-04,62,19,6,1,109,29,138,6,2
2023-03-05,38,22,3,0,104,28,132,6,2
2023-03-06,119,26,9,1,93,26,119,7,2
2023-03-07,92,24,13,1,91,25,117,7,1
2023-03-08,105,26,10,0,90,24,114,7,1
2023-03-09,81,19,11,2,86,22,108,8,1
2023-03-10,70,23,6,0,81,23,104,8,1
2023-03-11,40,4,7,1,78,21,98,8,1
2023-03-12,45,25,2,0,79,21,100,8,1
2023-03-13,96,27,11,1,76,21,97,9,1
2023-03-14,72,19,1,0,73,20,93,7,1
2023-03-15,82,26,2,2,69,20,90,6,1
2023-03-16,87,25,8,0,70,21,92,5,1
2023-03-17,71,22,8,0,70,21,92,6,1
2023-03-18,40,24,10,0,70,24,94,6,0
2023-03-19,39,25,8,0,70,24,94,7,0
2023-03-20,102,29,5,1,70,24,95,6,0
2023-03-21,84,25,8,0,72,25,97,7,0
2023-03-22,79,22,8,2,72,25,96,8,0
2023-03-23,75,18,8,1,70,24,94,8,1
2023-03-24,86,12,3,0,72,22,94,7,1
2023-03-25,41,19,5,1,72,21,94,6,1
2023-03-26,43,21,6,1,73,21,94,6,1
2023-03-27,85,18,7,0,70,19,90,6,1
2023-03-28,83,27,6,2,70,20,90,6,1
2023-03-29,84,21,7,0,71,19,90,6,1
2023-03-30,65,27,11,2,70,21,90,6,1
2023-03-31,55,29,3,2,65,23,88,6,1
2023-04-01,35,12,5,0,64,22,86,6,1
2023-04-02,35,25,1,0,63,23,86,6,1
2023-04-03,75,25,5,0,62,24,85,5,1
2023-04-04,79,26,7,0,61,24,85,6,1
2023-04-05,69,21,7,1,59,24,83,6,1
2023-04-06,44,20,4,0,56,23,79,5,0
2023-04-07,49,12,2,1,55,20,75,4,0
2023-04-08,30,11,1,1,54,20,74,4,0
2023-04-09,25,19,2,0,53,19,72,4,0
2023-04-10,79,15,4,1,54,18,71,4,1
2023-04-11,60,19,12,0,51,17,68,5,1
2023-04-12,49,28,5,1,48,18,66,4,1
2023-04-13,61,18,4,0,50,17,68,4,1
2023-04-14,47,9,4,0,50,17,67,5,0
2023-04-15,35,14,9,0,51,17,68,6,0
2023-04-16,31,20,5,0,52,18,69,6,0
2023-04-17,63,33,6,0,49,20,70,6,0
2023-04-18,53,18,6,0,48,20,68,6,0
2023-04-19,52,23,5,0,49,19,68,6,0
2023-04-20,49,16,3,2,47,19,66,5,0
2023-04-21,44,12,3,1,47,19,66,5,0
2023-04-22,29,22,6,0,46,21,66,5,0
2023-04-23,20,23,3,0,44,21,65,5,0
2023-04-24,66,16,9,0,45,19,63,5,0
2023-04-25,55,24,3,0,45,19,64,5,0
2023-04-26,44,22,3,1,44,19,63,4,1
2023-04-27,64,18,10,0,46,20,66,5,0
2023-04-28,55,15,4,2,48,20,68,5,0
2023-04-29,24,25,2,0,47,20,67,5,0
2023-04-30,18,9,5,0,47,18,65,5,0
2023-05-01,53,32,9,0,45,21,65,5,0
2023-05-02,50,25,1,0,44,21,65,5,0
2023-05-03,53,13,3,0,45,20,65,5,0
2023-05-04,44,18,5,0,42,20,62,4,0
2023-05-05,44,25,3,0,41,21,62,4,0
2023-05-06,25,29,3,0,41,22,63,4,0
2023-05-07,35,14,5,0,43,22,66,4,0
2023-05-08,52,25,7,0,43,21,65,4,0
2023-05-09,46,22,1,0,43,21,64,4,0
2023-05-10,49,10,2,0,42,20,63,4,0
2023-05-11,54,35,9,0,44,23,66,4,0
2023-05-12,42,26,4,0,43,23,66,4,0
2023-05-13,27,18,3,0,44,21,65,4,0
2023-05-14,22,22,3,0,42,23,64,4,0
2023-05-15,54,33,7,0,42,24,66,4,0
2023-05-16,54,26,6,1,43,24,67,5,0
2023-05-17,42,28,5,0,42,27,69,5,0
2023-05-18,58,19,5,0,43,25,67,5,0
2023-05-19,38,17,4,0,42,23,65,5,0
2023-05-20,26,18,2,0,42,23,65,5,0
2023-05-21,23,21,6,2,42,23,65,5,0
2023-05-22,72,38,10,0,45,24,69,5,0
2023-05-23,57,23,7,0,45,23,69,6,0
2023-05-24,60,26,8,1,48,23,71,6,0
2023-05-25,54,21,7,0,47,23,71,6,0
2023-05-26,45,20,2,0,48,24,72,6,0
2023-05-27,23,28,1,0,48,25,73,6,0
2023-05-28,25,21,7,0,48,25,73,6,0
2023-05-29,31,19,5,0,42,23,65,5,0
2023-05-30,64,34,6,1,43,24,67,5,0
2023-05-31,53,22,4,1,42,24,66,5,0
2023-06-01,60,28,9,0,43,25,68,5,0
2023-06-02,44,23,4,0,43,25,68,5,0
2023-06-03,27,24,5,0,43,24,68,6,0
2023-06-04,24,18,3,0,43,24,67,5,0
2023-06-05,55,28,3,1,47,25,72,5,0
2023-06-06,39,25,1,0,43,24,67,4,0
2023-06-07,28,16,2,0,40,23,63,4,0
2023-06-08,48,15,5,0,38,21,59,3,0
2023-06-09,40,16,6,0,37,20,58,4,0
2023-06-10,23,18,3,0,37,19,56,3,0
2023-06-11,18,24,3,0,36,20,56,3,0
2023-06-12,53,29,6,0,36,20,56,4,0
2023-06-13,47,29,5,0,37,21,58,4,0
2023-06-14,39,34,4,1,38,24,62,5,0
2023-06-15,40,21,1,0,37,24,62,4,0
2023-06-16,27,21,2,0,35,25,60,3,0
2023-06-17,25,12,5,0,36,24,60,4,0
2023-06-18,20,18,4,0,36,23,59,4,0
2023-06-19,26,12,6,0,32,21,53,4,0
2023-06-20,36,18,4,0,30,19,50,4,0
2023-06-21,44,20,3,0,31,17,49,4,0
2023-06-22,38,19,1,0,31,17,48,4,0
2023-06-23,21,17,4,0,30,17,47,4,0
2023-06-24,18,17,3,0,29,17,46,4,0
2023-06-25,29,12,7,0,30,16,47,4,0
2023-06-26,38,24,5,0,32,18,50,4,0
2023-06-27,61,32,0,0,36,20,56,3,0
2023-06-28,40,25,2,1,35,21,56,3,0
2023-06-29,41,26,3,0,35,22,57,3,0
2023-06-30,38,18,4,0,38,22,60,3,0
2023-07-01,19,28,2,0,38,24,62,3,0
2023-07-02,33,19,4,0,39,25,63,3,0
2023-07-03,25,27,1,0,37,25,62,2,0
2023-07-04,17,11,2,0,30,22,52,3,0
2023-07-05,54,19,7,0,32,21,54,3,0
2023-07-06,46,18,7,1,33,20,53,4,0
2023-07-07,38,21,2,0,33,20,54,4,0
2023-07-08,31,25,3,0,35,20,55,4,0
2023-07-09,23,17,5,0,33,20,53,4,0
2023-07-10,64,29,3,0,39,20,59,4,0
2023-07-11,78,23,3,0,48,22,69,4,0
2023-07-12,56,23,4,0,48,22,70,4,0
2023-07-13,120,30,3,0,59,24,83,3,0
2023-07-14,83,31,9,0,65,25,90,4,0
2023-07-15,25,27,1,0,64,26,90,4,0
2023-07-16,30,20,8,0,65,26,91,4,0
2023-07-17,59,48,3,0,64,29,93,4,0
2023-07-18,51,33,8,0,61,30,91,5,0
2023-07-19,58,45,3,0,61,33,94,5,0
2023-07-20,54,47,6,0,51,36,87,5,0
2023-07-21,57,40,6,0,48,37,85,5,0
2023-07-22,35,24,9,0,49,37,86,6,0
2023-07-23,40,30,3,0,51,38,89,5,0
2023-07-24,83,75,3,0,54,42,96,5,0
2023-07-25,71,60,8,1,57,46,103,5,0
2023-07-26,67,49,3,1,58,46,105,5,0
2023-07-27,73,47,7,0,61,46,107,6,0
2023-07-28,71,49,1,1,63,48,111,5,0
2023-07-29,44,45,3,0,64,51,115,4,0
2023-07-30,46,49,16,0,65,53,118,6,0
2023-07-31,124,70,17,0,71,53,124,8,0
2023-08-01,98,61,11,0,75,53,128,8,0
2023-08-02,98,66,9,0,79,55,134,9,0
2023-08-03,100,68,12,0,83,58,141,10,0
2023-08-04,99,87,14,1,87,64,151,12,0
2023-08-05,76,65,9,0,92,67,158,13,0
2023-08-06,63,58,10,0,94,68,162,12,0
2023-08-07,137,83,17,0,96,70,166,12,0
2023-08-08,145,98,12,0,103,75,178,12,0
2023-08-09,141,93,4,0,109,79,188,11,0
2023-08-10,139,76,17,3,114,80,194,12,1
2023-08-11,147,80,16,0,121,79,200,12,0
2023-08-12,80,64,7,0,122,79,201,12,0
2023-08-13,81,65,12,0,124,80,204,12,0
2023-08-14,175,104,17,1,130,83,213,12,1
2023-08-15,148,83,16,0,130,81,211,13,1
2023-08-16,136,91,13,0,129,80,210,14,1
2023-08-17,109,91,8,0,125,83,208,13,0
2023-08-18,114,73,11,0,120,82,202,12,0
2023-08-19,81,62,14,0,121,81,202,13,0
2023-08-20,68,76,12,0,119,83,202,13,0
2023-08-21,163,104,8,1,117,83,200,12,0
2023-08-22,162,95,18,0,119,85,204,12,0
2023-08-23,169,82,12,0,124,83,207,12,0
2023-08-24,133,92,9,1,127,83,211,12,0
2023-08-25,138,69,13,1,131,83,213,12,0
2023-08-26,73,63,7,1,129,83,212,11,1
2023-08-27,91,73,8,1,133,83,215,11,1
2023-08-28,206,110,16,0,139,83,222,12,1
2023-08-29,168,90,15,0,140,83,222,11,1
2023-08-30,164,82,15,0,139,83,222,12,1
2023-08-31,153,75,8,1,142,80,222,12,1
2023-09-01,125,61,11,2,140,79,219,11,1
2023-09-02,83,57,15,1,141,78,220,13,1
2023-09-03,102,60,12,0,143,76,219,13,1
2023-09-04,79,78,10,1,125,72,197,12,1
2023-09-05,203,130,15,0,130,78,207,12,1
2023-09-06,188,109,21,0,133,81,215,13,1
2023-09-07,168,112,21,0,135,87,222,15,1
2023-09-08,162,79,14,1,141,89,230,15,0
2023-09-09,95,65,10,0,142,90,233,15,0
2023-09-10,88,72,14,0,140,92,233,15,0
2023-09-11,164,81,9,1,153,93,245,15,0
2023-09-12,196,102,15,1,152,89,240,15,0
2023-09-13,171,103,20,1,149,88,237,15,1
2023-09-14,179,97,12,0,151,86,236,13,1
2023-09-15,143,83,10,0,148,86,234,13,0
2023-09-16,100,83,13,2,149,89,237,13,1
2023-09-17,112,56,9,0,152,86,239,13,1
2023-09-18,228,111,17,0,161,91,252,14,1
2023-09-19,214,90,15,2,164,89,253,14,1
2023-09-20,176,105,17,2,165,89,254,13,1
2023-09-21,181,95,17,1,165,89,254,14,1
2023-09-22,155,88,17,1,167,90,256,15,1
2023-09-23,85,58,10,0,164,86,251,15,1
2023-09-24,105,79,11,0,163,89,253,15,1
2023-09-25,174,101,16,0,156,88,244,15,1
2023-09-26,179,91,14,1,151,88,239,15,1
2023-09-27,158,101,14,2,148,88,236,14,1
2023-09-28,145,80,10,0,143,85,228,13,1
2023-09-29,108,45,12,1,136,79,216,12,1
2023-09-30,91,55,18,1,137,79,216,14,1
2023-10-01,102,69,13,1,137,77,214,14,1
2023-10-02,170,77,17,2,136,74,210,14,1
2023-10-03,160,104,17,2,133,76,209,14,1
2023-10-04,156,82,11,2,133,73,206,14,1
2023-10-05,113,63,11,0,129,71,199,14,1
2023-10-06,122,56,14,1,131,72,203,14,1
2023-10-07,61,42,12,1,126,70,197,14,1
2023-10-08,73,46,6,3,122,67,189,13,2
2023-10-09,106,74,6,1,113,67,180,11,1
2023-10-10,116,58,10,1,107,60,167,10,1
2023-10-11,107,72,12,1,100,59,158,10,1
2023-10-12,113,43,11,0,100,56,156,10,1
2023-10-13,87,47,11,1,95,55,149,10,1
2023-10-14,44,28,8,0,92,53,145,9,1
2023-10-15,50,43,14,0,89,52,141,10,1
2023-10-16,113,51,6,0,90,49,139,10,0
2023-10-17,108,54,7,0,89,48,137,10,0
2023-10-18,97,37,11,0,87,43,131,10,0
2023-10-19,91,47,8,1,84,44,128,9,0
2023-10-20,83,36,13,0,84,42,126,10,0
2023-10-21,49,44,9,1,84,45,129,10,0
2023-10-22,38,29,4,1,83,43,125,8,0
2023-10-23,91,49,13,1,80,42,122,9,1
2023-10-24,93,42,16,0,77,41,118,11,1
2023-10-25,93,67,12,0,77,45,122,11,1
2023-10-26,52,51,11,1,71,45,117,11,1
2023-10-27,71,44,9,2,70,47,116,11,1
2023-10-28,34,40,5,0,67,46,113,10,1
2023-10-29,35,25,3,2,67,45,112,10,1
2023-10-30,64,46,8,0,63,45,108,9,1
2023-10-31,61,49,5,3,59,46,105,8,1
2023-11-01,51,33,3,0,53,41,94,6,1
2023-11-02,48,38,3,0,52,39,91,5,1
2023-11-03,49,37,7,2,49,38,87,5,1
2023-11-04,23,32,1,0,47,37,84,4,1
2023-11-05,28,44,1,0,46,40,86,4,1
2023-11-06,76,50,3,1,48,40,88,3,1
2023-11-07,62,39,8,0,48,39,87,4,0
2023-11-08,68,54,10,1,51,42,93,5,1
2023-11-09,74,63,7,0,54,46,100,5,1
2023-11-10,64,51,8,1,56,48,104,5,0
2023-11-11,25,46,4,1,57,50,106,6,1
2023-11-12,46,38,10,1,59,49,108,7,1
2023-11-13,76,69,11,0,59,51,111,8,1
2023-11-14,81,66,7,0,62,55,117,8,1
2023-11-15,63,74,7,0,61,58,119,8,0
2023-11-16,83,62,6,0,63,58,121,8,0
2023-11-17,70,63,11,0,63,60,123,8,0
2023-11-18,39,41,7,0,65,59,124,8,0
2023-11-19,43,72,7,0,65,64,129,8,0
2023-11-20,87,81,6,0,67,66,132,7,0
2023-11-21,77,79,9,0,66,67,133,8,0
2023-11-22,87,68,6,0,69,67,136,7,0
2023-11-23,35,39,6,1,63,63,126,7,0
2023-11-24,74,66,15,2,63,64,127,8,0
2023-11-25,51,61,10,1,65,67,131,8,1
2023-11-26,54,63,10,2,66,65,132,9,1
2023-11-27,146,119,16,0,75,71,146,10,1
2023-11-28,111,84,7,0,80,71,151,10,1
2023-11-29,101,96,5,0,82,75,157,10,1
2023-11-30,87,81,9,0,89,81,171,10,1
2023-12-01,93,54,20,0,92,80,172,11,0
2023-12-02,68,58,11,0,94,79,174,11,0
2023-12-03,74,43,15,2,97,76,174,12,0
2023-12-04,125,82,19,0,94,71,165,12,0
2023-12-05,121,72,9,2,96,69,165,13,1
2023-12-06,126,90,14,0,99,69,168,14,1
2023-12-07,130,72,10,1,105,67,173,14,1
2023-12-08,125,67,7,1,110,69,179,12,1
2023-12-09,84,75,16,0,112,72,184,13,1
2023-12-10,105,85,14,0,117,78,194,13,1
2023-12-11,179,110,11,2,124,82,206,12,1
2023-12-12,165,124,23,2,131,89,220,14,1
2023-12-13,166,125,14,0,136,94,230,14,1
2023-12-14,171,130,15,0,142,102,244,14,1
2023-12-15,184,129,16,1,151,111,262,16,1
2023-12-16,107,106,21,0,154,116,269,16,1
2023-12-17,143,121,17,2,159,121,280,17,1
2023-12-18,271,208,18,1,172,135,307,18,1
2023-12-19,268,79,31,3,187,128,315,19,1
2023-12-20,276,197,27,1,203,139,341,21,1
2023-12-21,238,183,17,1,212,146,359,21,1
2023-12-22,207,159,17,0,216,150,366,21,1
2023-12-23,151,167,17,1,222,159,381,21,1
2023-12-24,155,118,26,2,224,159,382,22,1
2023-12-25,124,99,24,1,203,143,346,23,1
2023-12-26,302,229,38,0,208,165,372,24,1
2023-12-27,302,174,27,1,211,161,373,24,1
2023-12-28,253,183,31,0,213,161,375,26,1
2023-12-29,270,179,40,1,222,164,387,29,1
2023-12-30,189,134,29,1,228,159,387,31,1
2023-12-31,154,110,21,1,228,158,386,30,1
2024-01-01,168,68,30,2,234,154,388,31,1
2024-01-02,316,193,38,4,236,149,385,31,1
2024-01-03,329,165,36,1,240,147,387,32,1
2024-01-04,307,196,33,1,248,149,397,32,2
2024-01-05,273,161,38,0,248,147,395,32,1
2024-01-06,161,129,27,4,244,146,390,32,2
2024-01-07,152,125,22,1,244,148,392,32,2
2024-01-08,278,170,30,1,259,163,422,32,2
2024-01-09,257,112,24,2,251,151,402,30,1
2024-01-10,242,164,32,2,239,151,390,29,2
2024-01-11,225,128,26,4,227,141,368,28,2
2024-01-12,198,124,30,3,216,136,352,27,2
2024-01-13,118,74,18,2,210,128,338,26,2
2024-01-14,110,92,24,0,204,123,327,26,2
2024-01-15,159,103,22,2,187,114,301,25,2
2024-01-16,180,106,23,5,176,113,289,25,3
2024-01-17,175,92,17,1,166,103,269,23,2
2024-01-18,180,95,16,2,160,98,258,21,2
2024-01-19,149,70,12,1,153,90,243,19,2
2024-01-20,89,71,20,1,149,90,239,19,2
2024-01-21,85,95,15,1,145,90,236,18,2
2024-01-22,202,89,16,0,151,88,240,17,2
2024-01-23,174,88,16,3,151,86,236,16,1
2024-01-24,158,74,19,3,148,83,231,16,2
2024-01-25,147,71,16,0,143,80,223,16,1
2024-01-26,127,78,20,2,140,81,221,17,1
2024-01-27,69,58,11,5,137,79,216,16,2
2024-01-28,66,44,14,1,135,72,206,16,2
2024-01-29,152,89,15,2,128,72,199,16,2
2024-01-30,129,99,14,1,121,73,194,16,2
2024-01-31,126,68,13,0,117,72,189,15,2
2024-02-01,122,79,13,1,113,74,187,14,2
2024-02-02,100,65,13,2,109,72,181,13,2
2024-02-03,65,44,11,1,109,70,178,13,1
2024-02-04,62,53,7,0,108,71,179,12,1
2024-02-05,124,66,17,0,104,68,172,13,1
2024-02-06,94,60,13,0,99,62,161,12,1
2024-02-07,94,63,15,0,94,61,156,13,1
2024-02-08,106,63,13,0,92,59,151,13,0
2024-02-09,91,52,13,1,91,57,148,13,0
2024-02-10,51,42,11,1,89,57,146,13,0
2024-02-11,38,52,10,1,85,57,142,13,0
2024-02-12,116,45,16,0,84,54,138,13,0
2024-02-13,49,39,5,1,78,51,129,12,1
2024-02-14,65,54,8,0,74,50,123,11,1
2024-02-15,71,51,10,0,69,48,117,10,1
2024-02-16,61,38,8,2,64,46,110,10,1
2024-02-17,30,22,6,1,61,43,104,9,1
2024-02-18,43,21,12,2,62,39,101,9,1
2024-02-19,47,36,10,0,52,37,90,8,1
2024-02-20,55,33,5,1,53,36,90,8,1
2024-02-21,61,31,14,1,53,33,86,9,1
2024-02-22,76,28,17,0,53,30,83,10,1
2024-02-23,37,20,8,0,50,27,77,10,1
2024-02-24,34,27,7,0,50,28,78,10,1
2024-02-25,29,26,7,0,48,29,77,10,0
2024-02-26,50,35,8,0,49,29,77,9,0
2024-02-27,50,30,5,1,48,28,76,9,0
2024-02-28,41,23,7,0,45,27,72,8,0
2024-02-29,40,25,2,0,40,27,67,6,0
2024-03-01,38,27,4,1,40,28,68,6,0
2024-03-02,27,14,6,1,39,26,65,6,0
2024-03-03,19,8,6,0,38,23,61,5,0
2024-03-04,51,22,8,0,38,21,59,5,0
2024-03-05,38,26,7,0,36,21,57,6,0
2024-03-06,33,18,5,1,35,20,55,5,0
2024-03-07,30,20,1,1,34,19,53,5,1
2024-03-08,21,14,2,0,31,17,49,5,0
2024-03-09,15,9,0,0,30,17,46,4,0
2024-03-10,15,14,4,1,29,18,47,4,0
2024-03-11,25,24,5,0,25,18,43,3,0
2024-03-12,38,19,1,0,25,17,42,3,0
2024-03-13,35,14,7,0,26,16,42,3,0
2024-03-14,27,14,8,0,25,15,41,4,0
2024-03-15,23,16,4,2,25,16,41,4,0
2024-03-16,6,16,2,0,24,17,41,4,0
2024-03-17,19,10,3,0,25,16,41,4,0
2024-03-18,31,22,2,0,26,16,41,4,0
2024-03-19,26,12,4,0,24,15,39,4,0
2024-03-20,23,20,9,0,22,16,38,5,0
2024-03-21,23,14,3,0,22,16,37,4,0
2024-03-22,20,16,1,1,21,16,37,3,0
2024-03-23,11,10,4,1,22,15,37,4,0
2024-03-24,12,13,5,0,21,15,36,4,0
2024-03-25,28,21,6,0,20,15,36,5,0
2024-03-26,27,20,3,1,21,16,37,4,0
2024-03-27,16,14,1,0,20,15,35,3,0
2024-03-28,21,15,5,0,19,16,35,4,0
2024-03-29,30,11,4,0,21,15,36,4,0
2024-03-30,17,19,2,0,22,16,38,4,0
2024-03-31,10,17,4,0,21,17,38,4,0
2024-04-01,22,19,1,0,20,16,37,3,0
2024-04-02,22,17,1,0,20,16,36,3,0
2024-04-03,24,13,7,0,21,16,37,3,0
2024-04-04,30,16,6,0,22,16,38,4,0
2024-04-05,19,17,5,0,21,17,37,4,0
2024-04-06,12,7,1,0,20,15,35,4,0
2024-04-07,15,13,3,1,21,15,35,3,0
2024-04-08,25,10,5,0,21,13,34,4,0
2024-04-09,23,23,4,0,21,14,35,4,0
2024-04-10,25,13,2,0,21,14,35,4,0
2024-04-11,27,10,3,0,21,13,34,3,0
2024-04-12,20,13,3,1,21,13,34,3,0
2024-04-13,13,21,3,0,21,15,36,3,0
2024-04-14,9,4,3,0,20,13,34,3,0
2024-04-15,36,21,5,0,22,15,37,3,0
2024-04-16,27,18,4,0,22,14,37,3,0
2024-04-17,20,17,6,0,22,15,37,4,0
2024-04-18,31,16,2,0,22,16,38,4,0
2024-04-19,25,17,5,0,23,16,39,4,0
2024-04-20,16,8,3,0,23,14,38,4,0
2024-04-21,15,9,2,0,24,15,39,4,0
2024-04-22,31,12,2,0,24,14,37,3,0
2024-04-23,16,19,4,0,22,14,36,3,0
2024-04-24,26,19,7,0,23,14,37,4,0
2024-04-25,22,21,5,0,22,15,37,4,0
2024-04-26,17,18,1,0,20,15,36,3,0
2024-04-27,9,16,0,0,19,16,36,3,0
2024-04-28,16,21,2,0,20,18,38,3,0
2024-04-29,27,2,0,0,19,17,36,3,0
